#,nombre archivo,Colección,dspace.entity.type,dc.contributor.entity ,dc.ciudad,dc.date.issued,dc.description.tableofcontents,dc.format,dc.format.extent,dc.format.medium,dc.subject,dc.type,dc.type.evento,fia.catalogador,fia.clasificacionlocal,fia.comuna,fia.convocatoria,fia.desafio-estrategico,fia.ejecucion,fia.especie,fia.iniciativa,fia.linea-de-accion,fia.notageneral,fia.participacion,fia.provincia,fia.realizacion,fia.region,fia.rubro,fia.sector,fia.subsector,fia.tema,dc.title,dc.title.alternative,dc.description,dc.description.abstract
1,COC-2016-0429_1.JPG,Fotografías,Fotografía,Fundación para la Innovación Agraria (FIA),Victoria,2016,1 Fotografía.,imagen/jpg,2448 x 3264 píxeles,"2,33 MB",OVINOS || IDENTIDAD TERRITORIAL || PRODUCCIÓN ARTESANAL || LANA || TEXTIL || PRODUCTOS || COMPETITIVIDAD,Fotografías,Consultorías,iag,COC-2016-0429,Victoria,Convocatoria Nacional 2016 Consultorías para la innovación,Procesos Innovadores,Región de La Araucanía,General para rubro Ovinos de lana [General para rubro Ovinos de lana],Consultoría COC-2016-0429,Sistemas productivos intensivos,"Esta fotografía esta asociada a la Consultoría COC-2016-0429 “ Mejorando la competitividad de la cadena de valor ovina a través de la innovación en la intervención y transformación del proceso productivo artesanal de la lana, asociada a la elaboración de textilería con identidad”.",Región de La Araucanía,Malleco,Región de La Araucanía,Región de La Araucanía,Ovinos de lana,Otros productos (elaborados),Textiles,Calidad || Extensión y difusión tecnológica || Gestión || Artesanía / producto artesanal || Manejo productivo,Textilería artesanal con diseño indígena.,Elaboración de textilería con lana de oveja.,"Muestra un tejido artesanal en tonos rojos y verdes, con un diseño geométrico en negro. La pieza textil está elaborada con lana de oveja, destacando la técnica de telar. Se observa un enfoque en la identidad cultural a través del uso de patrones tradicionales. El entorno incluye materiales de lana en diferentes colores, evidenciando el proceso de producción textil.","La imagen resalta la importancia de la textilería artesanal en la cadena de valor ovina, promoviendo la identidad cultural y la innovación en el proceso productivo."
1,COC-2016-0429_1.JPG,Fotografías,Fotografía,Fundación para la Innovación Agraria (FIA),Victoria,2016,1 Fotografía.,imagen/jpg,3264 x 2448 píxeles,"2,33 MB",OVINOS || IDENTIDAD TERRITORIAL || PRODUCCIÓN ARTESANAL || LANA || TEXTIL || PRODUCTOS || COMPETITIVIDAD,Fotografías,Consultorías,iag,COC-2016-0429,Victoria,Convocatoria Nacional 2016 Consultorías para la innovación,Procesos Innovadores,Región de La Araucanía,General para rubro Ovinos de lana [General para rubro Ovinos de lana],Consultoría COC-2016-0429,Sistemas productivos intensivos,"Esta fotografía está asociada a la Consultoría COC-2016-0429 “Mejorando la competitividad de la cadena de valor ovina a través de la innovación en la intervención y transformación del proceso productivo artesanal de la lana, asociada a la elaboración de textilería con identidad territorial”.",Región de La Araucanía,Malleco,Región de La Araucanía,Región de La Araucanía,Ovinos de lana,Otros productos (elaborados),Textiles,Calidad || Extensión y difusión tecnológica || Gestión || Artesanía / producto artesanal || Manejo productivo,Textilería artesanal con lana de oveja.,Elaboración de tejido con identidad territorial.,"Tejido artesanal elaborado con lana de oveja, presentando un diseño geométrico en tonos rojos y negros. La pieza textil se encuentra sobre un fondo de otros materiales, evidenciando el uso de técnicas tradicionales de telar. El diseño refleja la identidad cultural y territorial de la comunidad productora, destacando la importancia de la innovación en la cadena de valor ovina.","La imagen ilustra el proceso de elaboración de textilería artesanal, resaltando la relevancia de la lana de oveja en la producción textil y su conexión con la identidad cultural local."
2,COC-2016-0429_10.JPG,Fotografías,Fotografía,Fundación para la Innovación Agraria (FIA),Victoria,2016,1 Fotografía.,imagen/jpg,3264 x 2448 píxeles,"2,76 MB",OVINOS || IDENTIDAD TERRITORIAL || PRODUCCIÓN ARTESANAL || LANA || TEXTIL || PRODUCTOS || COMPETITIVIDAD,Fotografías,Consultorías,iag,COC-2016-0429,Victoria,Convocatoria Nacional 2016 Consultorías para la innovación,Procesos Innovadores,Región de La Araucanía,General para rubro Ovinos de lana [General para rubro Ovinos de lana],Consultoría COC-2016-0429,Sistemas productivos intensivos,"Esta fotografía está asociada a la Consultoría COC-2016-0429 “Mejorando la competitividad de la cadena de valor ovina a través de la innovación en la intervención y transformación del proceso productivo artesanal de la lana, asociada a la elaboración de textilería con identidad territorial”.",Región de La Araucanía,Malleco,Región de La Araucanía,Región de La Araucanía,Ovinos de lana,Otros productos (elaborados),Textiles,Calidad || Extensión y difusión tecnológica || Gestión || Artesanía / producto artesanal || Manejo productivo,Teñido de lana con colorantes naturales.,Proceso de teñido de lana en olla.,"Proceso de teñido de lana de oveja utilizando colorantes naturales en una olla sobre un fogón. La artesana, con una cuchara de madera, mezcla la lana en el líquido teñido. El entorno es un espacio exterior con un fondo de muro de ladrillo y vegetación. Se observa un fogón de metal que proporciona calor para el proceso de teñido.","El teñido de lana es una etapa crucial en la producción de textilería artesanal, contribuyendo a la identidad territorial y a la competitividad de la cadena de valor ovina."
3,COC-2016-0429_100.JPG,Fotografías,Fotografía,Fundación para la Innovación Agraria (FIA),Victoria,2016,1 Fotografía.,imagen/jpg,3264 x 2448 píxeles,"1,27 MB",OVINOS || IDENTIDAD TERRITORIAL || PRODUCCIÓN ARTESANAL || LANA || TEXTIL || PRODUCTOS || COMPETITIVIDAD,Fotografías,Consultorías,iag,COC-2016-0429,Victoria,Convocatoria Nacional 2016 Consultorías para la innovación,Procesos Innovadores,Región de La Araucanía,General para rubro Ovinos de lana [General para rubro Ovinos de lana],Consultoría COC-2016-0429,Sistemas productivos intensivos,"Esta fotografía está asociada a la Consultoría COC-2016-0429 “Mejorando la competitividad de la cadena de valor ovina a través de la innovación en la intervención y transformación del proceso productivo artesanal de la lana, asociada a la elaboración de textilería con identidad territorial”.",Región de La Araucanía,Malleco,Región de La Araucanía,Región de La Araucanía,Ovinos de lana,Otros productos (elaborados),Textiles,Calidad || Extensión y difusión tecnológica || Gestión || Artesanía / producto artesanal || Manejo productivo,Entrega de certificado de capacitación.,Reconocimiento a la participación en el proyecto de textilería.,"Ceremonia de entrega de certificado a una artesana involucrada en el proyecto de mejora de la cadena de valor ovina. Se observa a un representante de la consultoría y a la artesana sosteniendo el documento, en un ambiente formal con fondo neutro. La entrega simboliza el reconocimiento de la capacitación en técnicas de transformación de la lana y el fortalecimiento de la identidad territorial.","La imagen destaca la importancia de la capacitación en el proceso productivo artesanal de la lana, contribuyendo a la competitividad de la cadena de valor ovina."
4,COC-2016-0429_101.JPG,Fotografías,Fotografía,Fundación para la Innovación Agraria (FIA),Victoria,2016,1 Fotografía.,imagen/jpg,3264 x 2448 píxeles,"1,83 MB",OVINOS || IDENTIDAD TERRITORIAL || PRODUCCIÓN ARTESANAL || LANA || TEXTIL || PRODUCTOS || COMPETITIVIDAD,Fotografías,Consultorías,iag,COC-2016-0429,Victoria,Convocatoria Nacional 2016 Consultorías para la innovación,Procesos Innovadores,Región de La Araucanía,General para rubro Ovinos de lana [General para rubro Ovinos de lana],Consultoría COC-2016-0429,Sistemas productivos intensivos,"Esta fotografía está asociada a la Consultoría COC-2016-0429 “Mejorando la competitividad de la cadena de valor ovina a través de la innovación en la intervención y transformación del proceso productivo artesanal de la lana, asociada a la elaboración de textilería con identidad territorial”.",Región de La Araucanía,Malleco,Región de La Araucanía,Región de La Araucanía,Ovinos de lana,Otros productos (elaborados),Textiles,Calidad || Extensión y difusión tecnológica || Gestión || Artesanía / producto artesanal || Manejo productivo,Entrega de certificado a artesana.,Reconocimiento a la labor de artesanas en textilería.,"Ceremonia de entrega de certificado a una artesana destacada en el proceso de elaboración de textilería con lana de oveja. La artesana sostiene un certificado en sus manos, mientras que una representante del proyecto le entrega el reconocimiento. El entorno incluye una presentación en pantalla y elementos textiles que reflejan la identidad territorial del trabajo artesanal.","La imagen documenta un momento clave en la valorización del trabajo artesanal en la cadena de valor ovina, resaltando la importancia del reconocimiento a las artesanas en el contexto de la innovación y mejora de procesos productivos."
5,COC-2016-0429_102.JPG,Fotografías,Fotografía,Fundación para la Innovación Agraria (FIA),Victoria,2016,1 Fotografía.,imagen/jpg,3264 x 2448 píxeles,"1,66 MB",OVINOS || IDENTIDAD TERRITORIAL || PRODUCCIÓN ARTESANAL || LANA || TEXTIL || PRODUCTOS || COMPETITIVIDAD,Fotografías,Consultorías,iag,COC-2016-0429,Victoria,Convocatoria Nacional 2016 Consultorías para la innovación,Procesos Innovadores,Región de La Araucanía,General para rubro Ovinos de lana [General para rubro Ovinos de lana],Consultoría COC-2016-0429,Sistemas productivos intensivos,"Esta fotografía está asociada a la Consultoría COC-2016-0429 “Mejorando la competitividad de la cadena de valor ovina a través de la innovación en la intervención y transformación del proceso productivo artesanal de la lana, asociada a la elaboración de textilería con identidad territorial”.",Región de La Araucanía,Malleco,Región de La Araucanía,Región de La Araucanía,Ovinos de lana,Otros productos (elaborados),Textiles,Calidad || Extensión y difusión tecnológica || Gestión || Artesanía / producto artesanal || Manejo productivo,Entrega de reconocimiento a artesana.,Ceremonia de premiación a la artesana textil.,"Interacción entre un representante del proyecto y una artesana, quien recibe un certificado de reconocimiento por su labor en la producción de textilería con lana de oveja. La escena se desarrolla en un ambiente formal, con un telón de fondo que incluye elementos textiles. La artesana exhibe una expresión de alegría y orgullo, reflejando el impacto positivo del proyecto en su trabajo.","La imagen captura un momento significativo en la valorización del trabajo artesanal, destacando la importancia de la innovación en la cadena de valor ovina y su contribución a la identidad territorial."
6,COC-2016-0429_103.JPG,Fotografías,Fotografía,Fundación para la Innovación Agraria (FIA),Victoria,2016,1 Fotografía.,imagen/jpg,3264 x 2448 píxeles,"1,93 MB",OVINOS || IDENTIDAD TERRITORIAL || PRODUCCIÓN ARTESANAL || LANA || TEXTIL || PRODUCTOS || COMPETITIVIDAD,Fotografías,Consultorías,iag,COC-2016-0429,Victoria,Convocatoria Nacional 2016 Consultorías para la innovación,Procesos Innovadores,Región de La Araucanía,General para rubro Ovinos de lana [General para rubro Ovinos de lana],Consultoría COC-2016-0429,Sistemas productivos intensivos,"Esta fotografía está asociada a la Consultoría COC-2016-0429 “Mejorando la competitividad de la cadena de valor ovina a través de la innovación en la intervención y transformación del proceso productivo artesanal de la lana, asociada a la elaboración de textilería con identidad territorial”.",Región de La Araucanía,Malleco,Región de La Araucanía,Región de La Araucanía,Ovinos de lana,Otros productos (elaborados),Textiles,Calidad || Extensión y difusión tecnológica || Gestión || Artesanía / producto artesanal || Manejo productivo,Entrega de certificación a artesana.,Reconocimiento a la labor artesanal en textilería.,"Ceremonia de entrega de un certificado a una artesana, destacando su participación en el proceso de mejora de la cadena de valor ovina. Se observa a un hombre entregando el documento a la mujer, quien viste un atuendo tradicional. El fondo presenta un telar y elementos de textilería, evidenciando el contexto artesanal y la identidad territorial del proyecto.",La imagen resalta el reconocimiento a las artesanas en el marco de un proyecto que busca fortalecer la competitividad de la cadena de valor de la lana a través de la innovación en procesos productivos artesanales.
7,COC-2016-0429_104.JPG,Fotografías,Fotografía,Fundación para la Innovación Agraria (FIA),Victoria,2016,1 Fotografía.,imagen/jpg,3264 x 2448 píxeles,"1,03 MB",OVINOS || IDENTIDAD TERRITORIAL || PRODUCCIÓN ARTESANAL || LANA || TEXTIL || PRODUCTOS || COMPETITIVIDAD,Fotografías,Consultorías,iag,COC-2016-0429,Victoria,Convocatoria Nacional 2016 Consultorías para la innovación,Procesos Innovadores,Región de La Araucanía,General para rubro Ovinos de lana [General para rubro Ovinos de lana],Consultoría COC-2016-0429,Sistemas productivos intensivos,"Esta fotografía está asociada a la Consultoría COC-2016-0429 “Mejorando la competitividad de la cadena de valor ovina a través de la innovación en la intervención y transformación del proceso productivo artesanal de la lana, asociada a la elaboración de textilería con identidad territorial”.",Región de La Araucanía,Malleco,Región de La Araucanía,Región de La Araucanía,Ovinos de lana,Otros productos (elaborados),Textiles,Calidad || Extensión y difusión tecnológica || Gestión || Artesanía / producto artesanal || Manejo productivo,Interacción en taller de textilería.,Asesoría en proceso de elaboración textil.,Interacción entre un asesor y una artesana durante un taller sobre la transformación del proceso productivo de la lana. Se observa la entrega de documentación que puede incluir pautas o técnicas para mejorar la competitividad en la cadena de valor ovina. El entorno es un espacio cerrado con un telón de fondo rojo y una muestra de textilería en exhibición.,"La imagen refleja un momento clave en la capacitación de artesanas, promoviendo la innovación en la elaboración de textilería con identidad territorial, en el marco de la consultoría para mejorar la competitividad de la cadena de valor ovina."
8,COC-2016-0429_105.JPG,Fotografías,Fotografía,Fundación para la Innovación Agraria (FIA),Victoria,2016,1 Fotografía.,imagen/jpg,3264 x 2448 píxeles,"1,11 MB",OVINOS || IDENTIDAD TERRITORIAL || PRODUCCIÓN ARTESANAL || LANA || TEXTIL || PRODUCTOS || COMPETITIVIDAD,Fotografías,Consultorías,iag,COC-2016-0429,Victoria,Convocatoria Nacional 2016 Consultorías para la innovación,Procesos Innovadores,Región de La Araucanía,General para rubro Ovinos de lana [General para rubro Ovinos de lana],Consultoría COC-2016-0429,Sistemas productivos intensivos,"Esta fotografía está asociada a la Consultoría COC-2016-0429 “Mejorando la competitividad de la cadena de valor ovina a través de la innovación en la intervención y transformación del proceso productivo artesanal de la lana, asociada a la elaboración de textilería con identidad territorial”.",Región de La Araucanía,Malleco,Región de La Araucanía,Región de La Araucanía,Ovinos de lana,Otros productos (elaborados),Textiles,Calidad || Extensión y difusión tecnológica || Gestión || Artesanía / producto artesanal || Manejo productivo,Entrega de reconocimiento a artesana.,Ceremonia de premiación a artesana textil.,"Ceremonia de entrega de un reconocimiento a una artesana que participa en el proyecto de mejora de la cadena de valor ovina. El evento se desarrolla en un espacio cerrado, con un telón de fondo rojo y una muestra de textilería en exhibición. La artesana sostiene un certificado, mientras que un representante del proyecto se encuentra a su lado, ambos posando para la fotografía.","La imagen documenta un momento significativo en el proceso de valorización de la textilería artesanal, destacando la importancia del reconocimiento a las habilidades de las artesanas en el contexto de la innovación y mejora de la competitividad en la cadena de valor ovina."
9,COC-2016-0429_106.JPG,Fotografías,Fotografía,Fundación para la Innovación Agraria (FIA),Victoria,2016,1 Fotografía.,imagen/jpg,3264 x 2448 píxeles,"1,38 MB",OVINOS || IDENTIDAD TERRITORIAL || PRODUCCIÓN ARTESANAL || LANA || TEXTIL || PRODUCTOS || COMPETITIVIDAD,Fotografías,Consultorías,iag,COC-2016-0429,Victoria,Convocatoria Nacional 2016 Consultorías para la innovación,Procesos Innovadores,Región de La Araucanía,General para rubro Ovinos de lana [General para rubro Ovinos de lana],Consultoría COC-2016-0429,Sistemas productivos intensivos,"Esta fotografía está asociada a la Consultoría COC-2016-0429 “Mejorando la competitividad de la cadena de valor ovina a través de la innovación en la intervención y transformación del proceso productivo artesanal de la lana, asociada a la elaboración de textilería con identidad territorial”.",Región de La Araucanía,Malleco,Región de La Araucanía,Región de La Araucanía,Ovinos de lana,Otros productos (elaborados),Textiles,Calidad || Extensión y difusión tecnológica || Gestión || Artesanía / producto artesanal || Manejo productivo,Entrega de certificados a artesanas.,Reconocimiento a la capacitación en textilería.,"Dos mujeres sosteniendo certificados de reconocimiento por su participación en un programa de capacitación relacionado con la textilería artesanal. El entorno presenta un telar en el fondo, indicando la conexión con el proceso productivo de la lana. La vestimenta de las participantes refleja la identidad cultural y territorial del proyecto.","La imagen resalta la importancia de la capacitación en la cadena de valor ovina, promoviendo la innovación y el fortalecimiento de la identidad territorial a través de la textilería artesanal."
10,COC-2016-0429_107.JPG,Fotografías,Fotografía,Fundación para la Innovación Agraria (FIA),Victoria,2016,1 Fotografía.,imagen/jpg,3264 x 2448 píxeles,"1,56 MB",OVINOS || IDENTIDAD TERRITORIAL || PRODUCCIÓN ARTESANAL || LANA || TEXTIL || PRODUCTOS || COMPETITIVIDAD,Fotografías,Consultorías,iag,COC-2016-0429,Victoria,Convocatoria Nacional 2016 Consultorías para la innovación,Procesos Innovadores,Región de La Araucanía,General para rubro Ovinos de lana [General para rubro Ovinos de lana],Consultoría COC-2016-0429,Sistemas productivos intensivos,"Esta fotografía está asociada a la Consultoría COC-2016-0429 “Mejorando la competitividad de la cadena de valor ovina a través de la innovación en la intervención y transformación del proceso productivo artesanal de la lana, asociada a la elaboración de textilería con identidad territorial”.",Región de La Araucanía,Malleco,Región de La Araucanía,Región de La Araucanía,Ovinos de lana,Otros productos (elaborados),Textiles,Calidad || Extensión y difusión tecnológica || Gestión || Artesanía / producto artesanal || Manejo productivo,Entrega de certificado a artesana.,Reconocimiento a la labor artesanal en textilería.,"Interacción entre dos personas en un evento de reconocimiento, donde una artesana recibe un certificado que valida su participación en el proceso de mejora de la cadena de valor ovina. La entrega del documento se realiza en un entorno formal, con un telar visible al fondo, lo que resalta la conexión con la textilería artesanal. La artesana sostiene el certificado, evidenciando su logro en la capacitación y desarrollo de habilidades en la elaboración de productos textiles.","El evento destaca la importancia de la capacitación en la mejora de la competitividad de la cadena de valor ovina, promoviendo la identidad territorial a través de la textilería artesanal."
11,COC-2016-0429_108.JPG,Fotografías,Fotografía,Fundación para la Innovación Agraria (FIA),Victoria,2016,1 Fotografía.,imagen/jpg,3264 x 2448 píxeles,"1,94 MB",OVINOS || IDENTIDAD TERRITORIAL || PRODUCCIÓN ARTESANAL || LANA || TEXTIL || PRODUCTOS || COMPETITIVIDAD,Fotografías,Consultorías,iag,COC-2016-0429,Victoria,Convocatoria Nacional 2016 Consultorías para la innovación,Procesos Innovadores,Región de La Araucanía,General para rubro Ovinos de lana [General para rubro Ovinos de lana],Consultoría COC-2016-0429,Sistemas productivos intensivos,"Esta fotografía está asociada a la Consultoría COC-2016-0429 “Mejorando la competitividad de la cadena de valor ovina a través de la innovación en la intervención y transformación del proceso productivo artesanal de la lana, asociada a la elaboración de textilería con identidad territorial”.",Región de La Araucanía,Malleco,Región de La Araucanía,Región de La Araucanía,Ovinos de lana,Otros productos (elaborados),Textiles,Calidad || Extensión y difusión tecnológica || Gestión || Artesanía / producto artesanal || Manejo productivo,Entrega de certificado a artesanas.,Reconocimiento a la labor de artesanas en textilería.,"Ceremonia de entrega de certificados a artesanas involucradas en el proyecto de mejora de la cadena de valor ovina. Las participantes sostienen un certificado que valida su capacitación en técnicas de transformación de lana. El entorno incluye un telar en el fondo, evidenciando la conexión con la producción textil artesanal.","La imagen resalta la importancia del reconocimiento a las artesanas, fortaleciendo su capacidad en la elaboración de productos textiles con identidad territorial, en el marco de la consultoría para mejorar la competitividad de la cadena de valor ovina."
12,COC-2016-0429_109.JPG,Fotografías,Fotografía,Fundación para la Innovación Agraria (FIA),Victoria,2016,1 Fotografía.,imagen/jpg,3264 x 2448 píxeles,"2,06 MB",OVINOS || IDENTIDAD TERRITORIAL || PRODUCCIÓN ARTESANAL || LANA || TEXTIL || PRODUCTOS || COMPETITIVIDAD,Fotografías,Consultorías,iag,COC-2016-0429,Victoria,Convocatoria Nacional 2016 Consultorías para la innovación,Procesos Innovadores,Región de La Araucanía,General para rubro Ovinos de lana [General para rubro Ovinos de lana],Consultoría COC-2016-0429,Sistemas productivos intensivos,"Esta fotografía está asociada a la Consultoría COC-2016-0429 “Mejorando la competitividad de la cadena de valor ovina a través de la innovación en la intervención y transformación del proceso productivo artesanal de la lana, asociada a la elaboración de textilería con identidad territorial”.",Región de La Araucanía,Malleco,Región de La Araucanía,Región de La Araucanía,Ovinos de lana,Otros productos (elaborados),Textiles,Calidad || Extensión y difusión tecnológica || Gestión || Artesanía / producto artesanal || Manejo productivo,Entrega de reconocimiento a artesana.,Ceremonia de premiación a la labor artesanal.,"Ceremonia de entrega de un reconocimiento a una artesana, quien sostiene un certificado en sus manos. El evento se lleva a cabo en un espacio cerrado, con un telar y productos textiles visibles en el fondo. La artesana, vestida con un abrigo de lana, representa la tradición textil chilena. La presencia de un representante del proyecto indica el apoyo institucional a la cadena de valor ovina.","La imagen resalta la importancia del reconocimiento a las artesanas en el contexto de la mejora de la competitividad de la cadena de valor ovina, promoviendo la innovación y la identidad territorial en la producción textil."
13,COC-2016-0429_11.JPG,Fotografías,Fotografía,Fundación para la Innovación Agraria (FIA),Victoria,2016,1 Fotografía.,imagen/jpg,3264 x 2448 píxeles,"2,05 MB",OVINOS || IDENTIDAD TERRITORIAL || PRODUCCIÓN ARTESANAL || LANA || TEXTIL || PRODUCTOS || COMPETITIVIDAD,Fotografías,Consultorías,iag,COC-2016-0429,Victoria,Convocatoria Nacional 2016 Consultorías para la innovación,Procesos Innovadores,Región de La Araucanía,General para rubro Ovinos de lana [General para rubro Ovinos de lana],Consultoría COC-2016-0429,Sistemas productivos intensivos,"Esta fotografía está asociada a la Consultoría COC-2016-0429 “Mejorando la competitividad de la cadena de valor ovina a través de la innovación en la intervención y transformación del proceso productivo artesanal de la lana, asociada a la elaboración de textilería con identidad territorial”.",Región de La Araucanía,Malleco,Región de La Araucanía,Región de La Araucanía,Ovinos de lana,Otros productos (elaborados),Textiles,Calidad || Extensión y difusión tecnológica || Gestión || Artesanía / producto artesanal || Manejo productivo,Técnica de teñido a fuego de lana.,Proceso de teñido artesanal de lana con participación comunitaria.,"Proceso de teñido a fuego de lana de oveja en un entorno rural. Un artesano, utilizando un caldero, mezcla tintes naturales mientras un grupo de mujeres observa atentamente. Se emplean herramientas como cucharas de madera y recipientes metálicos. El ambiente es al aire libre, con vegetación circundante y una estructura de madera al fondo.","El proceso de teñido a fuego es fundamental para la elaboración de textilería con identidad territorial, promoviendo la innovación y la competitividad en la cadena de valor ovina."
14,COC-2016-0429_110.JPG,Fotografías,Fotografía,Fundación para la Innovación Agraria (FIA),Victoria,2016,1 Fotografía.,imagen/jpg,3264 x 2448 píxeles,"2,11 MB",OVINOS || IDENTIDAD TERRITORIAL || PRODUCCIÓN ARTESANAL || LANA || TEXTIL || PRODUCTOS || COMPETITIVIDAD,Fotografías,Consultorías,iag,COC-2016-0429,Victoria,Convocatoria Nacional 2016 Consultorías para la innovación,Procesos Innovadores,Región de La Araucanía,General para rubro Ovinos de lana [General para rubro Ovinos de lana],Consultoría COC-2016-0429,Sistemas productivos intensivos,"Esta fotografía está asociada a la Consultoría COC-2016-0429 “Mejorando la competitividad de la cadena de valor ovina a través de la innovación en la intervención y transformación del proceso productivo artesanal de la lana, asociada a la elaboración de textilería con identidad territorial”.",Región de La Araucanía,Malleco,Región de La Araucanía,Región de La Araucanía,Ovinos de lana,Otros productos (elaborados),Textiles,Calidad || Extensión y difusión tecnológica || Gestión || Artesanía / producto artesanal || Manejo productivo,Entrega de reconocimiento a artesana.,Ceremonia de premiación a artesanas del proyecto.,"Ceremonia de entrega de un reconocimiento a una artesana destacada en el proceso de elaboración de textilería con lana de oveja. Se observa a un hombre entregando un certificado a la artesana, quien viste una chaqueta de lana. Al fondo, se aprecian herramientas de telar y productos textiles, evidenciando el entorno de trabajo artesanal. La escena refleja el apoyo a la competitividad de la cadena de valor ovina.","La imagen destaca la importancia del reconocimiento a las artesanas en el contexto de la mejora de la competitividad en la cadena de valor ovina, promoviendo la identidad territorial a través de la textilería artesanal."
15,COC-2016-0429_111.JPG,Fotografías,Fotografía,Fundación para la Innovación Agraria (FIA),Victoria,2016,1 Fotografía.,imagen/jpg,3264 x 2448 píxeles,"2,15 MB",OVINOS || IDENTIDAD TERRITORIAL || PRODUCCIÓN ARTESANAL || LANA || TEXTIL || PRODUCTOS || COMPETITIVIDAD,Fotografías,Consultorías,iag,COC-2016-0429,Victoria,Convocatoria Nacional 2016 Consultorías para la innovación,Procesos Innovadores,Región de La Araucanía,General para rubro Ovinos de lana [General para rubro Ovinos de lana],Consultoría COC-2016-0429,Sistemas productivos intensivos,"Esta fotografía está asociada a la Consultoría COC-2016-0429 “Mejorando la competitividad de la cadena de valor ovina a través de la innovación en la intervención y transformación del proceso productivo artesanal de la lana, asociada a la elaboración de textilería con identidad territorial”.",Región de La Araucanía,Malleco,Región de La Araucanía,Región de La Araucanía,Ovinos de lana,Otros productos (elaborados),Textiles,Calidad || Extensión y difusión tecnológica || Gestión || Artesanía / producto artesanal || Manejo productivo,Entrega de certificado a artesana.,Reconocimiento a la labor artesanal en textilería.,"Ceremonia de entrega de certificado a una artesana destacada en el proceso de elaboración de textilería con lana de oveja. El evento se desarrolla en un espacio cerrado, con un fondo de cortinas rojas y exhibiciones de prendas de lana. La artesana sostiene un certificado, mientras que un representante del proyecto se encuentra a su lado, ambos posando para la fotografía.","El reconocimiento a la labor artesanal fortalece la competitividad de la cadena de valor ovina, promoviendo la identidad territorial y la innovación en el proceso productivo de la lana."
16,COC-2016-0429_112.JPG,Fotografías,Fotografía,Fundación para la Innovación Agraria (FIA),Victoria,2016,1 Fotografía.,imagen/jpg,3264 x 2448 píxeles,"1,98 MB",OVINOS || IDENTIDAD TERRITORIAL || PRODUCCIÓN ARTESANAL || LANA || TEXTIL || PRODUCTOS || COMPETITIVIDAD,Fotografías,Consultorías,iag,COC-2016-0429,Victoria,Convocatoria Nacional 2016 Consultorías para la innovación,Procesos Innovadores,Región de La Araucanía,General para rubro Ovinos de lana [General para rubro Ovinos de lana],Consultoría COC-2016-0429,Sistemas productivos intensivos,"Esta fotografía está asociada a la Consultoría COC-2016-0429 “Mejorando la competitividad de la cadena de valor ovina a través de la innovación en la intervención y transformación del proceso productivo artesanal de la lana, asociada a la elaboración de textilería con identidad territorial”.",Región de La Araucanía,Malleco,Región de La Araucanía,Región de La Araucanía,Ovinos de lana,Otros productos (elaborados),Textiles,Calidad || Extensión y difusión tecnológica || Gestión || Artesanía / producto artesanal || Manejo productivo,Entrega de certificación a artesana.,Reconocimiento a la labor artesanal en textilería.,"Ceremonia de entrega de certificación a una artesana destacada en el proceso de elaboración de textilería con lana de oveja. La artesana sostiene un certificado en sus manos, mientras que un representante del proyecto se encuentra a su lado. El entorno incluye elementos textiles, como manteles y ovillos de lana, que reflejan la identidad territorial y el trabajo artesanal. La actividad se desarrolla en un espacio cerrado, con iluminación adecuada para resaltar la importancia del evento.","La imagen documenta un momento clave en la valorización del trabajo artesanal, promoviendo la competitividad de la cadena de valor ovina mediante el reconocimiento formal a las artesanas involucradas en el proceso productivo."
17,COC-2016-0429_113.JPG,Fotografías,Fotografía,Fundación para la Innovación Agraria (FIA),Victoria,2016,1 Fotografía.,imagen/jpg,3264 x 2448 píxeles,"1,24 MB",OVINOS || IDENTIDAD TERRITORIAL || PRODUCCIÓN ARTESANAL || LANA || TEXTIL || PRODUCTOS || COMPETITIVIDAD,Fotografías,Consultorías,iag,COC-2016-0429,Victoria,Convocatoria Nacional 2016 Consultorías para la innovación,Procesos Innovadores,Región de La Araucanía,General para rubro Ovinos de lana [General para rubro Ovinos de lana],Consultoría COC-2016-0429,Sistemas productivos intensivos,"Esta fotografía está asociada a la Consultoría COC-2016-0429 “Mejorando la competitividad de la cadena de valor ovina a través de la innovación en la intervención y transformación del proceso productivo artesanal de la lana, asociada a la elaboración de textilería con identidad territorial”.",Región de La Araucanía,Malleco,Región de La Araucanía,Región de La Araucanía,Ovinos de lana,Otros productos (elaborados),Textiles,Calidad || Extensión y difusión tecnológica || Gestión || Artesanía / producto artesanal || Manejo productivo,Presentación sobre textilería ovina.,Conferencia sobre innovación en procesos productivos.,"Un expositor se encuentra en un escenario, presentando información relacionada con la cadena de valor ovina. Se aprecian banderas de Chile y otras entidades en el fondo, indicando un contexto institucional. El orador utiliza un micrófono y gesticula para enfatizar su discurso, que aborda la mejora de la competitividad en la producción artesanal de lana.","La imagen documenta un momento clave en la difusión de conocimientos sobre la transformación del proceso productivo de la lana, resaltando la importancia de la innovación en la textilería artesanal y su conexión con la identidad territorial."
18,COC-2016-0429_114.JPG,Fotografías,Fotografía,Fundación para la Innovación Agraria (FIA),Victoria,2016,1 Fotografía.,imagen/jpg,3264 x 2448 píxeles,"1,80 MB",OVINOS || IDENTIDAD TERRITORIAL || PRODUCCIÓN ARTESANAL || LANA || TEXTIL || PRODUCTOS || COMPETITIVIDAD,Fotografías,Consultorías,iag,COC-2016-0429,Victoria,Convocatoria Nacional 2016 Consultorías para la innovación,Procesos Innovadores,Región de La Araucanía,General para rubro Ovinos de lana [General para rubro Ovinos de lana],Consultoría COC-2016-0429,Sistemas productivos intensivos,"Esta fotografía está asociada a la Consultoría COC-2016-0429 “Mejorando la competitividad de la cadena de valor ovina a través de la innovación en la intervención y transformación del proceso productivo artesanal de la lana, asociada a la elaboración de textilería con identidad territorial”.",Región de La Araucanía,Malleco,Región de La Araucanía,Región de La Araucanía,Ovinos de lana,Otros productos (elaborados),Textiles,Calidad || Extensión y difusión tecnológica || Gestión || Artesanía / producto artesanal || Manejo productivo,Muestra de textilería artesanal en evento.,Presentación de poncho de lana en pasarela.,"Modelo exhibiendo un poncho de lana de oveja, elaborado por artesanas locales. La prenda presenta un diseño que refleja la identidad territorial, con detalles de tejido y flecos en el borde. El entorno incluye un escenario con fondo neutro, adecuado para la presentación de productos textiles. Se destaca el uso de lana en la confección, alineado con la intervención en la cadena de valor ovina.","La imagen resalta la importancia de la textilería artesanal en la valorización de la lana de oveja, promoviendo la identidad cultural y la competitividad en la cadena de producción ovina."
19,COC-2016-0429_115.JPG,Fotografías,Fotografía,Fundación para la Innovación Agraria (FIA),Victoria,2016,1 Fotografía.,imagen/jpg,3264 x 2448 píxeles,"2,01 MB",OVINOS || IDENTIDAD TERRITORIAL || PRODUCCIÓN ARTESANAL || LANA || TEXTIL || PRODUCTOS || COMPETITIVIDAD,Fotografías,Consultorías,iag,COC-2016-0429,Victoria,Convocatoria Nacional 2016 Consultorías para la innovación,Procesos Innovadores,Región de La Araucanía,General para rubro Ovinos de lana [General para rubro Ovinos de lana],Consultoría COC-2016-0429,Sistemas productivos intensivos,"Esta fotografía está asociada a la Consultoría COC-2016-0429 “Mejorando la competitividad de la cadena de valor ovina a través de la innovación en la intervención y transformación del proceso productivo artesanal de la lana, asociada a la elaboración de textilería con identidad territorial”.",Región de La Araucanía,Malleco,Región de La Araucanía,Región de La Araucanía,Ovinos de lana,Otros productos (elaborados),Textiles,Calidad || Extensión y difusión tecnológica || Gestión || Artesanía / producto artesanal || Manejo productivo,Demostración de textilería artesanal.,Presentación de poncho de lana teñido.,"Artista textil exhibe un poncho de lana de oveja, elaborado mediante técnicas tradicionales de tejido. El poncho presenta un diseño con patrones geométricos en tonos verdes, reflejando la identidad territorial. En el fondo, se aprecian herramientas de telar y materiales utilizados en el proceso de producción textil, evidenciando el entorno de trabajo artesanal.","La imagen resalta la importancia de la textilería artesanal en la cadena de valor ovina, mostrando la aplicación de técnicas de hilado y teñido que fortalecen la identidad cultural y la competitividad del sector."
20,COC-2016-0429_116.JPG,Fotografías,Fotografía,Fundación para la Innovación Agraria (FIA),Victoria,2016,1 Fotografía.,imagen/jpg,3264 x 2448 píxeles,"2,15 MB",OVINOS || IDENTIDAD TERRITORIAL || PRODUCCIÓN ARTESANAL || LANA || TEXTIL || PRODUCTOS || COMPETITIVIDAD,Fotografías,Consultorías,iag,COC-2016-0429,Victoria,Convocatoria Nacional 2016 Consultorías para la innovación,Procesos Innovadores,Región de La Araucanía,General para rubro Ovinos de lana [General para rubro Ovinos de lana],Consultoría COC-2016-0429,Sistemas productivos intensivos,"Esta fotografía está asociada a la Consultoría COC-2016-0429 “Mejorando la competitividad de la cadena de valor ovina a través de la innovación en la intervención y transformación del proceso productivo artesanal de la lana, asociada a la elaboración de textilería con identidad territorial”.",Región de La Araucanía,Malleco,Región de La Araucanía,Región de La Araucanía,Ovinos de lana,Otros productos (elaborados),Textiles,Calidad || Extensión y difusión tecnológica || Gestión || Artesanía / producto artesanal || Manejo productivo,Demostración de textilería con lana de oveja.,Presentación de poncho artesanal en evento.,"Mujer exhibiendo un poncho de lana de oveja, con diseño que refleja identidad territorial. El poncho presenta un color verde vibrante y detalles en negro. El entorno es un espacio cerrado con fondo de cortinas rojas y un telar visible en la parte posterior, indicando un contexto de trabajo artesanal. La presentación sugiere un enfoque en la valorización de la textilería local.","La imagen destaca la importancia de la textilería artesanal en la cadena de valor ovina, promoviendo la identidad cultural y la innovación en procesos productivos."
21,COC-2016-0429_117.JPG,Fotografías,Fotografía,Fundación para la Innovación Agraria (FIA),Victoria,2016,1 Fotografía.,imagen/jpg,3264 x 2448 píxeles,"1,69 MB",OVINOS || IDENTIDAD TERRITORIAL || PRODUCCIÓN ARTESANAL || LANA || TEXTIL || PRODUCTOS || COMPETITIVIDAD,Fotografías,Consultorías,iag,COC-2016-0429,Victoria,Convocatoria Nacional 2016 Consultorías para la innovación,Procesos Innovadores,Región de La Araucanía,General para rubro Ovinos de lana [General para rubro Ovinos de lana],Consultoría COC-2016-0429,Sistemas productivos intensivos,"Esta fotografía está asociada a la Consultoría COC-2016-0429 “Mejorando la competitividad de la cadena de valor ovina a través de la innovación en la intervención y transformación del proceso productivo artesanal de la lana, asociada a la elaboración de textilería con identidad territorial”.",Región de La Araucanía,Malleco,Región de La Araucanía,Región de La Araucanía,Ovinos de lana,Otros productos (elaborados),Textiles,Calidad || Extensión y difusión tecnológica || Gestión || Artesanía / producto artesanal || Manejo productivo,Textilería artesanal con lana de oveja.,Elaboración de poncho y gorro de lana.,"Proceso de confección de textilería artesanal utilizando lana de oveja. Se observa a una artesana vistiendo un poncho de colores naturales, acompañado de un gorro tejido. La técnica de hilado y tejido refleja la tradición local y el uso de materiales autóctonos, destacando la identidad territorial en la producción textil. Herramientas como agujas de tejer y técnicas de punto son evidentes en la labor.","La imagen ilustra la aplicación de técnicas tradicionales en la elaboración de textilería con lana de oveja, contribuyendo a la competitividad de la cadena de valor ovina y promoviendo la identidad cultural a través de la artesanía."
22,COC-2016-0429_118.JPG,Fotografías,Fotografía,Fundación para la Innovación Agraria (FIA),Victoria,2016,1 Fotografía.,imagen/jpg,3264 x 2448 píxeles,"1,36 MB",OVINOS || IDENTIDAD TERRITORIAL || PRODUCCIÓN ARTESANAL || LANA || TEXTIL || PRODUCTOS || COMPETITIVIDAD,Fotografías,Consultorías,iag,COC-2016-0429,Victoria,Convocatoria Nacional 2016 Consultorías para la innovación,Procesos Innovadores,Región de La Araucanía,General para rubro Ovinos de lana [General para rubro Ovinos de lana],Consultoría COC-2016-0429,Sistemas productivos intensivos,"Esta fotografía está asociada a la Consultoría COC-2016-0429 “Mejorando la competitividad de la cadena de valor ovina a través de la innovación en la intervención y transformación del proceso productivo artesanal de la lana, asociada a la elaboración de textilería con identidad territorial”.",Región de La Araucanía,Malleco,Región de La Araucanía,Región de La Araucanía,Ovinos de lana,Otros productos (elaborados),Textiles,Calidad || Extensión y difusión tecnológica || Gestión || Artesanía / producto artesanal || Manejo productivo,Textilería artesanal con lana de oveja.,Presentación de poncho y gorro de lana.,"Muestra de vestimenta elaborada con lana de oveja, destacando un poncho y un gorro. La prenda presenta un diseño de colores verdes y blancos, evidenciando técnicas de tejido a crochet. El entorno es un espacio cerrado, posiblemente un taller o sala de exhibición, donde se aprecian herramientas y materiales relacionados con la producción textil. La artesana exhibe con orgullo su trabajo, reflejando la identidad territorial en la textilería.","La imagen resalta la producción artesanal de vestimenta con lana de oveja, promoviendo la competitividad de la cadena de valor ovina y la identidad cultural a través de la innovación en técnicas de tejido."
23,COC-2016-0429_119.JPG,Fotografías,Fotografía,Fundación para la Innovación Agraria (FIA),Victoria,2016,1 Fotografía.,imagen/jpg,3264 x 2448 píxeles,"1,73 MB",OVINOS || IDENTIDAD TERRITORIAL || PRODUCCIÓN ARTESANAL || LANA || TEXTIL || PRODUCTOS || COMPETITIVIDAD,Fotografías,Consultorías,iag,COC-2016-0429,Victoria,Convocatoria Nacional 2016 Consultorías para la innovación,Procesos Innovadores,Región de La Araucanía,General para rubro Ovinos de lana [General para rubro Ovinos de lana],Consultoría COC-2016-0429,Sistemas productivos intensivos,"Esta fotografía está asociada a la Consultoría COC-2016-0429 “Mejorando la competitividad de la cadena de valor ovina a través de la innovación en la intervención y transformación del proceso productivo artesanal de la lana, asociada a la elaboración de textilería con identidad territorial”.",Región de La Araucanía,Malleco,Región de La Araucanía,Región de La Araucanía,Ovinos de lana,Otros productos (elaborados),Textiles,Calidad || Extensión y difusión tecnológica || Gestión || Artesanía / producto artesanal || Manejo productivo,Artesanas con textilería de lana.,Presentación de productos textiles elaborados artesanalmente.,"Dos artesanas exhiben prendas de vestir elaboradas con lana de oveja, destacando gorros y chaquetas de diseño textil. Las prendas presentan técnicas de tejido a mano, utilizando agujas y telar, con colores vibrantes que reflejan la identidad territorial. El entorno es un espacio cerrado, posiblemente un evento de exhibición o feria artesanal.","La imagen resalta el trabajo artesanal en la elaboración de textilería con lana de oveja, contribuyendo a la competitividad de la cadena de valor ovina y promoviendo la identidad cultural a través de la innovación en técnicas de producción."
24,COC-2016-0429_12.JPG,Fotografías,Fotografía,Fundación para la Innovación Agraria (FIA),Victoria,2016,1 Fotografía.,imagen/jpg,3264 x 2448 píxeles,"2,89 MB",OVINOS || IDENTIDAD TERRITORIAL || PRODUCCIÓN ARTESANAL || LANA || TEXTIL || PRODUCTOS || COMPETITIVIDAD,Fotografías,Consultorías,iag,COC-2016-0429,Victoria,Convocatoria Nacional 2016 Consultorías para la innovación,Procesos Innovadores,Región de La Araucanía,General para rubro Ovinos de lana [General para rubro Ovinos de lana],Consultoría COC-2016-0429,Sistemas productivos intensivos,"Esta fotografía está asociada a la Consultoría COC-2016-0429 “Mejorando la competitividad de la cadena de valor ovina a través de la innovación en la intervención y transformación del proceso productivo artesanal de la lana, asociada a la elaboración de textilería con identidad territorial”.",Región de La Araucanía,Malleco,Región de La Araucanía,Región de La Araucanía,Ovinos de lana,Otros productos (elaborados),Textiles,Calidad || Extensión y difusión tecnológica || Gestión || Artesanía / producto artesanal || Manejo productivo,Teñido de lana en olla.,Proceso de teñido artesanal de lana con colorantes naturales.,"Olla de metal con agua hirviendo y lana sumergida en un proceso de teñido. Se observan colorantes naturales que generan tonalidades en la lana, evidenciando la técnica artesanal utilizada. El entorno muestra elementos naturales y herramientas de trabajo, como la olla y utensilios de cocina, que son parte del proceso productivo.","El proceso de teñido de lana con colorantes naturales es fundamental para la elaboración de textilería con identidad territorial, mejorando la competitividad de la cadena de valor ovina."
25,COC-2016-0429_120.JPG,Fotografías,Fotografía,Fundación para la Innovación Agraria (FIA),Victoria,2016,1 Fotografía.,imagen/jpg,3264 x 2448 píxeles,"0,96 MB",OVINOS || IDENTIDAD TERRITORIAL || PRODUCCIÓN ARTESANAL || LANA || TEXTIL || PRODUCTOS || COMPETITIVIDAD,Fotografías,Consultorías,iag,COC-2016-0429,Victoria,Convocatoria Nacional 2016 Consultorías para la innovación,Procesos Innovadores,Región de La Araucanía,General para rubro Ovinos de lana [General para rubro Ovinos de lana],Consultoría COC-2016-0429,Sistemas productivos intensivos,"Esta fotografía está asociada a la Consultoría COC-2016-0429 “Mejorando la competitividad de la cadena de valor ovina a través de la innovación en la intervención y transformación del proceso productivo artesanal de la lana, asociada a la elaboración de textilería con identidad territorial”.",Región de La Araucanía,Malleco,Región de La Araucanía,Región de La Araucanía,Ovinos de lana,Otros productos (elaborados),Textiles,Calidad || Extensión y difusión tecnológica || Gestión || Artesanía / producto artesanal || Manejo productivo,Accesorios textiles de lana artesanal.,Elaboración de gorro y bufanda de lana.,"Joven modelando gorro y bufanda tejidos a mano con lana de oveja. La prenda presenta un diseño colorido y texturizado, evidenciando técnicas de tejido artesanal. El entorno es un espacio interior, posiblemente un taller, donde se aprecia un ambiente propicio para la creación textil. Las herramientas de trabajo, aunque no visibles, son fundamentales en el proceso de confección.",La imagen resalta la producción de accesorios textiles que fortalecen la identidad territorial y la competitividad de la cadena de valor ovina mediante técnicas artesanales.
26,COC-2016-0429_121.JPG,Fotografías,Fotografía,Fundación para la Innovación Agraria (FIA),Victoria,2016,1 Fotografía.,imagen/jpg,3264 x 2448 píxeles,"1,38 MB",OVINOS || IDENTIDAD TERRITORIAL || PRODUCCIÓN ARTESANAL || LANA || TEXTIL || PRODUCTOS || COMPETITIVIDAD,Fotografías,Consultorías,iag,COC-2016-0429,Victoria,Convocatoria Nacional 2016 Consultorías para la innovación,Procesos Innovadores,Región de La Araucanía,General para rubro Ovinos de lana [General para rubro Ovinos de lana],Consultoría COC-2016-0429,Sistemas productivos intensivos,"Esta fotografía está asociada a la Consultoría COC-2016-0429 “Mejorando la competitividad de la cadena de valor ovina a través de la innovación en la intervención y transformación del proceso productivo artesanal de la lana, asociada a la elaboración de textilería con identidad territorial”.",Región de La Araucanía,Malleco,Región de La Araucanía,Región de La Araucanía,Ovinos de lana,Otros productos (elaborados),Textiles,Calidad || Extensión y difusión tecnológica || Gestión || Artesanía / producto artesanal || Manejo productivo,Presentación de textilería artesanal.,Demostración de productos textiles con lana ovina.,"Mujer exhibiendo un bolso de textilería artesanal, confeccionado con lana de oveja. La prenda muestra técnicas de hilado y tejido, destacando la identidad territorial en su diseño. La artesana utiliza un collar colorido que complementa su atuendo, en un entorno de presentación formal con fondo neutro.","La imagen resalta la importancia de la textilería artesanal en la valorización de la lana ovina, promoviendo la competitividad de la cadena de valor a través de la innovación y la identidad cultural."
27,COC-2016-0429_122.JPG,Fotografías,Fotografía,Fundación para la Innovación Agraria (FIA),Victoria,2016,1 Fotografía.,imagen/jpg,3264 x 2448 píxeles,"1,02 MB",OVINOS || IDENTIDAD TERRITORIAL || PRODUCCIÓN ARTESANAL || LANA || TEXTIL || PRODUCTOS || COMPETITIVIDAD,Fotografías,Consultorías,iag,COC-2016-0429,Victoria,Convocatoria Nacional 2016 Consultorías para la innovación,Procesos Innovadores,Región de La Araucanía,General para rubro Ovinos de lana [General para rubro Ovinos de lana],Consultoría COC-2016-0429,Sistemas productivos intensivos,"Esta fotografía está asociada a la Consultoría COC-2016-0429 “Mejorando la competitividad de la cadena de valor ovina a través de la innovación en la intervención y transformación del proceso productivo artesanal de la lana, asociada a la elaboración de textilería con identidad territorial”.",Región de La Araucanía,Malleco,Región de La Araucanía,Región de La Araucanía,Ovinos de lana,Otros productos (elaborados),Textiles,Calidad || Extensión y difusión tecnológica || Gestión || Artesanía / producto artesanal || Manejo productivo,Presentación de técnicas de textilería.,Demostración de procesos de hilado y teñido.,"Artista textil en acción, sosteniendo materiales para la elaboración de textilería con lana de oveja. En el fondo, se aprecian herramientas y muestras de productos textiles en un telar. La escena se desarrolla en un ambiente de capacitación, enfatizando la importancia de la innovación en el proceso productivo artesanal.","La imagen resalta la labor de las artesanas en la cadena de valor ovina, promoviendo la competitividad a través de la innovación en técnicas de hilado y teñido, fundamentales para la identidad territorial de la textilería chilena."
28,COC-2016-0429_123.JPG,Fotografías,Fotografía,Fundación para la Innovación Agraria (FIA),Victoria,2016,1 Fotografía.,imagen/jpg,3264 x 2448 píxeles,"1,70 MB",OVINOS || IDENTIDAD TERRITORIAL || PRODUCCIÓN ARTESANAL || LANA || TEXTIL || PRODUCTOS || COMPETITIVIDAD,Fotografías,Consultorías,iag,COC-2016-0429,Victoria,Convocatoria Nacional 2016 Consultorías para la innovación,Procesos Innovadores,Región de La Araucanía,General para rubro Ovinos de lana [General para rubro Ovinos de lana],Consultoría COC-2016-0429,Sistemas productivos intensivos,"Esta fotografía está asociada a la Consultoría COC-2016-0429 “Mejorando la competitividad de la cadena de valor ovina a través de la innovación en la intervención y transformación del proceso productivo artesanal de la lana, asociada a la elaboración de textilería con identidad territorial”.",Región de La Araucanía,Malleco,Región de La Araucanía,Región de La Araucanía,Ovinos de lana,Otros productos (elaborados),Textiles,Calidad || Extensión y difusión tecnológica || Gestión || Artesanía / producto artesanal || Manejo productivo,Desfile de textilería artesanal.,Presentación de prendas de lana en evento.,"Modelo exhibiendo una prenda de textilería elaborada con lana de oveja, destacando técnicas artesanales. La vestimenta incluye un poncho verde con detalles coloridos, representando la identidad cultural. En el fondo, se aprecian banderas y un banner del evento, que promueve la competitividad de la cadena de valor ovina.","La imagen resalta la importancia de la textilería artesanal en la valorización de la lana de oveja, contribuyendo a la identidad territorial y a la innovación en el proceso productivo."
29,COC-2016-0429_124.JPG,Fotografías,Fotografía,Fundación para la Innovación Agraria (FIA),Victoria,2016,1 Fotografía.,imagen/jpg,3264 x 2448 píxeles,"1,20 MB",OVINOS || IDENTIDAD TERRITORIAL || PRODUCCIÓN ARTESANAL || LANA || TEXTIL || PRODUCTOS || COMPETITIVIDAD,Fotografías,Consultorías,iag,COC-2016-0429,Victoria,Convocatoria Nacional 2016 Consultorías para la innovación,Procesos Innovadores,Región de La Araucanía,General para rubro Ovinos de lana [General para rubro Ovinos de lana],Consultoría COC-2016-0429,Sistemas productivos intensivos,"Esta fotografía está asociada a la Consultoría COC-2016-0429 “Mejorando la competitividad de la cadena de valor ovina a través de la innovación en la intervención y transformación del proceso productivo artesanal de la lana, asociada a la elaboración de textilería con identidad territorial”.",Región de La Araucanía,Malleco,Región de La Araucanía,Región de La Araucanía,Ovinos de lana,Otros productos (elaborados),Textiles,Calidad || Extensión y difusión tecnológica || Gestión || Artesanía / producto artesanal || Manejo productivo,Desfile de textilería artesanal.,Presentación de vestimenta con lana de oveja.,"Modelo exhibiendo vestimenta elaborada con lana de oveja, destacando técnicas de teñido y confección artesanal. La prenda presenta un diseño que refleja la identidad territorial, con colores y formas que evocan la cultura local. En el fondo, se aprecian banderas que representan la región y el país, creando un ambiente de celebración de la herencia textil. La actividad se desarrolla en un espacio cerrado, adecuado para eventos culturales.","La imagen resalta la importancia de la textilería artesanal en la valorización de la cultura ovina, promoviendo la competitividad de la cadena de valor a través de la innovación en el proceso productivo."
30,COC-2016-0429_125.JPG,Fotografías,Fotografía,Fundación para la Innovación Agraria (FIA),Victoria,2016,1 Fotografía.,imagen/jpg,3264 x 2448 píxeles,"1,56 MB",OVINOS || IDENTIDAD TERRITORIAL || PRODUCCIÓN ARTESANAL || LANA || TEXTIL || PRODUCTOS || COMPETITIVIDAD,Fotografías,Consultorías,iag,COC-2016-0429,Victoria,Convocatoria Nacional 2016 Consultorías para la innovación,Procesos Innovadores,Región de La Araucanía,General para rubro Ovinos de lana [General para rubro Ovinos de lana],Consultoría COC-2016-0429,Sistemas productivos intensivos,"Esta fotografía está asociada a la Consultoría COC-2016-0429 “Mejorando la competitividad de la cadena de valor ovina a través de la innovación en la intervención y transformación del proceso productivo artesanal de la lana, asociada a la elaboración de textilería con identidad territorial”.",Región de La Araucanía,Malleco,Región de La Araucanía,Región de La Araucanía,Ovinos de lana,Otros productos (elaborados),Textiles,Calidad || Extensión y difusión tecnológica || Gestión || Artesanía / producto artesanal || Manejo productivo,Proceso de telar y textilería artesanal.,Elaboración de textilería con lana de oveja.,"Artista textil en un entorno de trabajo, utilizando un telar vertical. Se aprecian ovillos de lana en diferentes colores, dispuestos en el suelo. La vestimenta de la artesana refleja la identidad cultural, mientras que el telar, construido con madera, sostiene piezas de textilería en proceso. El ambiente está diseñado para fomentar la creatividad y la innovación en la producción artesanal.","La imagen ilustra el proceso de elaboración de textilería con lana de oveja, destacando la importancia de la innovación en la cadena de valor ovina y la identidad territorial en la producción artesanal."
31,COC-2016-0429_126.JPG,Fotografías,Fotografía,Fundación para la Innovación Agraria (FIA),Victoria,2016,1 Fotografía.,imagen/jpg,3264 x 2448 píxeles,"1,39 MB",OVINOS || IDENTIDAD TERRITORIAL || PRODUCCIÓN ARTESANAL || LANA || TEXTIL || PRODUCTOS || COMPETITIVIDAD,Fotografías,Consultorías,iag,COC-2016-0429,Victoria,Convocatoria Nacional 2016 Consultorías para la innovación,Procesos Innovadores,Región de La Araucanía,General para rubro Ovinos de lana [General para rubro Ovinos de lana],Consultoría COC-2016-0429,Sistemas productivos intensivos,"Esta fotografía está asociada a la Consultoría COC-2016-0429 “Mejorando la competitividad de la cadena de valor ovina a través de la innovación en la intervención y transformación del proceso productivo artesanal de la lana, asociada a la elaboración de textilería con identidad territorial”.",Región de La Araucanía,Malleco,Región de La Araucanía,Región de La Araucanía,Ovinos de lana,Otros productos (elaborados),Textiles,Calidad || Extensión y difusión tecnológica || Gestión || Artesanía / producto artesanal || Manejo productivo,Muestra de textilería artesanal con lana.,Presentación de accesorios textiles elaborados por artesanas.,"Joven exhibiendo una bolsa tejida y accesorios textiles elaborados con lana de oveja. La vestimenta incluye un gorro y un collar de elementos coloridos, reflejando técnicas de hilado y tejido. El entorno es un espacio cerrado con iluminación adecuada, donde se aprecian herramientas y materiales relacionados con el proceso productivo de la textilería. La presentación destaca la identidad cultural y la innovación en el uso de la lana.","La imagen resalta la labor de las artesanas en la creación de productos textiles que fortalecen la cadena de valor ovina, promoviendo la identidad territorial y la competitividad del sector."
32,COC-2016-0429_127.JPG,Fotografías,Fotografía,Fundación para la Innovación Agraria (FIA),Victoria,2016,1 Fotografía.,imagen/jpg,3264 x 2448 píxeles,"1,26 MB",OVINOS || IDENTIDAD TERRITORIAL || PRODUCCIÓN ARTESANAL || LANA || TEXTIL || PRODUCTOS || COMPETITIVIDAD,Fotografías,Consultorías,iag,COC-2016-0429,Victoria,Convocatoria Nacional 2016 Consultorías para la innovación,Procesos Innovadores,Región de La Araucanía,General para rubro Ovinos de lana [General para rubro Ovinos de lana],Consultoría COC-2016-0429,Sistemas productivos intensivos,"Esta fotografía está asociada a la Consultoría COC-2016-0429 “Mejorando la competitividad de la cadena de valor ovina a través de la innovación en la intervención y transformación del proceso productivo artesanal de la lana, asociada a la elaboración de textilería con identidad territorial”.",Región de La Araucanía,Malleco,Región de La Araucanía,Región de La Araucanía,Ovinos de lana,Otros productos (elaborados),Textiles,Calidad || Extensión y difusión tecnológica || Gestión || Artesanía / producto artesanal || Manejo productivo,Demostración de textilería artesanal.,Presentación de vestimenta elaborada con lana.,"Artista textil exhibiendo una prenda de vestimenta elaborada con lana de oveja, complementada con accesorios de diseño. La escena se desarrolla en un espacio cerrado, con telar y materiales textiles visibles en el fondo. La vestimenta refleja técnicas tradicionales de tejido y el uso de colores naturales, destacando la identidad cultural de la región.","La imagen resalta la importancia de la textilería artesanal en la valorización de la lana de oveja, contribuyendo a la competitividad de la cadena de valor ovina y promoviendo la identidad territorial a través de la innovación en procesos productivos."
33,COC-2016-0429_128.JPG,Fotografías,Fotografía,Fundación para la Innovación Agraria (FIA),Victoria,2016,1 Fotografía.,imagen/jpg,3264 x 2448 píxeles,"1,68 MB",OVINOS || IDENTIDAD TERRITORIAL || PRODUCCIÓN ARTESANAL || LANA || TEXTIL || PRODUCTOS || COMPETITIVIDAD,Fotografías,Consultorías,iag,COC-2016-0429,Victoria,Convocatoria Nacional 2016 Consultorías para la innovación,Procesos Innovadores,Región de La Araucanía,General para rubro Ovinos de lana [General para rubro Ovinos de lana],Consultoría COC-2016-0429,Sistemas productivos intensivos,"Esta fotografía está asociada a la Consultoría COC-2016-0429 “Mejorando la competitividad de la cadena de valor ovina a través de la innovación en la intervención y transformación del proceso productivo artesanal de la lana, asociada a la elaboración de textilería con identidad territorial”.",Región de La Araucanía,Malleco,Región de La Araucanía,Región de La Araucanía,Ovinos de lana,Otros productos (elaborados),Textiles,Calidad || Extensión y difusión tecnológica || Gestión || Artesanía / producto artesanal || Manejo productivo,Textilería artesanal en lana de oveja.,Presentación de poncho y gorro de lana teñida.,"Modelo exhibiendo un poncho y gorro elaborados con lana de oveja, destacando el uso de técnicas de tejido a mano. La prenda presenta un diseño de color verde, evidenciando el proceso de teñido natural. El entorno es un espacio cerrado, adecuado para la presentación de productos textiles, con iluminación adecuada que resalta los detalles de la vestimenta.","La imagen ilustra la aplicación de técnicas artesanales en la creación de prendas de vestir, contribuyendo a la valorización de la textilería con identidad territorial y a la competitividad de la cadena de valor ovina."
34,COC-2016-0429_129.JPG,Fotografías,Fotografía,Fundación para la Innovación Agraria (FIA),Victoria,2016,1 Fotografía.,imagen/jpg,3264 x 2448 píxeles,"2,04 MB",OVINOS || IDENTIDAD TERRITORIAL || PRODUCCIÓN ARTESANAL || LANA || TEXTIL || PRODUCTOS || COMPETITIVIDAD,Fotografías,Consultorías,iag,COC-2016-0429,Victoria,Convocatoria Nacional 2016 Consultorías para la innovación,Procesos Innovadores,Región de La Araucanía,General para rubro Ovinos de lana [General para rubro Ovinos de lana],Consultoría COC-2016-0429,Sistemas productivos intensivos,"Esta fotografía está asociada a la Consultoría COC-2016-0429 “Mejorando la competitividad de la cadena de valor ovina a través de la innovación en la intervención y transformación del proceso productivo artesanal de la lana, asociada a la elaboración de textilería con identidad territorial”.",Región de La Araucanía,Malleco,Región de La Araucanía,Región de La Araucanía,Ovinos de lana,Otros productos (elaborados),Textiles,Calidad || Extensión y difusión tecnológica || Gestión || Artesanía / producto artesanal || Manejo productivo,Presentación de textilería artesanal.,Demostración de vestimenta elaborada con lana.,"Artista textil exhibe una chaqueta confeccionada con lana de oveja, destacando técnicas de hilado y teñido. La prenda muestra una combinación de colores y texturas, reflejando la identidad cultural del proceso productivo. El entorno incluye un escenario con fondo neutro y elementos de apoyo visual relacionados con el proyecto de mejora de la cadena de valor ovina.","La imagen resalta la importancia de la innovación en la textilería artesanal, promoviendo la competitividad y la identidad territorial en la producción de lana."
35,COC-2016-0429_13.JPG,Fotografías,Fotografía,Fundación para la Innovación Agraria (FIA),Victoria,2016,1 Fotografía.,imagen/jpg,3264 x 2448 píxeles,"2,60 MB",OVINOS || IDENTIDAD TERRITORIAL || PRODUCCIÓN ARTESANAL || LANA || TEXTIL || PRODUCTOS || COMPETITIVIDAD,Fotografías,Consultorías,iag,COC-2016-0429,Victoria,Convocatoria Nacional 2016 Consultorías para la innovación,Procesos Innovadores,Región de La Araucanía,General para rubro Ovinos de lana [General para rubro Ovinos de lana],Consultoría COC-2016-0429,Sistemas productivos intensivos,"Esta fotografía está asociada a la Consultoría COC-2016-0429 “Mejorando la competitividad de la cadena de valor ovina a través de la innovación en la intervención y transformación del proceso productivo artesanal de la lana, asociada a la elaboración de textilería con identidad territorial”.",Región de La Araucanía,Malleco,Región de La Araucanía,Región de La Araucanía,Ovinos de lana,Otros productos (elaborados),Textiles,Calidad || Extensión y difusión tecnológica || Gestión || Artesanía / producto artesanal || Manejo productivo,Teñido de lana en proceso artesanal.,Proceso de teñido a fuego de lana de oveja.,"Artisanas realizando el proceso de teñido de lana de oveja utilizando un caldero sobre una estufa a gas. Se observa vapor y humo, indicando la aplicación de calor en la mezcla de tintes. Herramientas visibles incluyen cucharas de madera y recipientes metálicos. El entorno es natural, con un suelo cubierto de hojas secas, lo que sugiere un espacio de trabajo al aire libre.","El proceso de teñido a fuego es fundamental para la transformación de la lana, permitiendo la creación de textilería con identidad territorial, en el marco de la mejora de la competitividad de la cadena de valor ovina."
36,COC-2016-0429_130.JPG,Fotografías,Fotografía,Fundación para la Innovación Agraria (FIA),Victoria,2016,1 Fotografía.,imagen/jpg,3264 x 2448 píxeles,"1,58 MB",OVINOS || IDENTIDAD TERRITORIAL || PRODUCCIÓN ARTESANAL || LANA || TEXTIL || PRODUCTOS || COMPETITIVIDAD,Fotografías,Consultorías,iag,COC-2016-0429,Victoria,Convocatoria Nacional 2016 Consultorías para la innovación,Procesos Innovadores,Región de La Araucanía,General para rubro Ovinos de lana [General para rubro Ovinos de lana],Consultoría COC-2016-0429,Sistemas productivos intensivos,"Esta fotografía está asociada a la Consultoría COC-2016-0429 “Mejorando la competitividad de la cadena de valor ovina a través de la innovación en la intervención y transformación del proceso productivo artesanal de la lana, asociada a la elaboración de textilería con identidad territorial”.",Región de La Araucanía,Malleco,Región de La Araucanía,Región de La Araucanía,Ovinos de lana,Otros productos (elaborados),Textiles,Calidad || Extensión y difusión tecnológica || Gestión || Artesanía / producto artesanal || Manejo productivo,Presentación de textilería artesanal.,Demostración de vestimenta con lana de oveja.,"Mujer posando en un escenario, vistiendo una prenda elaborada con lana de oveja. La vestimenta presenta un diseño que refleja la identidad territorial. Al fondo, se observa un telar y herramientas relacionadas con el proceso de producción textil, destacando la conexión entre la moda y la artesanía local.","La imagen resalta la importancia de la textilería artesanal en la valorización de la lana de oveja, promoviendo la identidad cultural y la competitividad en la cadena de valor ovina."
37,COC-2016-0429_131.JPG,Fotografías,Fotografía,Fundación para la Innovación Agraria (FIA),Victoria,2016,1 Fotografía.,imagen/jpg,3264 x 2448 píxeles,"1,83 MB",OVINOS || IDENTIDAD TERRITORIAL || PRODUCCIÓN ARTESANAL || LANA || TEXTIL || PRODUCTOS || COMPETITIVIDAD,Fotografías,Consultorías,iag,COC-2016-0429,Victoria,Convocatoria Nacional 2016 Consultorías para la innovación,Procesos Innovadores,Región de La Araucanía,General para rubro Ovinos de lana [General para rubro Ovinos de lana],Consultoría COC-2016-0429,Sistemas productivos intensivos,"Esta fotografía está asociada a la Consultoría COC-2016-0429 “Mejorando la competitividad de la cadena de valor ovina a través de la innovación en la intervención y transformación del proceso productivo artesanal de la lana, asociada a la elaboración de textilería con identidad territorial”.",Región de La Araucanía,Malleco,Región de La Araucanía,Región de La Araucanía,Ovinos de lana,Otros productos (elaborados),Textiles,Calidad || Extensión y difusión tecnológica || Gestión || Artesanía / producto artesanal || Manejo productivo,Presentación de textilería artesanal.,Demostración de vestimenta con lana de oveja.,"Modelo exhibiendo una prenda de textilería elaborada con lana de oveja, destacando técnicas artesanales. La vestimenta presenta un diseño que integra patrones tradicionales y contemporáneos, utilizando colores naturales. El entorno incluye banderas chilenas y un banner del proyecto, indicando un evento de promoción de la identidad territorial y la innovación en la cadena de valor ovina.","La imagen resalta la fusión de técnicas tradicionales en la elaboración de vestimenta, promoviendo la competitividad y la identidad cultural en la producción de textilería con lana de oveja."
38,COC-2016-0429_132.JPG,Fotografías,Fotografía,Fundación para la Innovación Agraria (FIA),Victoria,2016,1 Fotografía.,imagen/jpg,3264 x 2448 píxeles,"2,10 MB",OVINOS || IDENTIDAD TERRITORIAL || PRODUCCIÓN ARTESANAL || LANA || TEXTIL || PRODUCTOS || COMPETITIVIDAD,Fotografías,Consultorías,iag,COC-2016-0429,Victoria,Convocatoria Nacional 2016 Consultorías para la innovación,Procesos Innovadores,Región de La Araucanía,General para rubro Ovinos de lana [General para rubro Ovinos de lana],Consultoría COC-2016-0429,Sistemas productivos intensivos,"Esta fotografía está asociada a la Consultoría COC-2016-0429 “Mejorando la competitividad de la cadena de valor ovina a través de la innovación en la intervención y transformación del proceso productivo artesanal de la lana, asociada a la elaboración de textilería con identidad territorial”.",Región de La Araucanía,Malleco,Región de La Araucanía,Región de La Araucanía,Ovinos de lana,Otros productos (elaborados),Textiles,Calidad || Extensión y difusión tecnológica || Gestión || Artesanía / producto artesanal || Manejo productivo,Muestra de textilería artesanal en lana.,Presentación de vestimenta elaborada con lana ovina.,"Modelo exhibiendo vestimenta confeccionada con lana de oveja, destacando técnicas de tejido y diseño. La prenda incluye elementos decorativos que reflejan la identidad territorial. El entorno es un espacio de exhibición con iluminación adecuada y fondo neutro, lo que permite resaltar la textilería. Se observa un enfoque en la valorización de la producción artesanal y la innovación en el uso de materiales locales.","La imagen ilustra la aplicación de técnicas de textilería artesanal en lana ovina, promoviendo la identidad cultural y la competitividad en la cadena de valor ovina."
39,COC-2016-0429_133.JPG,Fotografías,Fotografía,Fundación para la Innovación Agraria (FIA),Victoria,2016,1 Fotografía.,imagen/jpg,2448 x 3264 píxeles,"1,96 MB",OVINOS || IDENTIDAD TERRITORIAL || PRODUCCIÓN ARTESANAL || LANA || TEXTIL || PRODUCTOS || COMPETITIVIDAD,Fotografías,Consultorías,iag,COC-2016-0429,Victoria,Convocatoria Nacional 2016 Consultorías para la innovación,Procesos Innovadores,Región de La Araucanía,General para rubro Ovinos de lana [General para rubro Ovinos de lana],Consultoría COC-2016-0429,Sistemas productivos intensivos,"Esta fotografía está asociada a la Consultoría COC-2016-0429 “Mejorando la competitividad de la cadena de valor ovina a través de la innovación en la intervención y transformación del proceso productivo artesanal de la lana, asociada a la elaboración de textilería con identidad territorial”.",Región de La Araucanía,Malleco,Región de La Araucanía,Región de La Araucanía,Ovinos de lana,Otros productos (elaborados),Textiles,Calidad || Extensión y difusión tecnológica || Gestión || Artesanía / producto artesanal || Manejo productivo,Presentación de textilería artesanal.,Modelo de vestimenta con lana de oveja.,"Modelo exhibiendo una prenda de vestir elaborada con lana de oveja, destacando técnicas de teñido y hilado. La vestimenta presenta una combinación de colores que refleja la identidad territorial. El entorno es un espacio de presentación formal, con banderas y un fondo institucional que sugiere un evento relacionado con la promoción de la textilería artesanal.","La imagen resalta la importancia de la textilería artesanal en la cadena de valor ovina, evidenciando la innovación en el diseño y la producción de prendas que fortalecen la identidad cultural y competitividad del sector."
40,COC-2016-0429_134.JPG,Fotografías,Fotografía,Fundación para la Innovación Agraria (FIA),Victoria,2016,1 Fotografía.,imagen/jpg,3264 x 2448 píxeles,"1,74 MB",OVINOS || IDENTIDAD TERRITORIAL || PRODUCCIÓN ARTESANAL || LANA || TEXTIL || PRODUCTOS || COMPETITIVIDAD,Fotografías,Consultorías,iag,COC-2016-0429,Victoria,Convocatoria Nacional 2016 Consultorías para la innovación,Procesos Innovadores,Región de La Araucanía,General para rubro Ovinos de lana [General para rubro Ovinos de lana],Consultoría COC-2016-0429,Sistemas productivos intensivos,"Esta fotografía está asociada a la Consultoría COC-2016-0429 “Mejorando la competitividad de la cadena de valor ovina a través de la innovación en la intervención y transformación del proceso productivo artesanal de la lana, asociada a la elaboración de textilería con identidad territorial”.",Región de La Araucanía,Malleco,Región de La Araucanía,Región de La Araucanía,Ovinos de lana,Otros productos (elaborados),Textiles,Calidad || Extensión y difusión tecnológica || Gestión || Artesanía / producto artesanal || Manejo productivo,Niña con vestimenta de lana artesanal.,Exhibición de vestimenta textil elaborada con lana.,"Niña posando con un vestido de lana artesanal, elaborado mediante técnicas tradicionales de hilado y tejido. El entorno presenta un espacio de exhibición con elementos decorativos que reflejan la identidad cultural. La vestimenta muestra una combinación de colores y texturas, evidenciando el uso de lana de oveja en su confección.","La imagen resalta la importancia de la textilería artesanal en la valorización de la lana de oveja, contribuyendo a la identidad territorial y a la competitividad de la cadena de valor ovina."
41,COC-2016-0429_135.JPG,Fotografías,Fotografía,Fundación para la Innovación Agraria (FIA),Victoria,2016,1 Fotografía.,imagen/jpg,3264 x 2448 píxeles,"2,16 MB",OVINOS || IDENTIDAD TERRITORIAL || PRODUCCIÓN ARTESANAL || LANA || TEXTIL || PRODUCTOS || COMPETITIVIDAD,Fotografías,Consultorías,iag,COC-2016-0429,Victoria,Convocatoria Nacional 2016 Consultorías para la innovación,Procesos Innovadores,Región de La Araucanía,General para rubro Ovinos de lana [General para rubro Ovinos de lana],Consultoría COC-2016-0429,Sistemas productivos intensivos,"Esta fotografía está asociada a la Consultoría COC-2016-0429 “Mejorando la competitividad de la cadena de valor ovina a través de la innovación en la intervención y transformación del proceso productivo artesanal de la lana, asociada a la elaboración de textilería con identidad territorial”.",Región de La Araucanía,Malleco,Región de La Araucanía,Región de La Araucanía,Ovinos de lana,Otros productos (elaborados),Textiles,Calidad || Extensión y difusión tecnológica || Gestión || Artesanía / producto artesanal || Manejo productivo,Modelo exhibiendo textilería artesanal.,Presentación de textilería con identidad territorial.,"Modelo presenta una prenda de textilería elaborada con lana de oveja, destacando el uso de técnicas artesanales. La prenda, de diseño contemporáneo, incorpora elementos tradicionales y coloridos, reflejando la identidad cultural de la región. El entorno es un espacio de exhibición, con un telar y materiales de trabajo visibles en el fondo, lo que sugiere un contexto de producción artesanal.","La imagen resalta la fusión de técnicas tradicionales y diseño moderno en la textilería, contribuyendo a la valorización de la lana de oveja y la identidad territorial en el marco del proyecto de mejora de la cadena de valor ovina."
42,COC-2016-0429_136.JPG,Fotografías,Fotografía,Fundación para la Innovación Agraria (FIA),Victoria,2016,1 Fotografía.,imagen/jpg,3264 x 2448 píxeles,"2,04 MB",OVINOS || IDENTIDAD TERRITORIAL || PRODUCCIÓN ARTESANAL || LANA || TEXTIL || PRODUCTOS || COMPETITIVIDAD,Fotografías,Consultorías,iag,COC-2016-0429,Victoria,Convocatoria Nacional 2016 Consultorías para la innovación,Procesos Innovadores,Región de La Araucanía,General para rubro Ovinos de lana [General para rubro Ovinos de lana],Consultoría COC-2016-0429,Sistemas productivos intensivos,"Esta fotografía está asociada a la Consultoría COC-2016-0429 “Mejorando la competitividad de la cadena de valor ovina a través de la innovación en la intervención y transformación del proceso productivo artesanal de la lana, asociada a la elaboración de textilería con identidad territorial”.",Región de La Araucanía,Malleco,Región de La Araucanía,Región de La Araucanía,Ovinos de lana,Otros productos (elaborados),Textiles,Calidad || Extensión y difusión tecnológica || Gestión || Artesanía / producto artesanal || Manejo productivo,Muestra de textilería artesanal en lana.,Presentación de prenda tejida con lana de oveja.,"Artista textil exhibe una prenda elaborada con lana de oveja, destacando el uso de técnicas tradicionales de tejido. La prenda presenta un diseño con flecos y un colorido que refleja la identidad territorial. El entorno incluye un telar en el fondo, evidenciando el proceso productivo artesanal. La vestimenta de la artesana resalta la conexión con la cultura local.","La imagen ilustra la aplicación de técnicas de textilería artesanal en lana de oveja, contribuyendo a la valorización de la cadena de producción ovina y la identidad cultural asociada."
43,COC-2016-0429_137.JPG,Fotografías,Fotografía,Fundación para la Innovación Agraria (FIA),Victoria,2016,1 Fotografía.,imagen/jpg,3264 x 2448 píxeles,"1,91 MB",OVINOS || IDENTIDAD TERRITORIAL || PRODUCCIÓN ARTESANAL || LANA || TEXTIL || PRODUCTOS || COMPETITIVIDAD,Fotografías,Consultorías,iag,COC-2016-0429,Victoria,Convocatoria Nacional 2016 Consultorías para la innovación,Procesos Innovadores,Región de La Araucanía,General para rubro Ovinos de lana [General para rubro Ovinos de lana],Consultoría COC-2016-0429,Sistemas productivos intensivos,"Esta fotografía está asociada a la Consultoría COC-2016-0429 “Mejorando la competitividad de la cadena de valor ovina a través de la innovación en la intervención y transformación del proceso productivo artesanal de la lana, asociada a la elaboración de textilería con identidad territorial”.",Región de La Araucanía,Malleco,Región de La Araucanía,Región de La Araucanía,Ovinos de lana,Otros productos (elaborados),Textiles,Calidad || Extensión y difusión tecnológica || Gestión || Artesanía / producto artesanal || Manejo productivo,Presentación de artesana en evento textil.,Exposición sobre innovación en textilería ovina.,"Artesana de pie, vistiendo un chaleco de lana, presenta información sobre la cadena de valor ovina. La escena incluye un fondo con proyector y banners institucionales. La vestimenta refleja técnicas tradicionales de confección, destacando la identidad territorial. La artesana sostiene un objeto en la mano, posiblemente relacionado con su exposición.","La imagen resalta la importancia de la innovación en la producción artesanal de lana, promoviendo la competitividad de la cadena de valor ovina y la identidad cultural a través de la textilería."
44,COC-2016-0429_138.JPG,Fotografías,Fotografía,Fundación para la Innovación Agraria (FIA),Victoria,2016,1 Fotografía.,imagen/jpg,3264 x 2448 píxeles,"2,16 MB",OVINOS || IDENTIDAD TERRITORIAL || PRODUCCIÓN ARTESANAL || LANA || TEXTIL || PRODUCTOS || COMPETITIVIDAD,Fotografías,Consultorías,iag,COC-2016-0429,Victoria,Convocatoria Nacional 2016 Consultorías para la innovación,Procesos Innovadores,Región de La Araucanía,General para rubro Ovinos de lana [General para rubro Ovinos de lana],Consultoría COC-2016-0429,Sistemas productivos intensivos,"Esta fotografía está asociada a la Consultoría COC-2016-0429 “Mejorando la competitividad de la cadena de valor ovina a través de la innovación en la intervención y transformación del proceso productivo artesanal de la lana, asociada a la elaboración de textilería con identidad territorial”.",Región de La Araucanía,Malleco,Región de La Araucanía,Región de La Araucanía,Ovinos de lana,Otros productos (elaborados),Textiles,Calidad || Extensión y difusión tecnológica || Gestión || Artesanía / producto artesanal || Manejo productivo,Desfile de textilería artesanal.,Presentación de prendas de lana en pasarela.,"Modelo exhibiendo una prenda de textilería elaborada con lana de oveja, destacando técnicas artesanales. La vestimenta presenta un diseño que refleja la identidad territorial, con un enfoque en la innovación del proceso productivo. El entorno incluye un escenario con fondo neutro y una presentación formal, evidenciando la importancia de la moda en la valorización de la lana ovina.","La imagen resalta la fusión entre la tradición textil y la modernidad, promoviendo la competitividad de la cadena de valor ovina mediante la innovación en la elaboración de prendas artesanales."
45,COC-2016-0429_139.JPG,Fotografías,Fotografía,Fundación para la Innovación Agraria (FIA),Victoria,2016,1 Fotografía.,imagen/jpg,3264 x 2448 píxeles,"2,58 MB",OVINOS || IDENTIDAD TERRITORIAL || PRODUCCIÓN ARTESANAL || LANA || TEXTIL || PRODUCTOS || COMPETITIVIDAD,Fotografías,Consultorías,iag,COC-2016-0429,Victoria,Convocatoria Nacional 2016 Consultorías para la innovación,Procesos Innovadores,Región de La Araucanía,General para rubro Ovinos de lana [General para rubro Ovinos de lana],Consultoría COC-2016-0429,Sistemas productivos intensivos,"Esta fotografía está asociada a la Consultoría COC-2016-0429 “Mejorando la competitividad de la cadena de valor ovina a través de la innovación en la intervención y transformación del proceso productivo artesanal de la lana, asociada a la elaboración de textilería con identidad territorial”.",Región de La Araucanía,Malleco,Región de La Araucanía,Región de La Araucanía,Ovinos de lana,Otros productos (elaborados),Textiles,Calidad || Extensión y difusión tecnológica || Gestión || Artesanía / producto artesanal || Manejo productivo,Demostración de textilería en evento.,Presentación de poncho artesanal en escenario.,"Artista vestido con un poncho de lana de oveja, exhibiendo un diseño tradicional en blanco y negro. El fondo presenta un telar y herramientas de trabajo, indicando el contexto de la producción textil. La escena se desarrolla en un espacio cerrado, con iluminación adecuada para resaltar la vestimenta y el entorno artesanal.","La imagen destaca la importancia de la textilería artesanal en la cadena de valor ovina, promoviendo la identidad territorial y la innovación en procesos productivos."
46,COC-2016-0429_14.JPG,Fotografías,Fotografía,Fundación para la Innovación Agraria (FIA),Victoria,2016,1 Fotografía.,imagen/jpg,3264 x 2448 píxeles,"1,88 MB",OVINOS || IDENTIDAD TERRITORIAL || PRODUCCIÓN ARTESANAL || LANA || TEXTIL || PRODUCTOS || COMPETITIVIDAD,Fotografías,Consultorías,iag,COC-2016-0429,Victoria,Convocatoria Nacional 2016 Consultorías para la innovación,Procesos Innovadores,Región de La Araucanía,General para rubro Ovinos de lana [General para rubro Ovinos de lana],Consultoría COC-2016-0429,Sistemas productivos intensivos,"Esta fotografía está asociada a la Consultoría COC-2016-0429 “Mejorando la competitividad de la cadena de valor ovina a través de la innovación en la intervención y transformación del proceso productivo artesanal de la lana, asociada a la elaboración de textilería con identidad territorial”.",Región de La Araucanía,Malleco,Región de La Araucanía,Región de La Araucanía,Ovinos de lana,Otros productos (elaborados),Textiles,Calidad || Extensión y difusión tecnológica || Gestión || Artesanía / producto artesanal || Manejo productivo,Teñido de lana en proceso artesanal.,Proceso de teñido a fuego de lana de oveja.,"Mujer utilizando un palo para mezclar lana en una olla sobre fuego, en un entorno rural. Se observa vapor y humo, indicando el proceso de teñido. Alrededor, un grupo de personas observa atentamente, participando en la actividad de aprendizaje sobre técnicas de teñido artesanal. Herramientas visibles incluyen ollas de metal y un cilindro de gas.","El proceso de teñido a fuego de lana de oveja es fundamental para la elaboración de textilería con identidad territorial, promoviendo la innovación y competitividad en la cadena de valor ovina."
47,COC-2016-0429_140.JPG,Fotografías,Fotografía,Fundación para la Innovación Agraria (FIA),Victoria,2016,1 Fotografía.,imagen/jpg,3264 x 2448 píxeles,"2,77 MB",OVINOS || IDENTIDAD TERRITORIAL || PRODUCCIÓN ARTESANAL || LANA || TEXTIL || PRODUCTOS || COMPETITIVIDAD,Fotografías,Consultorías,iag,COC-2016-0429,Victoria,Convocatoria Nacional 2016 Consultorías para la innovación,Procesos Innovadores,Región de La Araucanía,General para rubro Ovinos de lana [General para rubro Ovinos de lana],Consultoría COC-2016-0429,Sistemas productivos intensivos,"Esta fotografía está asociada a la Consultoría COC-2016-0429 “Mejorando la competitividad de la cadena de valor ovina a través de la innovación en la intervención y transformación del proceso productivo artesanal de la lana, asociada a la elaboración de textilería con identidad territorial”.",Región de La Araucanía,Malleco,Región de La Araucanía,Región de La Araucanía,Ovinos de lana,Otros productos (elaborados),Textiles,Calidad || Extensión y difusión tecnológica || Gestión || Artesanía / producto artesanal || Manejo productivo,Exhibición de textilería artesanal.,Presentación de prendas de lana por artesanas.,"Grupo de artesanas y artesanos vistiendo prendas elaboradas con lana de oveja, destacando técnicas de tejido y diseño. Las vestimentas reflejan la identidad cultural y territorial, incorporando elementos tradicionales y contemporáneos. Se observa un ambiente de exhibición, con un fondo que sugiere un evento formal de presentación.","La imagen resalta la importancia de la textilería artesanal en la valorización de la cultura local y la competitividad de la cadena de valor ovina, promoviendo la innovación en el proceso productivo de la lana."
48,COC-2016-0429_141.JPG,Fotografías,Fotografía,Fundación para la Innovación Agraria (FIA),Victoria,2016,1 Fotografía.,imagen/jpg,3264 x 2448 píxeles,"2,91 MB",OVINOS || IDENTIDAD TERRITORIAL || PRODUCCIÓN ARTESANAL || LANA || TEXTIL || PRODUCTOS || COMPETITIVIDAD,Fotografías,Consultorías,iag,COC-2016-0429,Victoria,Convocatoria Nacional 2016 Consultorías para la innovación,Procesos Innovadores,Región de La Araucanía,General para rubro Ovinos de lana [General para rubro Ovinos de lana],Consultoría COC-2016-0429,Sistemas productivos intensivos,"Esta fotografía está asociada a la Consultoría COC-2016-0429 “Mejorando la competitividad de la cadena de valor ovina a través de la innovación en la intervención y transformación del proceso productivo artesanal de la lana, asociada a la elaboración de textilería con identidad territorial”.",Región de La Araucanía,Malleco,Región de La Araucanía,Región de La Araucanía,Ovinos de lana,Otros productos (elaborados),Textiles,Calidad || Extensión y difusión tecnológica || Gestión || Artesanía / producto artesanal || Manejo productivo,Exhibición de textilería artesanal.,Presentación de prendas de lana por artesanas.,"Grupo de seis personas vistiendo prendas de textilería elaboradas con lana de oveja, destacando técnicas tradicionales de confección. Las vestimentas presentan colores y patrones que reflejan la identidad cultural territorial. Se utilizan accesorios como collares y cintas que complementan las prendas. El entorno es un auditorio, con un fondo que incluye una pantalla y un banner del proyecto.","La imagen resalta la importancia de la textilería artesanal en la valorización de la cultura local y la competitividad de la cadena de valor ovina, en el marco de la consultoría para mejorar procesos productivos en la elaboración de prendas de lana."
49,COC-2016-0429_142.JPG,Fotografías,Fotografía,Fundación para la Innovación Agraria (FIA),Victoria,2016,1 Fotografía.,imagen/jpg,3264 x 2448 píxeles,"2,78 MB",OVINOS || IDENTIDAD TERRITORIAL || PRODUCCIÓN ARTESANAL || LANA || TEXTIL || PRODUCTOS || COMPETITIVIDAD,Fotografías,Consultorías,iag,COC-2016-0429,Victoria,Convocatoria Nacional 2016 Consultorías para la innovación,Procesos Innovadores,Región de La Araucanía,General para rubro Ovinos de lana [General para rubro Ovinos de lana],Consultoría COC-2016-0429,Sistemas productivos intensivos,"Esta fotografía está asociada a la Consultoría COC-2016-0429 “Mejorando la competitividad de la cadena de valor ovina a través de la innovación en la intervención y transformación del proceso productivo artesanal de la lana, asociada a la elaboración de textilería con identidad territorial”.",Región de La Araucanía,Malleco,Región de La Araucanía,Región de La Araucanía,Ovinos de lana,Otros productos (elaborados),Textiles,Calidad || Extensión y difusión tecnológica || Gestión || Artesanía / producto artesanal || Manejo productivo,Exhibición de textilería artesanal.,Presentación de vestimenta elaborada con lana ovina.,"Grupo de artesanas y artesanos vistiendo prendas de textilería elaboradas con lana de oveja. Las vestimentas presentan técnicas de tejido y teñido, reflejando la identidad cultural y territorial. Se aprecian diferentes estilos y colores, evidenciando la diversidad en el uso de la lana en la confección de ropa. El entorno es un espacio cerrado, adecuado para la presentación de estas obras.","La imagen resalta la importancia de la textilería artesanal en la valorización de la lana ovina, promoviendo la identidad cultural y la competitividad en la cadena de valor ovina."
50,COC-2016-0429_143.JPG,Fotografías,Fotografía,Fundación para la Innovación Agraria (FIA),Victoria,2016,1 Fotografía.,imagen/jpg,3264 x 2448 píxeles,"1,98 MB",OVINOS || IDENTIDAD TERRITORIAL || PRODUCCIÓN ARTESANAL || LANA || TEXTIL || PRODUCTOS || COMPETITIVIDAD,Fotografías,Consultorías,iag,COC-2016-0429,Victoria,Convocatoria Nacional 2016 Consultorías para la innovación,Procesos Innovadores,Región de La Araucanía,General para rubro Ovinos de lana [General para rubro Ovinos de lana],Consultoría COC-2016-0429,Sistemas productivos intensivos,"Esta fotografía está asociada a la Consultoría COC-2016-0429 “Mejorando la competitividad de la cadena de valor ovina a través de la innovación en la intervención y transformación del proceso productivo artesanal de la lana, asociada a la elaboración de textilería con identidad territorial”.",Región de La Araucanía,Malleco,Región de La Araucanía,Región de La Araucanía,Ovinos de lana,Otros productos (elaborados),Textiles,Calidad || Extensión y difusión tecnológica || Gestión || Artesanía / producto artesanal || Manejo productivo,Exhibición de productos alimenticios locales.,Muestra de gastronomía asociada a la cultura ovina.,"Mesa dispuesta con una variedad de productos alimenticios típicos, incluyendo panes, salsas y huevos. Los alimentos reflejan la identidad cultural y territorial de la comunidad, complementando el proceso productivo de la lana con la gastronomía local. Se aprecian elementos como platos de cerámica y vasos, que indican la tradición artesanal en la presentación de la comida.","La imagen resalta la conexión entre la producción ovina y la cultura local, mostrando la importancia de la gastronomía en el fortalecimiento de la identidad territorial y la competitividad de la cadena de valor ovina."
51,COC-2016-0429_144.JPG,Fotografías,Fotografía,Fundación para la Innovación Agraria (FIA),Victoria,2016,1 Fotografía.,imagen/jpg,3264 x 2448 píxeles,"1,80 MB",OVINOS || IDENTIDAD TERRITORIAL || PRODUCCIÓN ARTESANAL || LANA || TEXTIL || PRODUCTOS || COMPETITIVIDAD,Fotografías,Consultorías,iag,COC-2016-0429,Victoria,Convocatoria Nacional 2016 Consultorías para la innovación,Procesos Innovadores,Región de La Araucanía,General para rubro Ovinos de lana [General para rubro Ovinos de lana],Consultoría COC-2016-0429,Sistemas productivos intensivos,"Esta fotografía está asociada a la Consultoría COC-2016-0429 “Mejorando la competitividad de la cadena de valor ovina a través de la innovación en la intervención y transformación del proceso productivo artesanal de la lana, asociada a la elaboración de textilería con identidad territorial”.",Región de La Araucanía,Malleco,Región de La Araucanía,Región de La Araucanía,Ovinos de lana,Otros productos (elaborados),Textiles,Calidad || Extensión y difusión tecnológica || Gestión || Artesanía / producto artesanal || Manejo productivo,Encuentro de artesanas en espacio comunitario.,Interacción y colaboración entre artesanas de la lana.,"Grupo de artesanas y participantes en un evento de intercambio cultural y comercial, en un entorno interior con decoración que refleja la identidad territorial. Se observan elementos de textilería y productos elaborados con lana de oveja, así como la interacción social entre los asistentes, quienes comparten experiencias y conocimientos sobre el proceso productivo artesanal.","La imagen captura un momento clave en la promoción de la cadena de valor ovina, facilitando la colaboración y el aprendizaje entre artesanas, lo que potencia la competitividad del sector textil artesanal."
52,COC-2016-0429_145.JPG,Fotografías,Fotografía,Fundación para la Innovación Agraria (FIA),Victoria,2016,1 Fotografía.,imagen/jpg,3264 x 2448 píxeles,"1,88 MB",OVINOS || IDENTIDAD TERRITORIAL || PRODUCCIÓN ARTESANAL || LANA || TEXTIL || PRODUCTOS || COMPETITIVIDAD,Fotografías,Consultorías,iag,COC-2016-0429,Victoria,Convocatoria Nacional 2016 Consultorías para la innovación,Procesos Innovadores,Región de La Araucanía,General para rubro Ovinos de lana [General para rubro Ovinos de lana],Consultoría COC-2016-0429,Sistemas productivos intensivos,"Esta fotografía está asociada a la Consultoría COC-2016-0429 “Mejorando la competitividad de la cadena de valor ovina a través de la innovación en la intervención y transformación del proceso productivo artesanal de la lana, asociada a la elaboración de textilería con identidad territorial”.",Región de La Araucanía,Malleco,Región de La Araucanía,Región de La Araucanía,Ovinos de lana,Otros productos (elaborados),Textiles,Calidad || Extensión y difusión tecnológica || Gestión || Artesanía / producto artesanal || Manejo productivo,Reunión comunitaria con degustación de productos.,Interacción social en evento de textilería ovina.,"Mesa dispuesta con diversos alimentos típicos, incluyendo pan, queso y bebidas, en un ambiente de reunión comunitaria. Participantes interactúan, promoviendo la cohesión social y el intercambio cultural. La actividad se enmarca en el contexto de la cadena de valor ovina, resaltando la importancia de la comunidad en el proceso productivo artesanal.","La imagen refleja la importancia de la interacción social en el fortalecimiento de la cadena de valor ovina, promoviendo la identidad territorial y el trabajo colaborativo entre artesanas y la comunidad."
53,COC-2016-0429_146.JPG,Fotografías,Fotografía,Fundación para la Innovación Agraria (FIA),Victoria,2016,1 Fotografía.,imagen/jpg,3264 x 2448 píxeles,"2,71 MB",OVINOS || IDENTIDAD TERRITORIAL || PRODUCCIÓN ARTESANAL || LANA || TEXTIL || PRODUCTOS || COMPETITIVIDAD,Fotografías,Consultorías,iag,COC-2016-0429,Victoria,Convocatoria Nacional 2016 Consultorías para la innovación,Procesos Innovadores,Región de La Araucanía,General para rubro Ovinos de lana [General para rubro Ovinos de lana],Consultoría COC-2016-0429,Sistemas productivos intensivos,"Esta fotografía está asociada a la Consultoría COC-2016-0429 “Mejorando la competitividad de la cadena de valor ovina a través de la innovación en la intervención y transformación del proceso productivo artesanal de la lana, asociada a la elaboración de textilería con identidad territorial”.",Región de La Araucanía,Malleco,Región de La Araucanía,Región de La Araucanía,Ovinos de lana,Otros productos (elaborados),Textiles,Calidad || Extensión y difusión tecnológica || Gestión || Artesanía / producto artesanal || Manejo productivo,Artesanas trabajando lana de oveja.,Proceso de hilado de lana en comunidad.,"Tres artesanas participan en el proceso de hilado de lana de oveja. Una de ellas se encuentra en el suelo, manipulando la lana con las manos, mientras las otras dos sostienen el hilo ya hilado. En el fondo, se observa una cocina a leña, que indica un entorno de trabajo tradicional. Las herramientas utilizadas incluyen husos y ovillos de lana, evidenciando la técnica artesanal de hilado.","La imagen refleja el trabajo colaborativo de artesanas en el hilado de lana, resaltando la importancia de la tradición y la identidad territorial en la producción textil artesanal, en el marco del proyecto de mejora de la cadena de valor ovina."
54,COC-2016-0429_147.JPG,Fotografías,Fotografía,Fundación para la Innovación Agraria (FIA),Victoria,2016,1 Fotografía.,imagen/jpg,3264 x 2448 píxeles,"1,67 MB",OVINOS || IDENTIDAD TERRITORIAL || PRODUCCIÓN ARTESANAL || LANA || TEXTIL || PRODUCTOS || COMPETITIVIDAD,Fotografías,Consultorías,iag,COC-2016-0429,Victoria,Convocatoria Nacional 2016 Consultorías para la innovación,Procesos Innovadores,Región de La Araucanía,General para rubro Ovinos de lana [General para rubro Ovinos de lana],Consultoría COC-2016-0429,Sistemas productivos intensivos,"Esta fotografía está asociada a la Consultoría COC-2016-0429 “Mejorando la competitividad de la cadena de valor ovina a través de la innovación en la intervención y transformación del proceso productivo artesanal de la lana, asociada a la elaboración de textilería con identidad territorial”.",Región de La Araucanía,Malleco,Región de La Araucanía,Región de La Araucanía,Ovinos de lana,Otros productos (elaborados),Textiles,Calidad || Extensión y difusión tecnológica || Gestión || Artesanía / producto artesanal || Manejo productivo,Presentación cultural de textilería.,Demostración de técnicas de textilería en comunidad.,"Interacción entre dos mujeres en un evento cultural, donde una presenta técnicas de textilería asociadas a la lana de oveja. La mujer sentada sostiene un objeto textil, mientras que la mujer de pie utiliza un micrófono para explicar el proceso. El fondo incluye el logo de la cooperativa, evidenciando la conexión con la identidad territorial y la valorización de la cultura local.","La imagen resalta la importancia de la transmisión de conocimientos en la textilería, contribuyendo a la competitividad de la cadena de valor ovina y promoviendo la identidad cultural a través de la artesanía."
55,COC-2016-0429_148.JPG,Fotografías,Fotografía,Fundación para la Innovación Agraria (FIA),Victoria,2016,1 Fotografía.,imagen/jpg,3264 x 2448 píxeles,"2,59 MB",OVINOS || IDENTIDAD TERRITORIAL || PRODUCCIÓN ARTESANAL || LANA || TEXTIL || PRODUCTOS || COMPETITIVIDAD,Fotografías,Consultorías,iag,COC-2016-0429,Victoria,Convocatoria Nacional 2016 Consultorías para la innovación,Procesos Innovadores,Región de La Araucanía,General para rubro Ovinos de lana [General para rubro Ovinos de lana],Consultoría COC-2016-0429,Sistemas productivos intensivos,"Esta fotografía está asociada a la Consultoría COC-2016-0429 “Mejorando la competitividad de la cadena de valor ovina a través de la innovación en la intervención y transformación del proceso productivo artesanal de la lana, asociada a la elaboración de textilería con identidad territorial”.",Región de La Araucanía,Malleco,Región de La Araucanía,Región de La Araucanía,Ovinos de lana,Otros productos (elaborados),Textiles,Calidad || Extensión y difusión tecnológica || Gestión || Artesanía / producto artesanal || Manejo productivo,Reunión de artesanas sobre textilería.,Consulta sobre innovación en procesos productivos de lana.,"Grupo de artesanas y un asistente en un aula, participando en una reunión enfocada en la mejora de la competitividad de la cadena de valor ovina. Se observa a las participantes atentas, con materiales de escritura y bebidas, en un entorno académico que facilita el intercambio de conocimientos sobre la transformación del proceso productivo artesanal de la lana.","La imagen refleja un espacio de capacitación donde se discuten estrategias para innovar en la elaboración de textilería, promoviendo la identidad territorial y el desarrollo de habilidades en las artesanas involucradas."
56,COC-2016-0429_149.JPG,Fotografías,Fotografía,Fundación para la Innovación Agraria (FIA),Victoria,2016,1 Fotografía.,imagen/jpg,3264 x 2448 píxeles,"1,97 MB",OVINOS || IDENTIDAD TERRITORIAL || PRODUCCIÓN ARTESANAL || LANA || TEXTIL || PRODUCTOS || COMPETITIVIDAD,Fotografías,Consultorías,iag,COC-2016-0429,Victoria,Convocatoria Nacional 2016 Consultorías para la innovación,Procesos Innovadores,Región de La Araucanía,General para rubro Ovinos de lana [General para rubro Ovinos de lana],Consultoría COC-2016-0429,Sistemas productivos intensivos,"Esta fotografía está asociada a la Consultoría COC-2016-0429 “Mejorando la competitividad de la cadena de valor ovina a través de la innovación en la intervención y transformación del proceso productivo artesanal de la lana, asociada a la elaboración de textilería con identidad territorial”.",Región de La Araucanía,Malleco,Región de La Araucanía,Región de La Araucanía,Ovinos de lana,Otros productos (elaborados),Textiles,Calidad || Extensión y difusión tecnológica || Gestión || Artesanía / producto artesanal || Manejo productivo,Observación de telar artesanal.,Artisanas analizando técnica de tejido.,"Grupo de artesanas observando un telar artesanal en un entorno interior. El telar, construido con materiales naturales, presenta hilos de lana de oveja en proceso de tejido. Las artesanas están concentradas en la técnica de elaboración, lo que indica un intercambio de conocimientos sobre el proceso productivo de la textilería. La pared de madera y la iluminación sugieren un ambiente acogedor y propicio para la enseñanza y el aprendizaje.","La imagen destaca la importancia de la capacitación y el intercambio de saberes en la producción de textilería con lana de oveja, contribuyendo a la competitividad de la cadena de valor ovina."
57,COC-2016-0429_15.JPG,Fotografías,Fotografía,Fundación para la Innovación Agraria (FIA),Victoria,2016,1 Fotografía.,imagen/jpg,3264 x 2448 píxeles,"2,15 MB",OVINOS || IDENTIDAD TERRITORIAL || PRODUCCIÓN ARTESANAL || LANA || TEXTIL || PRODUCTOS || COMPETITIVIDAD,Fotografías,Consultorías,iag,COC-2016-0429,Victoria,Convocatoria Nacional 2016 Consultorías para la innovación,Procesos Innovadores,Región de La Araucanía,General para rubro Ovinos de lana [General para rubro Ovinos de lana],Consultoría COC-2016-0429,Sistemas productivos intensivos,"Esta fotografía está asociada a la Consultoría COC-2016-0429 “Mejorando la competitividad de la cadena de valor ovina a través de la innovación en la intervención y transformación del proceso productivo artesanal de la lana, asociada a la elaboración de textilería con identidad territorial”.",Región de La Araucanía,Malleco,Región de La Araucanía,Región de La Araucanía,Ovinos de lana,Otros productos (elaborados),Textiles,Calidad || Extensión y difusión tecnológica || Gestión || Artesanía / producto artesanal || Manejo productivo,Reunión de artesanas en taller textil.,Intercambio de experiencias en textilería ovina.,"Grupo de artesanas reunidas en un taller, discutiendo técnicas de producción textil. Se observan mesas con utensilios de café y té, lo que sugiere un ambiente de colaboración y aprendizaje. Las participantes están vestidas con ropa de trabajo, algunas sosteniendo tazas, lo que indica un enfoque en la convivencia y el intercambio de conocimientos sobre la elaboración de productos textiles con lana de oveja.","La imagen refleja un espacio de colaboración entre artesanas, fundamental para la mejora de la competitividad en la cadena de valor ovina, promoviendo la innovación en el proceso productivo artesanal."
58,COC-2016-0429_150.JPG,Fotografías,Fotografía,Fundación para la Innovación Agraria (FIA),Victoria,2016,1 Fotografía.,imagen/jpg,3264 x 2448 píxeles,"2,73 MB",OVINOS || IDENTIDAD TERRITORIAL || PRODUCCIÓN ARTESANAL || LANA || TEXTIL || PRODUCTOS || COMPETITIVIDAD,Fotografías,Consultorías,iag,COC-2016-0429,Victoria,Convocatoria Nacional 2016 Consultorías para la innovación,Procesos Innovadores,Región de La Araucanía,General para rubro Ovinos de lana [General para rubro Ovinos de lana],Consultoría COC-2016-0429,Sistemas productivos intensivos,"Esta fotografía está asociada a la Consultoría COC-2016-0429 “Mejorando la competitividad de la cadena de valor ovina a través de la innovación en la intervención y transformación del proceso productivo artesanal de la lana, asociada a la elaboración de textilería con identidad territorial”.",Región de La Araucanía,Malleco,Región de La Araucanía,Región de La Araucanía,Ovinos de lana,Otros productos (elaborados),Textiles,Calidad || Extensión y difusión tecnológica || Gestión || Artesanía / producto artesanal || Manejo productivo,Proceso de tejido en telar artesanal.,Artisanas trabajando en telar con lana ovina.,"Dos artesanas en un entorno de trabajo artesanal, una de ellas operando un telar vertical. La artesana que teje utiliza lana de oveja en colores vibrantes, mientras que la otra observa y asiste en el proceso. Se aprecian herramientas tradicionales y un ambiente que refleja la identidad cultural del trabajo textil en la región.","La imagen destaca la labor artesanal en la elaboración de textilería con lana de oveja, enfatizando la importancia de la intervención en la cadena de valor ovina y la preservación de técnicas tradicionales que fortalecen la identidad territorial."
59,COC-2016-0429_151.JPG,Fotografías,Fotografía,Fundación para la Innovación Agraria (FIA),Victoria,2016,1 Fotografía.,imagen/jpg,3264 x 2448 píxeles,"2,32 MB",OVINOS || IDENTIDAD TERRITORIAL || PRODUCCIÓN ARTESANAL || LANA || TEXTIL || PRODUCTOS || COMPETITIVIDAD,Fotografías,Consultorías,iag,COC-2016-0429,Victoria,Convocatoria Nacional 2016 Consultorías para la innovación,Procesos Innovadores,Región de La Araucanía,General para rubro Ovinos de lana [General para rubro Ovinos de lana],Consultoría COC-2016-0429,Sistemas productivos intensivos,"Esta fotografía está asociada a la Consultoría COC-2016-0429 “Mejorando la competitividad de la cadena de valor ovina a través de la innovación en la intervención y transformación del proceso productivo artesanal de la lana, asociada a la elaboración de textilería con identidad territorial”.",Región de La Araucanía,Malleco,Región de La Araucanía,Región de La Araucanía,Ovinos de lana,Otros productos (elaborados),Textiles,Calidad || Extensión y difusión tecnológica || Gestión || Artesanía / producto artesanal || Manejo productivo,Tejido en telar artesanal.,Proceso de tejido con lana de oveja.,"Artista textil manipulando hilos de lana en un telar artesanal. La escena se desarrolla en un entorno interior con paredes de madera, donde se aprecian herramientas de tejido y materiales en uso. La artesana utiliza técnicas tradicionales para crear textilería que refleja la identidad cultural de la región. La paleta de colores incluye tonos vibrantes, evidenciando el uso de tintes naturales.","El proceso de tejido en telar artesanal es fundamental para la valorización de la lana de oveja, contribuyendo a la competitividad de la cadena de valor ovina y a la preservación de la identidad territorial."
60,COC-2016-0429_152.JPG,Fotografías,Fotografía,Fundación para la Innovación Agraria (FIA),Victoria,2016,1 Fotografía.,imagen/jpg,3264 x 2448 píxeles,"2,06 MB",OVINOS || IDENTIDAD TERRITORIAL || PRODUCCIÓN ARTESANAL || LANA || TEXTIL || PRODUCTOS || COMPETITIVIDAD,Fotografías,Consultorías,iag,COC-2016-0429,Victoria,Convocatoria Nacional 2016 Consultorías para la innovación,Procesos Innovadores,Región de La Araucanía,General para rubro Ovinos de lana [General para rubro Ovinos de lana],Consultoría COC-2016-0429,Sistemas productivos intensivos,"Esta fotografía está asociada a la Consultoría COC-2016-0429 “Mejorando la competitividad de la cadena de valor ovina a través de la innovación en la intervención y transformación del proceso productivo artesanal de la lana, asociada a la elaboración de textilería con identidad territorial”.",Región de La Araucanía,Malleco,Región de La Araucanía,Región de La Araucanía,Ovinos de lana,Otros productos (elaborados),Textiles,Calidad || Extensión y difusión tecnológica || Gestión || Artesanía / producto artesanal || Manejo productivo,Proceso de tejido en telar artesanal.,Tejido de textilería con lana de oveja.,"Tejido en telar artesanal que presenta una franja de lana en tonos amarillos y verdes. Se aprecian hilos de lana blanca en la parte superior, listos para ser incorporados al diseño. El telar está construido con madera, mostrando la estructura que sostiene el tejido en proceso. La técnica utilizada refleja la tradición artesanal y la identidad territorial de la textilería chilena.","El proceso de tejido en telar artesanal es fundamental para la producción de textilería con lana de oveja, contribuyendo a la competitividad de la cadena de valor ovina mediante la innovación en técnicas tradicionales."
61,COC-2016-0429_153.JPG,Fotografías,Fotografía,Fundación para la Innovación Agraria (FIA),Victoria,2016,1 Fotografía.,imagen/jpg,3264 x 2448 píxeles,"2,04 MB",OVINOS || IDENTIDAD TERRITORIAL || PRODUCCIÓN ARTESANAL || LANA || TEXTIL || PRODUCTOS || COMPETITIVIDAD,Fotografías,Consultorías,iag,COC-2016-0429,Victoria,Convocatoria Nacional 2016 Consultorías para la innovación,Procesos Innovadores,Región de La Araucanía,General para rubro Ovinos de lana [General para rubro Ovinos de lana],Consultoría COC-2016-0429,Sistemas productivos intensivos,"Esta fotografía está asociada a la Consultoría COC-2016-0429 “Mejorando la competitividad de la cadena de valor ovina a través de la innovación en la intervención y transformación del proceso productivo artesanal de la lana, asociada a la elaboración de textilería con identidad territorial”.",Región de La Araucanía,Malleco,Región de La Araucanía,Región de La Araucanía,Ovinos de lana,Otros productos (elaborados),Textiles,Calidad || Extensión y difusión tecnológica || Gestión || Artesanía / producto artesanal || Manejo productivo,Teñido de lana en degradé.,Proceso de teñido a fuego de hilos de lana.,"Hilos de lana dispuestos en un telar, presentando un patrón de degradé en tonos rojos y blancos. La técnica de teñido a fuego se utiliza para lograr la variación de color, destacando la artesanía y el uso de materiales locales. El entorno muestra una estructura de madera que sostiene los hilos, evidenciando el proceso artesanal.",El proceso de teñido a fuego en la textilería artesanal contribuye a la identidad territorial y competitividad de la cadena de valor ovina en Chile.
62,COC-2016-0429_154.JPG,Fotografías,Fotografía,Fundación para la Innovación Agraria (FIA),Victoria,2016,1 Fotografía.,imagen/jpg,3264 x 2448 píxeles,"2,27 MB",OVINOS || IDENTIDAD TERRITORIAL || PRODUCCIÓN ARTESANAL || LANA || TEXTIL || PRODUCTOS || COMPETITIVIDAD,Fotografías,Consultorías,iag,COC-2016-0429,Victoria,Convocatoria Nacional 2016 Consultorías para la innovación,Procesos Innovadores,Región de La Araucanía,General para rubro Ovinos de lana [General para rubro Ovinos de lana],Consultoría COC-2016-0429,Sistemas productivos intensivos,"Esta fotografía está asociada a la Consultoría COC-2016-0429 “Mejorando la competitividad de la cadena de valor ovina a través de la innovación en la intervención y transformación del proceso productivo artesanal de la lana, asociada a la elaboración de textilería con identidad territorial”.",Región de La Araucanía,Malleco,Región de La Araucanía,Región de La Araucanía,Ovinos de lana,Otros productos (elaborados),Textiles,Calidad || Extensión y difusión tecnológica || Gestión || Artesanía / producto artesanal || Manejo productivo,Textilería artesanal en telar.,Proceso de tejido con lana de oveja.,"Muestra de un tejido en proceso, elaborado en telar con lana de oveja. Se aprecian hilos de colores rojo, blanco y azul, organizados en un patrón que refleja técnicas tradicionales de textilería. El telar se encuentra montado en un entorno de trabajo, con una estructura de madera que sostiene el tejido en desarrollo.","La imagen ilustra el proceso de elaboración de textilería artesanal, destacando la importancia de la lana de oveja y las técnicas de tejido que contribuyen a la identidad cultural y competitividad de la cadena de valor ovina en Chile."
63,COC-2016-0429_155.JPG,Fotografías,Fotografía,Fundación para la Innovación Agraria (FIA),Victoria,2016,1 Fotografía.,imagen/jpg,3264 x 2448 píxeles,"2,56 MB",OVINOS || IDENTIDAD TERRITORIAL || PRODUCCIÓN ARTESANAL || LANA || TEXTIL || PRODUCTOS || COMPETITIVIDAD,Fotografías,Consultorías,iag,COC-2016-0429,Victoria,Convocatoria Nacional 2016 Consultorías para la innovación,Procesos Innovadores,Región de La Araucanía,General para rubro Ovinos de lana [General para rubro Ovinos de lana],Consultoría COC-2016-0429,Sistemas productivos intensivos,"Esta fotografía está asociada a la Consultoría COC-2016-0429 “Mejorando la competitividad de la cadena de valor ovina a través de la innovación en la intervención y transformación del proceso productivo artesanal de la lana, asociada a la elaboración de textilería con identidad territorial”.",Región de La Araucanía,Malleco,Región de La Araucanía,Región de La Araucanía,Ovinos de lana,Otros productos (elaborados),Textiles,Calidad || Extensión y difusión tecnológica || Gestión || Artesanía / producto artesanal || Manejo productivo,Reunión de artesanas sobre textilería.,Consulta sobre innovación en procesos productivos.,"Reunión de artesanas en un espacio cerrado, donde se discuten estrategias para mejorar la competitividad en la cadena de valor ovina. Se observa una mesa con documentos y herramientas de trabajo, así como participantes con tazas, indicando un ambiente colaborativo. La presencia de un facilitador al frente sugiere la transmisión de conocimientos sobre la intervención y transformación del proceso productivo artesanal de la lana.","La imagen refleja un encuentro clave para la innovación en la elaboración de textilería, promoviendo la identidad territorial y la mejora de la competitividad en la cadena de valor ovina."
64,COC-2016-0429_156.JPG,Fotografías,Fotografía,Fundación para la Innovación Agraria (FIA),Victoria,2016,1 Fotografía.,imagen/jpg,3264 x 2448 píxeles,"2,31 MB",OVINOS || IDENTIDAD TERRITORIAL || PRODUCCIÓN ARTESANAL || LANA || TEXTIL || PRODUCTOS || COMPETITIVIDAD,Fotografías,Consultorías,iag,COC-2016-0429,Victoria,Convocatoria Nacional 2016 Consultorías para la innovación,Procesos Innovadores,Región de La Araucanía,General para rubro Ovinos de lana [General para rubro Ovinos de lana],Consultoría COC-2016-0429,Sistemas productivos intensivos,"Esta fotografía está asociada a la Consultoría COC-2016-0429 “Mejorando la competitividad de la cadena de valor ovina a través de la innovación en la intervención y transformación del proceso productivo artesanal de la lana, asociada a la elaboración de textilería con identidad territorial”.",Región de La Araucanía,Malleco,Región de La Araucanía,Región de La Araucanía,Ovinos de lana,Otros productos (elaborados),Textiles,Calidad || Extensión y difusión tecnológica || Gestión || Artesanía / producto artesanal || Manejo productivo,Reunión de artesanas en taller.,Intercambio de experiencias en textilería ovina.,"Grupo de artesanas participando en una reunión en un espacio de trabajo. Se observa una mesa con computadoras y documentos, mientras las participantes sostienen tazas, indicando un momento de intercambio y reflexión. El entorno presenta paredes de madera y herramientas de telar en el fondo, lo que sugiere un enfoque en la producción artesanal de textilería con lana de oveja.","La imagen refleja un espacio de colaboración entre artesanas, promoviendo la competitividad en la cadena de valor ovina mediante la innovación en procesos productivos artesanales."
65,COC-2016-0429_157.JPG,Fotografías,Fotografía,Fundación para la Innovación Agraria (FIA),Victoria,2016,1 Fotografía.,imagen/jpg,3264 x 2448 píxeles,"2,04 MB",OVINOS || IDENTIDAD TERRITORIAL || PRODUCCIÓN ARTESANAL || LANA || TEXTIL || PRODUCTOS || COMPETITIVIDAD,Fotografías,Consultorías,iag,COC-2016-0429,Victoria,Convocatoria Nacional 2016 Consultorías para la innovación,Procesos Innovadores,Región de La Araucanía,General para rubro Ovinos de lana [General para rubro Ovinos de lana],Consultoría COC-2016-0429,Sistemas productivos intensivos,"Esta fotografía está asociada a la Consultoría COC-2016-0429 “Mejorando la competitividad de la cadena de valor ovina a través de la innovación en la intervención y transformación del proceso productivo artesanal de la lana, asociada a la elaboración de textilería con identidad territorial”.",Región de La Araucanía,Malleco,Región de La Araucanía,Región de La Araucanía,Ovinos de lana,Otros productos (elaborados),Textiles,Calidad || Extensión y difusión tecnológica || Gestión || Artesanía / producto artesanal || Manejo productivo,Reunión de artesanas en taller textil.,Artesanas colaborando en proceso de textilería.,"Grupo de artesanas sentadas en sillas plásticas dentro de un taller textil. Algunas sostienen tazas, mientras otras tienen herramientas de trabajo como palos de tejido. El entorno presenta paredes de madera y estructuras de telar en el fondo, indicando un espacio dedicado a la producción artesanal de textilería con lana de oveja.","La imagen refleja la colaboración y el intercambio de conocimientos entre artesanas en un taller textil, esencial para la mejora de la competitividad en la cadena de valor ovina."
66,COC-2016-0429_158.JPG,Fotografías,Fotografía,Fundación para la Innovación Agraria (FIA),Victoria,2016,1 Fotografía.,imagen/jpg,3264 x 2448 píxeles,"2,48 MB",OVINOS || IDENTIDAD TERRITORIAL || PRODUCCIÓN ARTESANAL || LANA || TEXTIL || PRODUCTOS || COMPETITIVIDAD,Fotografías,Consultorías,iag,COC-2016-0429,Victoria,Convocatoria Nacional 2016 Consultorías para la innovación,Procesos Innovadores,Región de La Araucanía,General para rubro Ovinos de lana [General para rubro Ovinos de lana],Consultoría COC-2016-0429,Sistemas productivos intensivos,"Esta fotografía está asociada a la Consultoría COC-2016-0429 “Mejorando la competitividad de la cadena de valor ovina a través de la innovación en la intervención y transformación del proceso productivo artesanal de la lana, asociada a la elaboración de textilería con identidad territorial”.",Región de La Araucanía,Malleco,Región de La Araucanía,Región de La Araucanía,Ovinos de lana,Otros productos (elaborados),Textiles,Calidad || Extensión y difusión tecnológica || Gestión || Artesanía / producto artesanal || Manejo productivo,Teñido de lana con técnicas artesanales.,Proceso de teñido a fuego de lana de oveja.,"Grupo de artesanas realizando el proceso de teñido de lana de oveja utilizando un caldero sobre un fogón a gas. Se observa la preparación de la mezcla de colorantes naturales, así como la atención y supervisión del proceso por parte de las participantes. Herramientas visibles incluyen un caldero, una olla, y utensilios de madera para la mezcla.","El proceso de teñido a fuego es fundamental en la transformación de la lana, permitiendo la creación de textilería con identidad territorial, mejorando así la competitividad de la cadena de valor ovina."
67,COC-2016-0429_159.JPG,Fotografías,Fotografía,Fundación para la Innovación Agraria (FIA),Victoria,2016,1 Fotografía.,imagen/jpg,3264 x 2448 píxeles,"2,72 MB",OVINOS || IDENTIDAD TERRITORIAL || PRODUCCIÓN ARTESANAL || LANA || TEXTIL || PRODUCTOS || COMPETITIVIDAD,Fotografías,Consultorías,iag,COC-2016-0429,Victoria,Convocatoria Nacional 2016 Consultorías para la innovación,Procesos Innovadores,Región de La Araucanía,General para rubro Ovinos de lana [General para rubro Ovinos de lana],Consultoría COC-2016-0429,Sistemas productivos intensivos,"Esta fotografía está asociada a la Consultoría COC-2016-0429 “Mejorando la competitividad de la cadena de valor ovina a través de la innovación en la intervención y transformación del proceso productivo artesanal de la lana, asociada a la elaboración de textilería con identidad territorial”.",Región de La Araucanía,Malleco,Región de La Araucanía,Región de La Araucanía,Ovinos de lana,Otros productos (elaborados),Textiles,Calidad || Extensión y difusión tecnológica || Gestión || Artesanía / producto artesanal || Manejo productivo,Proceso de teñido de lana.,Teñido a fuego de lana con plantas naturales.,"Mujeres en un entorno rural realizan el proceso de teñido de lana utilizando un caldero sobre fuego. Una de las artesanas mezcla las plantas en el agua caliente con una vara de madera, mientras la otra observa. Se utilizan herramientas como el caldero de acero inoxidable y una olla de agua. El entorno incluye vegetación y una estructura de metal que sugiere un espacio de trabajo artesanal.","El proceso de teñido a fuego con plantas naturales es fundamental para la elaboración de textilería con identidad territorial, mejorando la competitividad de la cadena de valor ovina mediante la innovación en técnicas artesanales."
68,COC-2016-0429_16.JPG,Fotografías,Fotografía,Fundación para la Innovación Agraria (FIA),Victoria,2016,1 Fotografía.,imagen/jpg,3264 x 2448 píxeles,"2,16 MB",OVINOS || IDENTIDAD TERRITORIAL || PRODUCCIÓN ARTESANAL || LANA || TEXTIL || PRODUCTOS || COMPETITIVIDAD,Fotografías,Consultorías,iag,COC-2016-0429,Victoria,Convocatoria Nacional 2016 Consultorías para la innovación,Procesos Innovadores,Región de La Araucanía,General para rubro Ovinos de lana [General para rubro Ovinos de lana],Consultoría COC-2016-0429,Sistemas productivos intensivos,"Esta fotografía está asociada a la Consultoría COC-2016-0429 “Mejorando la competitividad de la cadena de valor ovina a través de la innovación en la intervención y transformación del proceso productivo artesanal de la lana, asociada a la elaboración de textilería con identidad territorial”.",Región de La Araucanía,Malleco,Región de La Araucanía,Región de La Araucanía,Ovinos de lana,Otros productos (elaborados),Textiles,Calidad || Extensión y difusión tecnológica || Gestión || Artesanía / producto artesanal || Manejo productivo,Reunión de artesanas en taller textil.,Encuentro para mejorar procesos de producción textil.,"Grupo de artesanas reunidas en un taller, discutiendo técnicas de producción y estrategias para la elaboración de textilería con lana de oveja. Se observan mesas con materiales de trabajo, tazas de café y un ambiente de colaboración. La interacción entre las participantes sugiere un enfoque en la innovación y el fortalecimiento de la cadena de valor ovina.","La imagen refleja un espacio de intercambio y capacitación entre artesanas, fundamental para la mejora de la competitividad en la producción textil artesanal, en el marco del proyecto de intervención en la cadena de valor ovina."
69,COC-2016-0429_160.JPG,Fotografías,Fotografía,Fundación para la Innovación Agraria (FIA),Victoria,2016,1 Fotografía.,imagen/jpg,3264 x 2448 píxeles,"2,09 MB",OVINOS || IDENTIDAD TERRITORIAL || PRODUCCIÓN ARTESANAL || LANA || TEXTIL || PRODUCTOS || COMPETITIVIDAD,Fotografías,Consultorías,iag,COC-2016-0429,Victoria,Convocatoria Nacional 2016 Consultorías para la innovación,Procesos Innovadores,Región de La Araucanía,General para rubro Ovinos de lana [General para rubro Ovinos de lana],Consultoría COC-2016-0429,Sistemas productivos intensivos,"Esta fotografía está asociada a la Consultoría COC-2016-0429 “Mejorando la competitividad de la cadena de valor ovina a través de la innovación en la intervención y transformación del proceso productivo artesanal de la lana, asociada a la elaboración de textilería con identidad territorial”.",Región de La Araucanía,Malleco,Región de La Araucanía,Región de La Araucanía,Ovinos de lana,Otros productos (elaborados),Textiles,Calidad || Extensión y difusión tecnológica || Gestión || Artesanía / producto artesanal || Manejo productivo,Teñido de lana con plantas naturales.,Proceso de teñido a fuego de lana artesanal.,"Dos artesanas realizan el proceso de teñido de lana utilizando un caldero al fuego. Una de las mujeres, con un palo de madera, mezcla la lana en el agua caliente, mientras la otra observa. El entorno es rústico, con una estructura metálica de fondo y vegetación alrededor. Se emplean técnicas tradicionales que resaltan la identidad territorial del textil chileno.","El proceso de teñido a fuego con plantas naturales es fundamental para la elaboración de textilería con identidad territorial, mejorando la competitividad de la cadena de valor ovina."
70,COC-2016-0429_161.JPG,Fotografías,Fotografía,Fundación para la Innovación Agraria (FIA),Victoria,2016,1 Fotografía.,imagen/jpg,1920 x 1080 píxeles,"1,36 MB",OVINOS || IDENTIDAD TERRITORIAL || PRODUCCIÓN ARTESANAL || LANA || TEXTIL || PRODUCTOS || COMPETITIVIDAD,Fotografías,Consultorías,iag,COC-2016-0429,Victoria,Convocatoria Nacional 2016 Consultorías para la innovación,Procesos Innovadores,Región de La Araucanía,General para rubro Ovinos de lana [General para rubro Ovinos de lana],Consultoría COC-2016-0429,Sistemas productivos intensivos,"Esta fotografía está asociada a la Consultoría COC-2016-0429 “Mejorando la competitividad de la cadena de valor ovina a través de la innovación en la intervención y transformación del proceso productivo artesanal de la lana, asociada a la elaboración de textilería con identidad territorial”.",Región de La Araucanía,Malleco,Región de La Araucanía,Región de La Araucanía,Ovinos de lana,Otros productos (elaborados),Textiles,Calidad || Extensión y difusión tecnológica || Gestión || Artesanía / producto artesanal || Manejo productivo,Proceso de tejido en telar artesanal.,Tejido de textilería con lana de oveja.,"Telar artesanal en uso, con hilos de lana de oveja en proceso de tejido. Se aprecian herramientas como el palillo de telar y la disposición de los hilos en el marco. El entorno es un taller de artesanía, con materiales naturales y una estética que refleja la identidad territorial. La técnica de tejido empleada es representativa de la cultura local.","El proceso de tejido en telar artesanal destaca la importancia de la lana de oveja en la producción textil, contribuyendo a la competitividad de la cadena de valor ovina y promoviendo la identidad cultural a través de la artesanía."
71,COC-2016-0429_162.JPG,Fotografías,Fotografía,Fundación para la Innovación Agraria (FIA),Victoria,2016,1 Fotografía.,imagen/jpg,3264 x 2448 píxeles,"2,52 MB",OVINOS || IDENTIDAD TERRITORIAL || PRODUCCIÓN ARTESANAL || LANA || TEXTIL || PRODUCTOS || COMPETITIVIDAD,Fotografías,Consultorías,iag,COC-2016-0429,Victoria,Convocatoria Nacional 2016 Consultorías para la innovación,Procesos Innovadores,Región de La Araucanía,General para rubro Ovinos de lana [General para rubro Ovinos de lana],Consultoría COC-2016-0429,Sistemas productivos intensivos,"Esta fotografía está asociada a la Consultoría COC-2016-0429 “Mejorando la competitividad de la cadena de valor ovina a través de la innovación en la intervención y transformación del proceso productivo artesanal de la lana, asociada a la elaboración de textilería con identidad territorial”.",Región de La Araucanía,Malleco,Región de La Araucanía,Región de La Araucanía,Ovinos de lana,Otros productos (elaborados),Textiles,Calidad || Extensión y difusión tecnológica || Gestión || Artesanía / producto artesanal || Manejo productivo,Proceso de hilado de lana de oveja.,Artisanas hilando lana en entorno rural.,"Dos artesanas participan en el proceso de hilado de lana de oveja, utilizando herramientas manuales. Una de ellas sostiene un ovillo de lana mientras la otra trabaja en la elaboración del hilo. El entorno es rural, con un fondo de metal corrugado y vegetación en el suelo. Se observa vapor, indicando un proceso de teñido o tratamiento de la lana.","La imagen ilustra el proceso artesanal de hilado de lana, fundamental en la cadena de valor ovina, destacando la colaboración entre artesanas y la importancia de la tradición en la producción textil con identidad territorial."
72,COC-2016-0429_163.JPG,Fotografías,Fotografía,Fundación para la Innovación Agraria (FIA),Victoria,2016,1 Fotografía.,imagen/jpg,3264 x 2448 píxeles,"3,09 MB",OVINOS || IDENTIDAD TERRITORIAL || PRODUCCIÓN ARTESANAL || LANA || TEXTIL || PRODUCTOS || COMPETITIVIDAD,Fotografías,Consultorías,iag,COC-2016-0429,Victoria,Convocatoria Nacional 2016 Consultorías para la innovación,Procesos Innovadores,Región de La Araucanía,General para rubro Ovinos de lana [General para rubro Ovinos de lana],Consultoría COC-2016-0429,Sistemas productivos intensivos,"Esta fotografía está asociada a la Consultoría COC-2016-0429 “Mejorando la competitividad de la cadena de valor ovina a través de la innovación en la intervención y transformación del proceso productivo artesanal de la lana, asociada a la elaboración de textilería con identidad territorial”.",Región de La Araucanía,Malleco,Región de La Araucanía,Región de La Araucanía,Ovinos de lana,Otros productos (elaborados),Textiles,Calidad || Extensión y difusión tecnológica || Gestión || Artesanía / producto artesanal || Manejo productivo,Proceso de teñido de lana.,Artisanas realizando teñido a fuego de lana.,"Grupo de artesanas en un entorno al aire libre, participando en el proceso de teñido de lana utilizando un recipiente metálico sobre una fuente de calor. Se observa vapor emanando del recipiente, indicando la actividad de cocción. Algunas mujeres están documentando el proceso con dispositivos móviles, mientras otras observan y toman notas. El área está rodeada de hojas secas, lo que sugiere un ambiente natural y de trabajo comunitario.","La imagen ilustra una actividad clave en la cadena de valor ovina, enfocada en la innovación del teñido artesanal de lana, promoviendo la identidad territorial y la competitividad del sector textil."
73,COC-2016-0429_164.JPG,Fotografías,Fotografía,Fundación para la Innovación Agraria (FIA),Victoria,2016,1 Fotografía.,imagen/jpg,3264 x 2448 píxeles,"2,66 MB",OVINOS || IDENTIDAD TERRITORIAL || PRODUCCIÓN ARTESANAL || LANA || TEXTIL || PRODUCTOS || COMPETITIVIDAD,Fotografías,Consultorías,iag,COC-2016-0429,Victoria,Convocatoria Nacional 2016 Consultorías para la innovación,Procesos Innovadores,Región de La Araucanía,General para rubro Ovinos de lana [General para rubro Ovinos de lana],Consultoría COC-2016-0429,Sistemas productivos intensivos,"Esta fotografía está asociada a la Consultoría COC-2016-0429 “Mejorando la competitividad de la cadena de valor ovina a través de la innovación en la intervención y transformación del proceso productivo artesanal de la lana, asociada a la elaboración de textilería con identidad territorial”.",Región de La Araucanía,Malleco,Región de La Araucanía,Región de La Araucanía,Ovinos de lana,Otros productos (elaborados),Textiles,Calidad || Extensión y difusión tecnológica || Gestión || Artesanía / producto artesanal || Manejo productivo,Teñido de lana en olla a fuego.,Proceso de teñido artesanal de lana con técnicas tradicionales.,"Proceso de teñido de lana de oveja en olla sobre fuego. Se observa a un artesano manipulando una vara en el agua hirviendo, mientras el vapor se eleva. Al fondo, varias mujeres observan el proceso, evidenciando la colaboración comunitaria. El entorno es rústico, con elementos naturales y materiales reciclados que forman parte del espacio de trabajo.","El teñido de lana es una etapa crucial en la producción textil artesanal, que potencia la identidad territorial y la competitividad de la cadena de valor ovina, promoviendo prácticas sostenibles y colaborativas entre las artesanas."
74,COC-2016-0429_165.JPG,Fotografías,Fotografía,Fundación para la Innovación Agraria (FIA),Victoria,2016,1 Fotografía.,imagen/jpg,3264 x 2448 píxeles,"2,05 MB",OVINOS || IDENTIDAD TERRITORIAL || PRODUCCIÓN ARTESANAL || LANA || TEXTIL || PRODUCTOS || COMPETITIVIDAD,Fotografías,Consultorías,iag,COC-2016-0429,Victoria,Convocatoria Nacional 2016 Consultorías para la innovación,Procesos Innovadores,Región de La Araucanía,General para rubro Ovinos de lana [General para rubro Ovinos de lana],Consultoría COC-2016-0429,Sistemas productivos intensivos,"Esta fotografía está asociada a la Consultoría COC-2016-0429 “Mejorando la competitividad de la cadena de valor ovina a través de la innovación en la intervención y transformación del proceso productivo artesanal de la lana, asociada a la elaboración de textilería con identidad territorial”.",Región de La Araucanía,Malleco,Región de La Araucanía,Región de La Araucanía,Ovinos de lana,Otros productos (elaborados),Textiles,Calidad || Extensión y difusión tecnológica || Gestión || Artesanía / producto artesanal || Manejo productivo,Proceso de teñido de lana.,Artisanas realizando teñido de lana en olla.,"Artisanas en un entorno rural llevan a cabo el proceso de teñido de lana de oveja. Una de las mujeres sostiene mechones de lana mientras otra se encarga de la olla donde se realiza el teñido. Se utilizan herramientas como una olla de metal y un fogón. El ambiente es de trabajo colaborativo, con vegetación circundante y una estructura de metal en el fondo.","El proceso de teñido de lana es fundamental para la creación de textilería con identidad territorial, mejorando la competitividad de la cadena de valor ovina mediante la innovación en técnicas artesanales."
75,COC-2016-0429_166.JPG,Fotografías,Fotografía,Fundación para la Innovación Agraria (FIA),Victoria,2016,1 Fotografía.,imagen/jpg,3264 x 2448 píxeles,"2,39 MB",OVINOS || IDENTIDAD TERRITORIAL || PRODUCCIÓN ARTESANAL || LANA || TEXTIL || PRODUCTOS || COMPETITIVIDAD,Fotografías,Consultorías,iag,COC-2016-0429,Victoria,Convocatoria Nacional 2016 Consultorías para la innovación,Procesos Innovadores,Región de La Araucanía,General para rubro Ovinos de lana [General para rubro Ovinos de lana],Consultoría COC-2016-0429,Sistemas productivos intensivos,"Esta fotografía está asociada a la Consultoría COC-2016-0429 “Mejorando la competitividad de la cadena de valor ovina a través de la innovación en la intervención y transformación del proceso productivo artesanal de la lana, asociada a la elaboración de textilería con identidad territorial”.",Región de La Araucanía,Malleco,Región de La Araucanía,Región de La Araucanía,Ovinos de lana,Otros productos (elaborados),Textiles,Calidad || Extensión y difusión tecnológica || Gestión || Artesanía / producto artesanal || Manejo productivo,Teñido de lana con técnicas tradicionales.,Proceso de teñido a fuego de lana artesanal.,"Artisanas en un entorno rural realizan el proceso de teñido de lana utilizando una olla de gran tamaño. Una mujer mezcla la lana en un líquido caliente, mientras dos mujeres observan. Se utilizan herramientas como una cuchara de madera y recipientes para el teñido. El entorno es rústico, con paredes de metal y vegetación cercana, reflejando la conexión con la identidad territorial.","El proceso de teñido a fuego es fundamental para la transformación de la lana en productos textiles, fortaleciendo la cadena de valor ovina y promoviendo la identidad cultural a través de técnicas artesanales."
76,COC-2016-0429_167.JPG,Fotografías,Fotografía,Fundación para la Innovación Agraria (FIA),Victoria,2016,1 Fotografía.,imagen/jpg,3264 x 2448 píxeles,"2,57 MB",OVINOS || IDENTIDAD TERRITORIAL || PRODUCCIÓN ARTESANAL || LANA || TEXTIL || PRODUCTOS || COMPETITIVIDAD,Fotografías,Consultorías,iag,COC-2016-0429,Victoria,Convocatoria Nacional 2016 Consultorías para la innovación,Procesos Innovadores,Región de La Araucanía,General para rubro Ovinos de lana [General para rubro Ovinos de lana],Consultoría COC-2016-0429,Sistemas productivos intensivos,"Esta fotografía está asociada a la Consultoría COC-2016-0429 “Mejorando la competitividad de la cadena de valor ovina a través de la innovación en la intervención y transformación del proceso productivo artesanal de la lana, asociada a la elaboración de textilería con identidad territorial”.",Región de La Araucanía,Malleco,Región de La Araucanía,Región de La Araucanía,Ovinos de lana,Otros productos (elaborados),Textiles,Calidad || Extensión y difusión tecnológica || Gestión || Artesanía / producto artesanal || Manejo productivo,Teñido de lana en olla.,Proceso de teñido a fuego de lana ovina.,"Olla de gran tamaño en la que se lleva a cabo el proceso de teñido de lana ovina. La lana se encuentra sumergida en agua caliente, generando vapor. Una herramienta de madera se utiliza para mezclar la lana en el líquido, asegurando una distribución uniforme del color. El entorno presenta elementos naturales como hojas secas y vegetación, indicando un contexto rural y artesanal.","El proceso de teñido a fuego es fundamental para la transformación de la lana, contribuyendo a la identidad territorial de la textilería artesanal en la cadena de valor ovina."
77,COC-2016-0429_168.JPG,Fotografías,Fotografía,Fundación para la Innovación Agraria (FIA),Victoria,2016,1 Fotografía.,imagen/jpg,3264 x 2448 píxeles,"3,05 MB",OVINOS || IDENTIDAD TERRITORIAL || PRODUCCIÓN ARTESANAL || LANA || TEXTIL || PRODUCTOS || COMPETITIVIDAD,Fotografías,Consultorías,iag,COC-2016-0429,Victoria,Convocatoria Nacional 2016 Consultorías para la innovación,Procesos Innovadores,Región de La Araucanía,General para rubro Ovinos de lana [General para rubro Ovinos de lana],Consultoría COC-2016-0429,Sistemas productivos intensivos,"Esta fotografía está asociada a la Consultoría COC-2016-0429 “Mejorando la competitividad de la cadena de valor ovina a través de la innovación en la intervención y transformación del proceso productivo artesanal de la lana, asociada a la elaboración de textilería con identidad territorial”.",Región de La Araucanía,Malleco,Región de La Araucanía,Región de La Araucanía,Ovinos de lana,Otros productos (elaborados),Textiles,Calidad || Extensión y difusión tecnológica || Gestión || Artesanía / producto artesanal || Manejo productivo,Reunión de artesanas en proceso de capacitación.,Capacitación sobre técnicas de transformación de lana.,"Grupo de artesanas reunidas en un espacio exterior, participando en una sesión de capacitación sobre el proceso productivo de la lana. Se observa a una instructora explicando técnicas de teñido y hilado, mientras las participantes toman notas. El entorno incluye una estructura de madera y metal, con un fondo de cercas y edificaciones. Herramientas y materiales relacionados con la textilería están presentes en el área.","La imagen documenta una actividad de capacitación que busca mejorar la competitividad de la cadena de valor ovina, enfocándose en la intervención y transformación del proceso productivo artesanal de la lana."
78,COC-2016-0429_169.JPG,Fotografías,Fotografía,Fundación para la Innovación Agraria (FIA),Victoria,2016,1 Fotografía.,imagen/jpg,3264 x 2448 píxeles,"2,49 MB",OVINOS || IDENTIDAD TERRITORIAL || PRODUCCIÓN ARTESANAL || LANA || TEXTIL || PRODUCTOS || COMPETITIVIDAD,Fotografías,Consultorías,iag,COC-2016-0429,Victoria,Convocatoria Nacional 2016 Consultorías para la innovación,Procesos Innovadores,Región de La Araucanía,General para rubro Ovinos de lana [General para rubro Ovinos de lana],Consultoría COC-2016-0429,Sistemas productivos intensivos,"Esta fotografía está asociada a la Consultoría COC-2016-0429 “Mejorando la competitividad de la cadena de valor ovina a través de la innovación en la intervención y transformación del proceso productivo artesanal de la lana, asociada a la elaboración de textilería con identidad territorial”.",Región de La Araucanía,Malleco,Región de La Araucanía,Región de La Araucanía,Ovinos de lana,Otros productos (elaborados),Textiles,Calidad || Extensión y difusión tecnológica || Gestión || Artesanía / producto artesanal || Manejo productivo,Proceso de teñido de lana artesanal.,Demostración de teñido a fuego con artesanas.,"Grupo de artesanas en un entorno rural, observando una demostración de teñido de lana en una olla sobre fuego. La técnica empleada utiliza tintes naturales, evidenciando el proceso de transformación de la materia prima. Las herramientas visibles incluyen la olla de metal, el fuego y los ovillos de lana. La interacción entre las artesanas resalta la transmisión de conocimientos y habilidades tradicionales.","La imagen ilustra un momento clave en la capacitación sobre el teñido de lana, fundamental para mejorar la competitividad de la cadena de valor ovina y fortalecer la identidad territorial a través de la textilería artesanal."
79,COC-2016-0429_17.JPG,Fotografías,Fotografía,Fundación para la Innovación Agraria (FIA),Victoria,2016,1 Fotografía.,imagen/jpg,3264 x 2448 píxeles,"2,60 MB",OVINOS || IDENTIDAD TERRITORIAL || PRODUCCIÓN ARTESANAL || LANA || TEXTIL || PRODUCTOS || COMPETITIVIDAD,Fotografías,Consultorías,iag,COC-2016-0429,Victoria,Convocatoria Nacional 2016 Consultorías para la innovación,Procesos Innovadores,Región de La Araucanía,General para rubro Ovinos de lana [General para rubro Ovinos de lana],Consultoría COC-2016-0429,Sistemas productivos intensivos,"Esta fotografía está asociada a la Consultoría COC-2016-0429 “Mejorando la competitividad de la cadena de valor ovina a través de la innovación en la intervención y transformación del proceso productivo artesanal de la lana, asociada a la elaboración de textilería con identidad territorial”.",Región de La Araucanía,Malleco,Región de La Araucanía,Región de La Araucanía,Ovinos de lana,Otros productos (elaborados),Textiles,Calidad || Extensión y difusión tecnológica || Gestión || Artesanía / producto artesanal || Manejo productivo,Artesanas de textilería en Chile.,Encuentro de artesanas y consultora en taller.,"Dos mujeres posan en un taller de textilería, una de ellas porta un poncho con diseño geométrico y la otra viste un atuendo tradicional con un tocado. Ambas sostienen herramientas y productos textiles, evidenciando la conexión entre la tradición artesanal y la innovación en el proceso productivo de la lana. El entorno es un espacio cerrado con paredes de madera y fotografías enmarcadas que reflejan la identidad cultural.","La imagen ilustra la colaboración entre artesanas y consultores en la mejora de la cadena de valor ovina, destacando la importancia de la identidad territorial en la producción textil."
80,COC-2016-0429_170.JPG,Fotografías,Fotografía,Fundación para la Innovación Agraria (FIA),Victoria,2016,1 Fotografía.,imagen/jpg,3264 x 2448 píxeles,"2,67 MB",OVINOS || IDENTIDAD TERRITORIAL || PRODUCCIÓN ARTESANAL || LANA || TEXTIL || PRODUCTOS || COMPETITIVIDAD,Fotografías,Consultorías,iag,COC-2016-0429,Victoria,Convocatoria Nacional 2016 Consultorías para la innovación,Procesos Innovadores,Región de La Araucanía,General para rubro Ovinos de lana [General para rubro Ovinos de lana],Consultoría COC-2016-0429,Sistemas productivos intensivos,"Esta fotografía está asociada a la Consultoría COC-2016-0429 “Mejorando la competitividad de la cadena de valor ovina a través de la innovación en la intervención y transformación del proceso productivo artesanal de la lana, asociada a la elaboración de textilería con identidad territorial”.",Región de La Araucanía,Malleco,Región de La Araucanía,Región de La Araucanía,Ovinos de lana,Otros productos (elaborados),Textiles,Calidad || Extensión y difusión tecnológica || Gestión || Artesanía / producto artesanal || Manejo productivo,Técnicas de teñido de lana.,Demostración de teñido a fuego para textilería.,"Proceso de teñido de lana utilizando un caldero sobre fuego. Artesanas observan atentamente mientras una de ellas introduce lana en el agua caliente. Se utilizan herramientas como un gasificador y utensilios de metal. El entorno es un espacio al aire libre, con una estructura de metal y árboles en el fondo, lo que sugiere un ambiente de trabajo comunitario.","La imagen ilustra una técnica tradicional de teñido de lana, esencial para la producción de textilería con identidad territorial, contribuyendo a la competitividad de la cadena de valor ovina."
81,COC-2016-0429_171.JPG,Fotografías,Fotografía,Fundación para la Innovación Agraria (FIA),Victoria,2016,1 Fotografía.,imagen/jpg,3264 x 2448 píxeles,"2,82 MB",OVINOS || IDENTIDAD TERRITORIAL || PRODUCCIÓN ARTESANAL || LANA || TEXTIL || PRODUCTOS || COMPETITIVIDAD,Fotografías,Consultorías,iag,COC-2016-0429,Victoria,Convocatoria Nacional 2016 Consultorías para la innovación,Procesos Innovadores,Región de La Araucanía,General para rubro Ovinos de lana [General para rubro Ovinos de lana],Consultoría COC-2016-0429,Sistemas productivos intensivos,"Esta fotografía está asociada a la Consultoría COC-2016-0429 “Mejorando la competitividad de la cadena de valor ovina a través de la innovación en la intervención y transformación del proceso productivo artesanal de la lana, asociada a la elaboración de textilería con identidad territorial”.",Región de La Araucanía,Malleco,Región de La Araucanía,Región de La Araucanía,Ovinos de lana,Otros productos (elaborados),Textiles,Calidad || Extensión y difusión tecnológica || Gestión || Artesanía / producto artesanal || Manejo productivo,Teñido de lana con plantas naturales.,Proceso de teñido a fuego de lana artesanal.,"Artisanas en un entorno rural, realizando el proceso de teñido de lana utilizando plantas naturales. Una mujer, al centro, mezcla la lana en una olla sobre un fogón de gas, mientras otras observan y toman notas. Herramientas visibles incluyen ollas de acero inoxidable y un cilindro de gas. El ambiente es de trabajo colaborativo, con un enfoque en la innovación y la tradición textil.","El proceso de teñido a fuego de lana con plantas naturales es fundamental para la elaboración de textilería con identidad territorial, mejorando la competitividad de la cadena de valor ovina a través de prácticas artesanales sostenibles."
82,COC-2016-0429_172.JPG,Fotografías,Fotografía,Fundación para la Innovación Agraria (FIA),Victoria,2016,1 Fotografía.,imagen/jpg,3264 x 2448 píxeles,"2,52 MB",OVINOS || IDENTIDAD TERRITORIAL || PRODUCCIÓN ARTESANAL || LANA || TEXTIL || PRODUCTOS || COMPETITIVIDAD,Fotografías,Consultorías,iag,COC-2016-0429,Victoria,Convocatoria Nacional 2016 Consultorías para la innovación,Procesos Innovadores,Región de La Araucanía,General para rubro Ovinos de lana [General para rubro Ovinos de lana],Consultoría COC-2016-0429,Sistemas productivos intensivos,"Esta fotografía está asociada a la Consultoría COC-2016-0429 “Mejorando la competitividad de la cadena de valor ovina a través de la innovación en la intervención y transformación del proceso productivo artesanal de la lana, asociada a la elaboración de textilería con identidad territorial”.",Región de La Araucanía,Malleco,Región de La Araucanía,Región de La Araucanía,Ovinos de lana,Otros productos (elaborados),Textiles,Calidad || Extensión y difusión tecnológica || Gestión || Artesanía / producto artesanal || Manejo productivo,Proceso de teñido de lana.,Técnica de teñido a fuego en taller comunitario.,"Artisanos en un taller comunitario participan en el proceso de teñido de lana utilizando un caldero sobre fuego. Se observa a un hombre removiendo la mezcla en el caldero, mientras un grupo de mujeres observa atentamente. Herramientas visibles incluyen un caldero, una olla y un cilindro de gas. El entorno es rústico, con un fondo de metal y vegetación en el suelo.","El proceso de teñido a fuego es fundamental para la transformación de la lana, permitiendo la creación de textilería con identidad territorial, en el marco de la mejora de la competitividad de la cadena de valor ovina."
83,COC-2016-0429_173.JPG,Fotografías,Fotografía,Fundación para la Innovación Agraria (FIA),Victoria,2016,1 Fotografía.,imagen/jpg,3264 x 2448 píxeles,"2,47 MB",OVINOS || IDENTIDAD TERRITORIAL || PRODUCCIÓN ARTESANAL || LANA || TEXTIL || PRODUCTOS || COMPETITIVIDAD,Fotografías,Consultorías,iag,COC-2016-0429,Victoria,Convocatoria Nacional 2016 Consultorías para la innovación,Procesos Innovadores,Región de La Araucanía,General para rubro Ovinos de lana [General para rubro Ovinos de lana],Consultoría COC-2016-0429,Sistemas productivos intensivos,"Esta fotografía está asociada a la Consultoría COC-2016-0429 “Mejorando la competitividad de la cadena de valor ovina a través de la innovación en la intervención y transformación del proceso productivo artesanal de la lana, asociada a la elaboración de textilería con identidad territorial”.",Región de La Araucanía,Malleco,Región de La Araucanía,Región de La Araucanía,Ovinos de lana,Otros productos (elaborados),Textiles,Calidad || Extensión y difusión tecnológica || Gestión || Artesanía / producto artesanal || Manejo productivo,Teñido de lana en proceso.,Proceso de teñido a fuego de lana ovina.,"Proceso de teñido de lana de oveja en un recipiente. Se utiliza una paleta de madera para sumergir la lana en agua caliente, donde se observa vapor, indicando la aplicación de calor. El entorno es natural, con hojas secas y vegetación alrededor, lo que sugiere un contexto rural. La técnica de teñido a fuego es parte del proceso productivo artesanal, buscando mejorar la calidad y competitividad de la textilería.","El proceso de teñido a fuego de lana ovina es fundamental para la transformación artesanal, contribuyendo a la identidad territorial y a la competitividad de la cadena de valor ovina."
84,COC-2016-0429_174.JPG,Fotografías,Fotografía,Fundación para la Innovación Agraria (FIA),Victoria,2016,1 Fotografía.,imagen/jpg,3264 x 2448 píxeles,"2,73 MB",OVINOS || IDENTIDAD TERRITORIAL || PRODUCCIÓN ARTESANAL || LANA || TEXTIL || PRODUCTOS || COMPETITIVIDAD,Fotografías,Consultorías,iag,COC-2016-0429,Victoria,Convocatoria Nacional 2016 Consultorías para la innovación,Procesos Innovadores,Región de La Araucanía,General para rubro Ovinos de lana [General para rubro Ovinos de lana],Consultoría COC-2016-0429,Sistemas productivos intensivos,"Esta fotografía está asociada a la Consultoría COC-2016-0429 “Mejorando la competitividad de la cadena de valor ovina a través de la innovación en la intervención y transformación del proceso productivo artesanal de la lana, asociada a la elaboración de textilería con identidad territorial”.",Región de La Araucanía,Malleco,Región de La Araucanía,Región de La Araucanía,Ovinos de lana,Otros productos (elaborados),Textiles,Calidad || Extensión y difusión tecnológica || Gestión || Artesanía / producto artesanal || Manejo productivo,Teñido de lana en olla.,Proceso de teñido a fuego de hilos de lana.,"Olla de gran tamaño con agua hirviendo donde se sumergen hilos de lana para el proceso de teñido. Se utiliza una paleta de madera para mezclar los hilos, asegurando una distribución uniforme del color. El entorno presenta hojas secas en el suelo, indicando un espacio al aire libre, posiblemente en un taller artesanal.","El proceso de teñido a fuego es fundamental en la elaboración de textilería, permitiendo la obtención de colores específicos que reflejan la identidad territorial. Esta técnica artesanal mejora la competitividad de la cadena de valor ovina al diversificar la oferta de productos textiles."
85,COC-2016-0429_175.JPG,Fotografías,Fotografía,Fundación para la Innovación Agraria (FIA),Victoria,2016,1 Fotografía.,imagen/jpg,3264 x 2448 píxeles,"2,64 MB",OVINOS || IDENTIDAD TERRITORIAL || PRODUCCIÓN ARTESANAL || LANA || TEXTIL || PRODUCTOS || COMPETITIVIDAD,Fotografías,Consultorías,iag,COC-2016-0429,Victoria,Convocatoria Nacional 2016 Consultorías para la innovación,Procesos Innovadores,Región de La Araucanía,General para rubro Ovinos de lana [General para rubro Ovinos de lana],Consultoría COC-2016-0429,Sistemas productivos intensivos,"Esta fotografía está asociada a la Consultoría COC-2016-0429 “Mejorando la competitividad de la cadena de valor ovina a través de la innovación en la intervención y transformación del proceso productivo artesanal de la lana, asociada a la elaboración de textilería con identidad territorial”.",Región de La Araucanía,Malleco,Región de La Araucanía,Región de La Araucanía,Ovinos de lana,Otros productos (elaborados),Textiles,Calidad || Extensión y difusión tecnológica || Gestión || Artesanía / producto artesanal || Manejo productivo,Teñido de lana con colorantes naturales.,Proceso de teñido a fuego de fibras ovinas.,"Mujer aplicando colorante natural en un recipiente de metal con agua hirviendo, utilizado para el teñido de lana de oveja. La escena incluye vapor que emana del agua, indicando el proceso de cocción. Herramientas visibles incluyen una cuchara y el recipiente, que forman parte del proceso artesanal de transformación de la lana.","El proceso de teñido a fuego es fundamental en la elaboración de textilería con identidad territorial, mejorando la competitividad de la cadena de valor ovina mediante la innovación en técnicas artesanales."
86,COC-2016-0429_176.JPG,Fotografías,Fotografía,Fundación para la Innovación Agraria (FIA),Victoria,2016,1 Fotografía.,imagen/jpg,3264 x 2448 píxeles,"3,08 MB",OVINOS || IDENTIDAD TERRITORIAL || PRODUCCIÓN ARTESANAL || LANA || TEXTIL || PRODUCTOS || COMPETITIVIDAD,Fotografías,Consultorías,iag,COC-2016-0429,Victoria,Convocatoria Nacional 2016 Consultorías para la innovación,Procesos Innovadores,Región de La Araucanía,General para rubro Ovinos de lana [General para rubro Ovinos de lana],Consultoría COC-2016-0429,Sistemas productivos intensivos,"Esta fotografía está asociada a la Consultoría COC-2016-0429 “Mejorando la competitividad de la cadena de valor ovina a través de la innovación en la intervención y transformación del proceso productivo artesanal de la lana, asociada a la elaboración de textilería con identidad territorial”.",Región de La Araucanía,Malleco,Región de La Araucanía,Región de La Araucanía,Ovinos de lana,Otros productos (elaborados),Textiles,Calidad || Extensión y difusión tecnológica || Gestión || Artesanía / producto artesanal || Manejo productivo,Teñido de lana en olla de metal.,Proceso de teñido a fuego de lana artesanal.,"Olla de metal en proceso de teñido de lana, con fibras sumergidas en agua caliente y colorantes naturales. Se aprecian tonalidades vibrantes en la lana, evidenciando la técnica de teñido a fuego. Herramientas visibles incluyen la olla y utensilios de manipulación. El entorno presenta vegetación y elementos naturales, reflejando el contexto rural del proceso.","El proceso de teñido a fuego de lana artesanal es fundamental para la creación de textilería con identidad territorial, mejorando la competitividad de la cadena de valor ovina mediante la innovación en técnicas tradicionales."
87,COC-2016-0429_177.JPG,Fotografías,Fotografía,Fundación para la Innovación Agraria (FIA),Victoria,2016,1 Fotografía.,imagen/jpg,3264 x 2448 píxeles,"2,80 MB",OVINOS || IDENTIDAD TERRITORIAL || PRODUCCIÓN ARTESANAL || LANA || TEXTIL || PRODUCTOS || COMPETITIVIDAD,Fotografías,Consultorías,iag,COC-2016-0429,Victoria,Convocatoria Nacional 2016 Consultorías para la innovación,Procesos Innovadores,Región de La Araucanía,General para rubro Ovinos de lana [General para rubro Ovinos de lana],Consultoría COC-2016-0429,Sistemas productivos intensivos,"Esta fotografía está asociada a la Consultoría COC-2016-0429 “Mejorando la competitividad de la cadena de valor ovina a través de la innovación en la intervención y transformación del proceso productivo artesanal de la lana, asociada a la elaboración de textilería con identidad territorial”.",Región de La Araucanía,Malleco,Región de La Araucanía,Región de La Araucanía,Ovinos de lana,Otros productos (elaborados),Textiles,Calidad || Extensión y difusión tecnológica || Gestión || Artesanía / producto artesanal || Manejo productivo,Teñido de lana en olla.,Proceso de teñido artesanal de lana.,"Proceso de teñido a fuego de lana de oveja en una olla metálica. Se utiliza una paleta de madera para mezclar los colores en el agua caliente. La escena se desarrolla en un entorno rural, con materiales naturales y herramientas artesanales. La técnica de teñido emplea colorantes naturales, lo que resalta la identidad territorial de la textilería. La artesana, con vestimenta tradicional, se encuentra concentrada en la labor.","El teñido de lana es un proceso clave en la elaboración de textilería artesanal, que potencia la competitividad de la cadena de valor ovina mediante la innovación en técnicas tradicionales."
88,COC-2016-0429_178.JPG,Fotografías,Fotografía,Fundación para la Innovación Agraria (FIA),Victoria,2016,1 Fotografía.,imagen/jpg,3264 x 2448 píxeles,"2,02 MB",OVINOS || IDENTIDAD TERRITORIAL || PRODUCCIÓN ARTESANAL || LANA || TEXTIL || PRODUCTOS || COMPETITIVIDAD,Fotografías,Consultorías,iag,COC-2016-0429,Victoria,Convocatoria Nacional 2016 Consultorías para la innovación,Procesos Innovadores,Región de La Araucanía,General para rubro Ovinos de lana [General para rubro Ovinos de lana],Consultoría COC-2016-0429,Sistemas productivos intensivos,"Esta fotografía está asociada a la Consultoría COC-2016-0429 “Mejorando la competitividad de la cadena de valor ovina a través de la innovación en la intervención y transformación del proceso productivo artesanal de la lana, asociada a la elaboración de textilería con identidad territorial”.",Región de La Araucanía,Malleco,Región de La Araucanía,Región de La Araucanía,Ovinos de lana,Otros productos (elaborados),Textiles,Calidad || Extensión y difusión tecnológica || Gestión || Artesanía / producto artesanal || Manejo productivo,Reunión de artesanas en taller textil.,Intercambio de conocimientos sobre textilería ovina.,"Grupo de artesanas reunidas en un taller textil, discutiendo técnicas de producción y procesos de transformación de la lana de oveja. Se observan diversas vestimentas que reflejan la identidad cultural local. El entorno es un espacio rural, con una estructura de metal y madera que sirve como taller. Herramientas y materiales para el trabajo textil están presentes, aunque no son visibles en la imagen.","La fotografía documenta un encuentro entre artesanas que fomenta el intercambio de saberes en la producción de textilería, contribuyendo a la competitividad de la cadena de valor ovina en el contexto del proyecto de innovación y transformación artesanal."
89,COC-2016-0429_179.JPG,Fotografías,Fotografía,Fundación para la Innovación Agraria (FIA),Victoria,2016,1 Fotografía.,imagen/jpg,3264 x 2448 píxeles,"2,52 MB",OVINOS || IDENTIDAD TERRITORIAL || PRODUCCIÓN ARTESANAL || LANA || TEXTIL || PRODUCTOS || COMPETITIVIDAD,Fotografías,Consultorías,iag,COC-2016-0429,Victoria,Convocatoria Nacional 2016 Consultorías para la innovación,Procesos Innovadores,Región de La Araucanía,General para rubro Ovinos de lana [General para rubro Ovinos de lana],Consultoría COC-2016-0429,Sistemas productivos intensivos,"Esta fotografía está asociada a la Consultoría COC-2016-0429 “Mejorando la competitividad de la cadena de valor ovina a través de la innovación en la intervención y transformación del proceso productivo artesanal de la lana, asociada a la elaboración de textilería con identidad territorial”.",Región de La Araucanía,Malleco,Región de La Araucanía,Región de La Araucanía,Ovinos de lana,Otros productos (elaborados),Textiles,Calidad || Extensión y difusión tecnológica || Gestión || Artesanía / producto artesanal || Manejo productivo,Proceso de teñido de lana.,Técnicas de teñido a fuego en comunidad.,"Grupo de artesanas y consultores en un entorno al aire libre, participando en el proceso de teñido de lana utilizando técnicas tradicionales. Se observa una olla al fuego, donde se realiza la extracción de colorantes naturales. Las participantes están atentas a las instrucciones, con herramientas y materiales dispuestos a su alrededor, evidenciando la colaboración comunitaria en la mejora de la cadena de valor ovina.","La imagen documenta un momento clave en la innovación del proceso productivo artesanal de la lana, resaltando la importancia del teñido natural en la elaboración de textilería con identidad territorial."
90,COC-2016-0429_18.JPG,Fotografías,Fotografía,Fundación para la Innovación Agraria (FIA),Victoria,2016,1 Fotografía.,imagen/jpg,3264 x 2448 píxeles,"2,37 MB",OVINOS || IDENTIDAD TERRITORIAL || PRODUCCIÓN ARTESANAL || LANA || TEXTIL || PRODUCTOS || COMPETITIVIDAD,Fotografías,Consultorías,iag,COC-2016-0429,Victoria,Convocatoria Nacional 2016 Consultorías para la innovación,Procesos Innovadores,Región de La Araucanía,General para rubro Ovinos de lana [General para rubro Ovinos de lana],Consultoría COC-2016-0429,Sistemas productivos intensivos,"Esta fotografía está asociada a la Consultoría COC-2016-0429 “Mejorando la competitividad de la cadena de valor ovina a través de la innovación en la intervención y transformación del proceso productivo artesanal de la lana, asociada a la elaboración de textilería con identidad territorial”.",Región de La Araucanía,Malleco,Región de La Araucanía,Región de La Araucanía,Ovinos de lana,Otros productos (elaborados),Textiles,Calidad || Extensión y difusión tecnológica || Gestión || Artesanía / producto artesanal || Manejo productivo,Artesanas con textilería tradicional.,Interacción entre artesanas y su trabajo textil.,"Dos mujeres, una de pie y otra sentada, lucen vestimenta tradicional chilena. La mujer de pie lleva un poncho negro con diseño geométrico, mientras que la mujer sentada viste un atuendo colorido que incluye un manto azul y un tocado con flores. Ambas sostienen una pieza de textilería, que muestra técnicas artesanales. El entorno es un espacio cerrado con paredes de madera y fotografías enmarcadas en las paredes, indicando un contexto comunitario y cultural.","La imagen resalta la importancia de la textilería artesanal en la identidad territorial, evidenciando el trabajo colaborativo y la transmisión de conocimientos entre generaciones en el marco del proyecto de mejora de la cadena de valor ovina."
91,COC-2016-0429_180.JPG,Fotografías,Fotografía,Fundación para la Innovación Agraria (FIA),Victoria,2016,1 Fotografía.,imagen/jpg,3264 x 2448 píxeles,"2,45 MB",OVINOS || IDENTIDAD TERRITORIAL || PRODUCCIÓN ARTESANAL || LANA || TEXTIL || PRODUCTOS || COMPETITIVIDAD,Fotografías,Consultorías,iag,COC-2016-0429,Victoria,Convocatoria Nacional 2016 Consultorías para la innovación,Procesos Innovadores,Región de La Araucanía,General para rubro Ovinos de lana [General para rubro Ovinos de lana],Consultoría COC-2016-0429,Sistemas productivos intensivos,"Esta fotografía está asociada a la Consultoría COC-2016-0429 “Mejorando la competitividad de la cadena de valor ovina a través de la innovación en la intervención y transformación del proceso productivo artesanal de la lana, asociada a la elaboración de textilería con identidad territorial”.",Región de La Araucanía,Malleco,Región de La Araucanía,Región de La Araucanía,Ovinos de lana,Otros productos (elaborados),Textiles,Calidad || Extensión y difusión tecnológica || Gestión || Artesanía / producto artesanal || Manejo productivo,Taller de teñido de lana.,Capacitación en técnicas de teñido natural.,"Grupo de artesanas y participantes en un taller práctico sobre teñido de lana, utilizando técnicas de teñido natural. Se observa una olla al fuego, donde se prepara el tinte, y un ambiente de aprendizaje colaborativo. Las participantes están atentas a las instrucciones, algunas tomando notas, lo que indica un enfoque en la capacitación técnica y la mejora de habilidades en la cadena de valor ovina.","El taller representa una intervención clave en la capacitación de artesanas, promoviendo la innovación en el proceso productivo artesanal de la lana y fortaleciendo la identidad territorial a través de la textilería."
92,COC-2016-0429_181.JPG,Fotografías,Fotografía,Fundación para la Innovación Agraria (FIA),Victoria,2016,1 Fotografía.,imagen/jpg,3264 x 2448 píxeles,"2,48 MB",OVINOS || IDENTIDAD TERRITORIAL || PRODUCCIÓN ARTESANAL || LANA || TEXTIL || PRODUCTOS || COMPETITIVIDAD,Fotografías,Consultorías,iag,COC-2016-0429,Victoria,Convocatoria Nacional 2016 Consultorías para la innovación,Procesos Innovadores,Región de La Araucanía,General para rubro Ovinos de lana [General para rubro Ovinos de lana],Consultoría COC-2016-0429,Sistemas productivos intensivos,"Esta fotografía está asociada a la Consultoría COC-2016-0429 “Mejorando la competitividad de la cadena de valor ovina a través de la innovación en la intervención y transformación del proceso productivo artesanal de la lana, asociada a la elaboración de textilería con identidad territorial”.",Región de La Araucanía,Malleco,Región de La Araucanía,Región de La Araucanía,Ovinos de lana,Otros productos (elaborados),Textiles,Calidad || Extensión y difusión tecnológica || Gestión || Artesanía / producto artesanal || Manejo productivo,Material vegetal para teñido natural.,Recolección de plantas para tintes naturales.,"Agrupación de ramas de plantas con flores rojas, utilizadas en el proceso de teñido natural de lana. Las artesanas sostienen el material, que es parte de la preparación para obtener tintes que aportan color a la textilería. Este proceso es fundamental para la elaboración de productos textiles con identidad territorial, alineado con la mejora de la competitividad en la cadena de valor ovina.","La recolección de materiales vegetales para el teñido natural es esencial en la producción de textilería artesanal, contribuyendo a la sostenibilidad y a la identidad cultural de la región."
93,COC-2016-0429_182.jpg,Fotografías,Fotografía,Fundación para la Innovación Agraria (FIA),Victoria,2016,1 Fotografía.,imagen/jpg,1280 x 960 píxeles,"0,13 MB",OVINOS || IDENTIDAD TERRITORIAL || PRODUCCIÓN ARTESANAL || LANA || TEXTIL || PRODUCTOS || COMPETITIVIDAD,Fotografías,Consultorías,iag,COC-2016-0429,Victoria,Convocatoria Nacional 2016 Consultorías para la innovación,Procesos Innovadores,Región de La Araucanía,General para rubro Ovinos de lana [General para rubro Ovinos de lana],Consultoría COC-2016-0429,Sistemas productivos intensivos,"Esta fotografía está asociada a la Consultoría COC-2016-0429 “Mejorando la competitividad de la cadena de valor ovina a través de la innovación en la intervención y transformación del proceso productivo artesanal de la lana, asociada a la elaboración de textilería con identidad territorial”.",Región de La Araucanía,Malleco,Región de La Araucanía,Región de La Araucanía,Ovinos de lana,Otros productos (elaborados),Textiles,Calidad || Extensión y difusión tecnológica || Gestión || Artesanía / producto artesanal || Manejo productivo,Encuentro de artesanas en Chile.,Interacción y colaboración entre artesanas textiles.,"Grupo de artesanas en un espacio de reunión, intercambiando experiencias y conocimientos sobre la producción de textilería con lana de oveja. Se observa un ambiente de colaboración, con elementos decorativos que reflejan la identidad cultural. Las participantes están vestidas con prendas que evidencian el uso de técnicas tradicionales de hilado y tejido.","La imagen destaca la importancia de la interacción entre artesanas en el fortalecimiento de la cadena de valor ovina, promoviendo la innovación en el proceso productivo artesanal de la lana."
94,COC-2016-0429_183.jpg,Fotografías,Fotografía,Fundación para la Innovación Agraria (FIA),Victoria,2016,1 Fotografía.,imagen/jpg,960 x 1280 píxeles,"0,10 MB",OVINOS || IDENTIDAD TERRITORIAL || PRODUCCIÓN ARTESANAL || LANA || TEXTIL || PRODUCTOS || COMPETITIVIDAD,Fotografías,Consultorías,iag,COC-2016-0429,Victoria,Convocatoria Nacional 2016 Consultorías para la innovación,Procesos Innovadores,Región de La Araucanía,General para rubro Ovinos de lana [General para rubro Ovinos de lana],Consultoría COC-2016-0429,Sistemas productivos intensivos,"Esta fotografía está asociada a la Consultoría COC-2016-0429 “Mejorando la competitividad de la cadena de valor ovina a través de la innovación en la intervención y transformación del proceso productivo artesanal de la lana, asociada a la elaboración de textilería con identidad territorial”.",Región de La Araucanía,Malleco,Región de La Araucanía,Región de La Araucanía,Ovinos de lana,Otros productos (elaborados),Textiles,Calidad || Extensión y difusión tecnológica || Gestión || Artesanía / producto artesanal || Manejo productivo,Presentación de textilería artesanal.,Demostración de vestimenta elaborada con lana.,"Joven modelando una prenda de vestir confeccionada con lana de oveja, destacando la textilería artesanal. La vestimenta presenta colores vibrantes y patrones que reflejan la identidad territorial. En el fondo, se aprecian piezas textiles exhibidas en un soporte de madera, evidenciando el proceso de producción artesanal. El entorno es un espacio cerrado, adecuado para presentaciones culturales y educativas.","La imagen resalta la importancia de la textilería artesanal en la valorización de la lana de oveja, promoviendo la identidad cultural y la competitividad en la cadena de valor ovina."
95,COC-2016-0429_184.jpg,Fotografías,Fotografía,Fundación para la Innovación Agraria (FIA),Victoria,2016,1 Fotografía.,imagen/jpg,960 x 1280 píxeles,"0,11 MB",OVINOS || IDENTIDAD TERRITORIAL || PRODUCCIÓN ARTESANAL || LANA || TEXTIL || PRODUCTOS || COMPETITIVIDAD,Fotografías,Consultorías,iag,COC-2016-0429,Victoria,Convocatoria Nacional 2016 Consultorías para la innovación,Procesos Innovadores,Región de La Araucanía,General para rubro Ovinos de lana [General para rubro Ovinos de lana],Consultoría COC-2016-0429,Sistemas productivos intensivos,"Esta fotografía está asociada a la Consultoría COC-2016-0429 “Mejorando la competitividad de la cadena de valor ovina a través de la innovación en la intervención y transformación del proceso productivo artesanal de la lana, asociada a la elaboración de textilería con identidad territorial”.",Región de La Araucanía,Malleco,Región de La Araucanía,Región de La Araucanía,Ovinos de lana,Otros productos (elaborados),Textiles,Calidad || Extensión y difusión tecnológica || Gestión || Artesanía / producto artesanal || Manejo productivo,Textilería artesanal con lana de oveja.,Presentación de poncho y gorro tejidos.,"Modelo exhibiendo un poncho y gorro tejidos a mano, elaborados con lana de oveja. La prenda presenta un diseño de color amarillo con detalles de trenzado y flecos en el borde. El entorno incluye un telar en el fondo, indicando el proceso de producción textil. La actividad se desarrolla en un espacio cerrado, con iluminación adecuada para la presentación de la vestimenta.","La imagen resalta la aplicación de técnicas artesanales en la elaboración de prendas de vestir, promoviendo la identidad territorial y la competitividad en la cadena de valor ovina."
96,COC-2016-0429_185.jpg,Fotografías,Fotografía,Fundación para la Innovación Agraria (FIA),Victoria,2016,1 Fotografía.,imagen/jpg,960 x 1280 píxeles,"0,10 MB",OVINOS || IDENTIDAD TERRITORIAL || PRODUCCIÓN ARTESANAL || LANA || TEXTIL || PRODUCTOS || COMPETITIVIDAD,Fotografías,Consultorías,iag,COC-2016-0429,Victoria,Convocatoria Nacional 2016 Consultorías para la innovación,Procesos Innovadores,Región de La Araucanía,General para rubro Ovinos de lana [General para rubro Ovinos de lana],Consultoría COC-2016-0429,Sistemas productivos intensivos,"Esta fotografía está asociada a la Consultoría COC-2016-0429 “Mejorando la competitividad de la cadena de valor ovina a través de la innovación en la intervención y transformación del proceso productivo artesanal de la lana, asociada a la elaboración de textilería con identidad territorial”.",Región de La Araucanía,Malleco,Región de La Araucanía,Región de La Araucanía,Ovinos de lana,Otros productos (elaborados),Textiles,Calidad || Extensión y difusión tecnológica || Gestión || Artesanía / producto artesanal || Manejo productivo,Presentación de textilería artesanal.,Demostración de vestimenta elaborada con lana ovina.,"Artista textil exhibiendo una prenda elaborada con lana de oveja, destacando técnicas de tejido. El entorno incluye telar y muestras de textilería en el fondo, evidenciando el proceso de producción artesanal. La vestimenta refleja la identidad territorial y el uso de materiales locales.","La imagen resalta la importancia de la textilería artesanal en la cadena de valor ovina, promoviendo la innovación y la identidad cultural en la producción de prendas con lana de oveja."
97,COC-2016-0429_186.jpg,Fotografías,Fotografía,Fundación para la Innovación Agraria (FIA),Victoria,2016,1 Fotografía.,imagen/jpg,960 x 1280 píxeles,"0,07 MB",OVINOS || IDENTIDAD TERRITORIAL || PRODUCCIÓN ARTESANAL || LANA || TEXTIL || PRODUCTOS || COMPETITIVIDAD,Fotografías,Consultorías,iag,COC-2016-0429,Victoria,Convocatoria Nacional 2016 Consultorías para la innovación,Procesos Innovadores,Región de La Araucanía,General para rubro Ovinos de lana [General para rubro Ovinos de lana],Consultoría COC-2016-0429,Sistemas productivos intensivos,"Esta fotografía está asociada a la Consultoría COC-2016-0429 “Mejorando la competitividad de la cadena de valor ovina a través de la innovación en la intervención y transformación del proceso productivo artesanal de la lana, asociada a la elaboración de textilería con identidad territorial”.",Región de La Araucanía,Malleco,Región de La Araucanía,Región de La Araucanía,Ovinos de lana,Otros productos (elaborados),Textiles,Calidad || Extensión y difusión tecnológica || Gestión || Artesanía / producto artesanal || Manejo productivo,Presentación de textilería artesanal.,Demostración de vestimenta elaborada con lana.,"Mujer vestida con un chaleco de lana, elaborado artesanalmente, que presenta características de diseño y color que reflejan la identidad territorial. El chaleco incluye detalles en colores vibrantes, destacando la técnica de confección y el uso de lana de oveja. El entorno es un espacio de presentación, con un telar visible en el fondo, indicando la conexión con el proceso productivo de la textilería.","La imagen resalta la importancia de la textilería artesanal en la valorización de la lana de oveja, promoviendo la identidad cultural y la competitividad en la cadena de valor ovina."
98,COC-2016-0429_187.jpg,Fotografías,Fotografía,Fundación para la Innovación Agraria (FIA),Victoria,2016,1 Fotografía.,imagen/jpg,1280 x 960 píxeles,"0,14 MB",OVINOS || IDENTIDAD TERRITORIAL || PRODUCCIÓN ARTESANAL || LANA || TEXTIL || PRODUCTOS || COMPETITIVIDAD,Fotografías,Consultorías,iag,COC-2016-0429,Victoria,Convocatoria Nacional 2016 Consultorías para la innovación,Procesos Innovadores,Región de La Araucanía,General para rubro Ovinos de lana [General para rubro Ovinos de lana],Consultoría COC-2016-0429,Sistemas productivos intensivos,"Esta fotografía está asociada a la Consultoría COC-2016-0429 “Mejorando la competitividad de la cadena de valor ovina a través de la innovación en la intervención y transformación del proceso productivo artesanal de la lana, asociada a la elaboración de textilería con identidad territorial”.",Región de La Araucanía,Malleco,Región de La Araucanía,Región de La Araucanía,Ovinos de lana,Otros productos (elaborados),Textiles,Calidad || Extensión y difusión tecnológica || Gestión || Artesanía / producto artesanal || Manejo productivo,Muestra de textilería artesanal en evento.,Exhibición de prendas de lana por artesanas.,"Grupo de seis mujeres vestidas con prendas de textilería elaboradas en lana de oveja, presentando diseños que reflejan la identidad territorial. Las prendas incluyen ponchos, chaquetas y accesorios, todos caracterizados por colores vibrantes y patrones tradicionales. El entorno es un espacio cerrado, con iluminación adecuada para resaltar los detalles de las vestimentas. Las artesanas representan el proceso de transformación de la lana en productos textiles, destacando la innovación en su elaboración.","La imagen resalta la labor de artesanas en la creación de textilería con lana de oveja, promoviendo la identidad cultural y la competitividad en la cadena de valor ovina."
99,COC-2016-0429_188.jpg,Fotografías,Fotografía,Fundación para la Innovación Agraria (FIA),Victoria,2016,1 Fotografía.,imagen/jpg,960 x 1280 píxeles,"0,07 MB",OVINOS || IDENTIDAD TERRITORIAL || PRODUCCIÓN ARTESANAL || LANA || TEXTIL || PRODUCTOS || COMPETITIVIDAD,Fotografías,Consultorías,iag,COC-2016-0429,Victoria,Convocatoria Nacional 2016 Consultorías para la innovación,Procesos Innovadores,Región de La Araucanía,General para rubro Ovinos de lana [General para rubro Ovinos de lana],Consultoría COC-2016-0429,Sistemas productivos intensivos,"Esta fotografía está asociada a la Consultoría COC-2016-0429 “Mejorando la competitividad de la cadena de valor ovina a través de la innovación en la intervención y transformación del proceso productivo artesanal de la lana, asociada a la elaboración de textilería con identidad territorial”.",Región de La Araucanía,Malleco,Región de La Araucanía,Región de La Araucanía,Ovinos de lana,Otros productos (elaborados),Textiles,Calidad || Extensión y difusión tecnológica || Gestión || Artesanía / producto artesanal || Manejo productivo,Muestra de textilería con lana de oveja.,Desfile de poncho artesanal en evento cultural.,"Presentación de un poncho elaborado con lana de oveja, destacando patrones geométricos en tonos oscuros y claros. La prenda refleja técnicas tradicionales de tejido, asociadas a la identidad territorial. El entorno es un espacio cerrado, con fondo neutro y un escenario que sugiere un evento cultural o de exhibición.","La imagen resalta la importancia de la textilería artesanal en la valorización de la lana de oveja, contribuyendo a la competitividad de la cadena de valor ovina y promoviendo la identidad cultural a través de la moda."
100,COC-2016-0429_189.jpg,Fotografías,Fotografía,Fundación para la Innovación Agraria (FIA),Victoria,2016,1 Fotografía.,imagen/jpg,1280 x 960 píxeles,"0,08 MB",OVINOS || IDENTIDAD TERRITORIAL || PRODUCCIÓN ARTESANAL || LANA || TEXTIL || PRODUCTOS || COMPETITIVIDAD,Fotografías,Consultorías,iag,COC-2016-0429,Victoria,Convocatoria Nacional 2016 Consultorías para la innovación,Procesos Innovadores,Región de La Araucanía,General para rubro Ovinos de lana [General para rubro Ovinos de lana],Consultoría COC-2016-0429,Sistemas productivos intensivos,"Esta fotografía está asociada a la Consultoría COC-2016-0429 “Mejorando la competitividad de la cadena de valor ovina a través de la innovación en la intervención y transformación del proceso productivo artesanal de la lana, asociada a la elaboración de textilería con identidad territorial”.",Región de La Araucanía,Malleco,Región de La Araucanía,Región de La Araucanía,Ovinos de lana,Otros productos (elaborados),Textiles,Calidad || Extensión y difusión tecnológica || Gestión || Artesanía / producto artesanal || Manejo productivo,Entrega de reconocimiento a artesana.,Ceremonia de premiación a artesanas de textilería.,"Ceremonia de premiación donde una artesana recibe un reconocimiento por su labor en la elaboración de textilería con lana de oveja. La artesana viste un traje tradicional que refleja la identidad cultural, mientras que el jurado presenta un certificado. En el fondo, se aprecian herramientas y tejidos que evidencian el proceso productivo artesanal.","La imagen destaca la importancia del reconocimiento a las artesanas en el contexto de la mejora de la competitividad de la cadena de valor ovina, promoviendo la innovación en la textilería artesanal."
101,COC-2016-0429_19.JPG,Fotografías,Fotografía,Fundación para la Innovación Agraria (FIA),Victoria,2016,1 Fotografía.,imagen/jpg,3264 x 2448 píxeles,"1,98 MB",OVINOS || IDENTIDAD TERRITORIAL || PRODUCCIÓN ARTESANAL || LANA || TEXTIL || PRODUCTOS || COMPETITIVIDAD,Fotografías,Consultorías,iag,COC-2016-0429,Victoria,Convocatoria Nacional 2016 Consultorías para la innovación,Procesos Innovadores,Región de La Araucanía,General para rubro Ovinos de lana [General para rubro Ovinos de lana],Consultoría COC-2016-0429,Sistemas productivos intensivos,"Esta fotografía está asociada a la Consultoría COC-2016-0429 “Mejorando la competitividad de la cadena de valor ovina a través de la innovación en la intervención y transformación del proceso productivo artesanal de la lana, asociada a la elaboración de textilería con identidad territorial”.",Región de La Araucanía,Malleco,Región de La Araucanía,Región de La Araucanía,Ovinos de lana,Otros productos (elaborados),Textiles,Calidad || Extensión y difusión tecnológica || Gestión || Artesanía / producto artesanal || Manejo productivo,Proceso de teñido de lana artesanal.,Artisanas preparando lana para teñido.,"Artisanas en un taller de textilería, utilizando un telar de madera para preparar hilos de lana. Una mujer sostiene una bolsa con materia prima para el teñido, mientras otra observa el proceso. El entorno es un espacio cerrado con paredes de madera, adecuado para la labor artesanal. Se utilizan herramientas como el telar y recipientes para el teñido.","La imagen ilustra el proceso de preparación de lana para el teñido, fundamental en la producción de textilería con identidad territorial, en el marco de la mejora de la competitividad de la cadena de valor ovina."
102,COC-2016-0429_190.jpg,Fotografías,Fotografía,Fundación para la Innovación Agraria (FIA),Victoria,2016,1 Fotografía.,imagen/jpg,1280 x 960 píxeles,"0,11 MB",OVINOS || IDENTIDAD TERRITORIAL || PRODUCCIÓN ARTESANAL || LANA || TEXTIL || PRODUCTOS || COMPETITIVIDAD,Fotografías,Consultorías,iag,COC-2016-0429,Victoria,Convocatoria Nacional 2016 Consultorías para la innovación,Procesos Innovadores,Región de La Araucanía,General para rubro Ovinos de lana [General para rubro Ovinos de lana],Consultoría COC-2016-0429,Sistemas productivos intensivos,"Esta fotografía está asociada a la Consultoría COC-2016-0429 “Mejorando la competitividad de la cadena de valor ovina a través de la innovación en la intervención y transformación del proceso productivo artesanal de la lana, asociada a la elaboración de textilería con identidad territorial”.",Región de La Araucanía,Malleco,Región de La Araucanía,Región de La Araucanía,Ovinos de lana,Otros productos (elaborados),Textiles,Calidad || Extensión y difusión tecnológica || Gestión || Artesanía / producto artesanal || Manejo productivo,Presentación de artesana textil.,Demostración de técnicas de textilería con lana.,"Artesana textil en un escenario, vistiendo vestimenta tradicional, sostiene una madeja de lana. Se aprecian herramientas y piezas de textilería en el fondo, destacando el uso de técnicas artesanales. El entorno incluye un micrófono y elementos decorativos que reflejan la identidad cultural del proceso productivo de la lana.","La imagen resalta la importancia de la artesanía textil en la cadena de valor ovina, evidenciando la conexión entre la tradición y la innovación en la producción de textilería con identidad territorial."
103,COC-2016-0429_191.jpg,Fotografías,Fotografía,Fundación para la Innovación Agraria (FIA),Victoria,2016,1 Fotografía.,imagen/jpg,1280 x 960 píxeles,"0,15 MB",OVINOS || IDENTIDAD TERRITORIAL || PRODUCCIÓN ARTESANAL || LANA || TEXTIL || PRODUCTOS || COMPETITIVIDAD,Fotografías,Consultorías,iag,COC-2016-0429,Victoria,Convocatoria Nacional 2016 Consultorías para la innovación,Procesos Innovadores,Región de La Araucanía,General para rubro Ovinos de lana [General para rubro Ovinos de lana],Consultoría COC-2016-0429,Sistemas productivos intensivos,"Esta fotografía está asociada a la Consultoría COC-2016-0429 “Mejorando la competitividad de la cadena de valor ovina a través de la innovación en la intervención y transformación del proceso productivo artesanal de la lana, asociada a la elaboración de textilería con identidad territorial”.",Región de La Araucanía,Malleco,Región de La Araucanía,Región de La Araucanía,Ovinos de lana,Otros productos (elaborados),Textiles,Calidad || Extensión y difusión tecnológica || Gestión || Artesanía / producto artesanal || Manejo productivo,Asamblea de artesanas y productores ovinos.,Reunión sobre innovación en textilería ovina.,"Asamblea con participación de artesanas y productores de lana en un auditorio. Se observa a los asistentes sentados, algunos tomando notas y otros escuchando atentamente. La reunión se centra en la mejora de la competitividad de la cadena de valor ovina, abordando temas de innovación en el proceso productivo artesanal de la lana. Se destaca la presencia de un camarógrafo registrando el evento.","Encuentro clave para la discusión sobre la transformación del proceso productivo artesanal de la lana, promoviendo la identidad territorial en la textilería."
104,COC-2016-0429_192.jpg,Fotografías,Fotografía,Fundación para la Innovación Agraria (FIA),Victoria,2016,1 Fotografía.,imagen/jpg,1280 x 960 píxeles,"0,16 MB",OVINOS || IDENTIDAD TERRITORIAL || PRODUCCIÓN ARTESANAL || LANA || TEXTIL || PRODUCTOS || COMPETITIVIDAD,Fotografías,Consultorías,iag,COC-2016-0429,Victoria,Convocatoria Nacional 2016 Consultorías para la innovación,Procesos Innovadores,Región de La Araucanía,General para rubro Ovinos de lana [General para rubro Ovinos de lana],Consultoría COC-2016-0429,Sistemas productivos intensivos,"Esta fotografía está asociada a la Consultoría COC-2016-0429 “Mejorando la competitividad de la cadena de valor ovina a través de la innovación en la intervención y transformación del proceso productivo artesanal de la lana, asociada a la elaboración de textilería con identidad territorial”.",Región de La Araucanía,Malleco,Región de La Araucanía,Región de La Araucanía,Ovinos de lana,Otros productos (elaborados),Textiles,Calidad || Extensión y difusión tecnológica || Gestión || Artesanía / producto artesanal || Manejo productivo,Asamblea de artesanas y productores ovinos.,Reunión sobre innovación en textilería ovina.,"Asamblea con participación de artesanas y productores de lana en un auditorio. Se observa a los asistentes en sillas, algunos con atención a un presentador. Herramientas de comunicación como cámaras y micrófonos están presentes, indicando la importancia de la reunión para la cadena de valor ovina. El ambiente es formal, con iluminación adecuada y disposición de asientos que favorece la interacción.","La reunión busca mejorar la competitividad de la cadena de valor ovina mediante la innovación en procesos productivos artesanales, promoviendo la colaboración entre artesanas y productores."
105,COC-2016-0429_193.jpg,Fotografías,Fotografía,Fundación para la Innovación Agraria (FIA),Victoria,2016,1 Fotografía.,imagen/jpg,1280 x 960 píxeles,"0,10 MB",OVINOS || IDENTIDAD TERRITORIAL || PRODUCCIÓN ARTESANAL || LANA || TEXTIL || PRODUCTOS || COMPETITIVIDAD,Fotografías,Consultorías,iag,COC-2016-0429,Victoria,Convocatoria Nacional 2016 Consultorías para la innovación,Procesos Innovadores,Región de La Araucanía,General para rubro Ovinos de lana [General para rubro Ovinos de lana],Consultoría COC-2016-0429,Sistemas productivos intensivos,"Esta fotografía está asociada a la Consultoría COC-2016-0429 “Mejorando la competitividad de la cadena de valor ovina a través de la innovación en la intervención y transformación del proceso productivo artesanal de la lana, asociada a la elaboración de textilería con identidad territorial”.",Región de La Araucanía,Malleco,Región de La Araucanía,Región de La Araucanía,Ovinos de lana,Otros productos (elaborados),Textiles,Calidad || Extensión y difusión tecnológica || Gestión || Artesanía / producto artesanal || Manejo productivo,Exposición de textilería artesanal chilena.,Presentación de productos textiles elaborados con lana.,"Exhibición de prendas y accesorios textiles elaborados con lana de oveja, dispuestos sobre un escenario. Se aprecian ponchos, bufandas y gorros, todos en diferentes tonalidades y técnicas de tejido. Las piezas están acompañadas de un telar vertical, que representa el proceso de producción artesanal. Herramientas y elementos decorativos resaltan la identidad cultural de la textilería chilena.","La imagen destaca la importancia de la textilería artesanal en la valorización de la lana de oveja, promoviendo la identidad territorial y la competitividad de la cadena de valor ovina en Chile."
106,COC-2016-0429_194.jpg,Fotografías,Fotografía,Fundación para la Innovación Agraria (FIA),Victoria,2016,1 Fotografía.,imagen/jpg,960 x 1280 píxeles,"0,11 MB",OVINOS || IDENTIDAD TERRITORIAL || PRODUCCIÓN ARTESANAL || LANA || TEXTIL || PRODUCTOS || COMPETITIVIDAD,Fotografías,Consultorías,iag,COC-2016-0429,Victoria,Convocatoria Nacional 2016 Consultorías para la innovación,Procesos Innovadores,Región de La Araucanía,General para rubro Ovinos de lana [General para rubro Ovinos de lana],Consultoría COC-2016-0429,Sistemas productivos intensivos,"Esta fotografía está asociada a la Consultoría COC-2016-0429 “Mejorando la competitividad de la cadena de valor ovina a través de la innovación en la intervención y transformación del proceso productivo artesanal de la lana, asociada a la elaboración de textilería con identidad territorial”.",Región de La Araucanía,Malleco,Región de La Araucanía,Región de La Araucanía,Ovinos de lana,Otros productos (elaborados),Textiles,Calidad || Extensión y difusión tecnológica || Gestión || Artesanía / producto artesanal || Manejo productivo,Entrega de reconocimiento a artesana.,Ceremonia de premiación a artesana textil.,"Ceremonia de entrega de un reconocimiento a una artesana textil, destacando su labor en la producción de textilería con lana de oveja. El evento se desarrolla en un espacio cerrado, con un escenario que presenta muestras de textilería en el fondo. El reconocimiento se relaciona con la mejora de la competitividad en la cadena de valor ovina, promoviendo la innovación en procesos productivos artesanales.","La imagen resalta la importancia del reconocimiento a las artesanas en el contexto de la valorización de la textilería y la identidad territorial, en el marco del proyecto de mejora de la cadena de valor ovina."
107,COC-2016-0429_195.jpg,Fotografías,Fotografía,Fundación para la Innovación Agraria (FIA),Victoria,2016,1 Fotografía.,imagen/jpg,960 x 1280 píxeles,"0,09 MB",OVINOS || IDENTIDAD TERRITORIAL || PRODUCCIÓN ARTESANAL || LANA || TEXTIL || PRODUCTOS || COMPETITIVIDAD,Fotografías,Consultorías,iag,COC-2016-0429,Victoria,Convocatoria Nacional 2016 Consultorías para la innovación,Procesos Innovadores,Región de La Araucanía,General para rubro Ovinos de lana [General para rubro Ovinos de lana],Consultoría COC-2016-0429,Sistemas productivos intensivos,"Esta fotografía está asociada a la Consultoría COC-2016-0429 “Mejorando la competitividad de la cadena de valor ovina a través de la innovación en la intervención y transformación del proceso productivo artesanal de la lana, asociada a la elaboración de textilería con identidad territorial”.",Región de La Araucanía,Malleco,Región de La Araucanía,Región de La Araucanía,Ovinos de lana,Otros productos (elaborados),Textiles,Calidad || Extensión y difusión tecnológica || Gestión || Artesanía / producto artesanal || Manejo productivo,Entrega de certificado a artesana.,Reconocimiento a la labor artesanal en textilería.,"Ceremonia de entrega de certificado a una artesana, destacando su participación en el proceso de mejora de la cadena de valor ovina. El evento se desarrolla en un espacio cerrado, con muestras de textilería en el fondo, incluyendo prendas elaboradas con lana de oveja. La entrega simboliza el reconocimiento a la innovación y transformación del proceso productivo artesanal.","El evento resalta la importancia del reconocimiento a las artesanas en la mejora de la competitividad de la cadena de valor ovina, promoviendo la identidad territorial a través de la textilería."
108,COC-2016-0429_196.jpg,Fotografías,Fotografía,Fundación para la Innovación Agraria (FIA),Victoria,2016,1 Fotografía.,imagen/jpg,1280 x 960 píxeles,"0,14 MB",OVINOS || IDENTIDAD TERRITORIAL || PRODUCCIÓN ARTESANAL || LANA || TEXTIL || PRODUCTOS || COMPETITIVIDAD,Fotografías,Consultorías,iag,COC-2016-0429,Victoria,Convocatoria Nacional 2016 Consultorías para la innovación,Procesos Innovadores,Región de La Araucanía,General para rubro Ovinos de lana [General para rubro Ovinos de lana],Consultoría COC-2016-0429,Sistemas productivos intensivos,"Esta fotografía está asociada a la Consultoría COC-2016-0429 “Mejorando la competitividad de la cadena de valor ovina a través de la innovación en la intervención y transformación del proceso productivo artesanal de la lana, asociada a la elaboración de textilería con identidad territorial”.",Región de La Araucanía,Malleco,Región de La Araucanía,Región de La Araucanía,Ovinos de lana,Otros productos (elaborados),Textiles,Calidad || Extensión y difusión tecnológica || Gestión || Artesanía / producto artesanal || Manejo productivo,Muestra de textilería artesanal en Chile.,Exhibición de prendas elaboradas por artesanas.,"Grupo de artesanas vistiendo prendas de textilería elaboradas con lana de oveja, presentando diseños que reflejan la identidad territorial. Las prendas incluyen ponchos, chaquetas y accesorios, todos caracterizados por técnicas de hilado y teñido natural. El entorno es un espacio cerrado, adecuado para la exhibición, con iluminación adecuada y un fondo neutro que resalta las texturas y colores de las piezas textiles.","La imagen destaca la labor de las artesanas en la creación de textilería que potencia la identidad cultural y la competitividad de la cadena de valor ovina, alineándose con los objetivos del proyecto de innovación en procesos productivos artesanales."
109,COC-2016-0429_197.jpg,Fotografías,Fotografía,Fundación para la Innovación Agraria (FIA),Victoria,2016,1 Fotografía.,imagen/jpg,960 x 1280 píxeles,"0,14 MB",OVINOS || IDENTIDAD TERRITORIAL || PRODUCCIÓN ARTESANAL || LANA || TEXTIL || PRODUCTOS || COMPETITIVIDAD,Fotografías,Consultorías,iag,COC-2016-0429,Victoria,Convocatoria Nacional 2016 Consultorías para la innovación,Procesos Innovadores,Región de La Araucanía,General para rubro Ovinos de lana [General para rubro Ovinos de lana],Consultoría COC-2016-0429,Sistemas productivos intensivos,"Esta fotografía está asociada a la Consultoría COC-2016-0429 “Mejorando la competitividad de la cadena de valor ovina a través de la innovación en la intervención y transformación del proceso productivo artesanal de la lana, asociada a la elaboración de textilería con identidad territorial”.",Región de La Araucanía,Malleco,Región de La Araucanía,Región de La Araucanía,Ovinos de lana,Otros productos (elaborados),Textiles,Calidad || Extensión y difusión tecnológica || Gestión || Artesanía / producto artesanal || Manejo productivo,Interacción cultural en evento textil.,Participantes en evento sobre textilería mapuche.,"Tres personas posan en un evento relacionado con la textilería mapuche. La mujer, vestida con trajes tradicionales, representa la cultura mapuche y su rol en la transmisión de saberes. El fondo incluye una proyección que destaca la importancia de la mujer en la cultura. Se observa un ambiente formal, propicio para el intercambio cultural y la promoción de la identidad territorial.","La imagen refleja la relevancia de la mujer en la cultura mapuche y su papel en la textilería, en el marco de un proyecto que busca mejorar la competitividad de la cadena de valor ovina."
110,COC-2016-0429_198.jpg,Fotografías,Fotografía,Fundación para la Innovación Agraria (FIA),Victoria,2016,1 Fotografía.,imagen/jpg,1280 x 960 píxeles,"0,14 MB",OVINOS || IDENTIDAD TERRITORIAL || PRODUCCIÓN ARTESANAL || LANA || TEXTIL || PRODUCTOS || COMPETITIVIDAD,Fotografías,Consultorías,iag,COC-2016-0429,Victoria,Convocatoria Nacional 2016 Consultorías para la innovación,Procesos Innovadores,Región de La Araucanía,General para rubro Ovinos de lana [General para rubro Ovinos de lana],Consultoría COC-2016-0429,Sistemas productivos intensivos,"Esta fotografía está asociada a la Consultoría COC-2016-0429 “Mejorando la competitividad de la cadena de valor ovina a través de la innovación en la intervención y transformación del proceso productivo artesanal de la lana, asociada a la elaboración de textilería con identidad territorial”.",Región de La Araucanía,Malleco,Región de La Araucanía,Región de La Araucanía,Ovinos de lana,Otros productos (elaborados),Textiles,Calidad || Extensión y difusión tecnológica || Gestión || Artesanía / producto artesanal || Manejo productivo,Artistas en vestimenta tradicional.,Presentación de artesanos en evento cultural.,"Dos artesanos lucen vestimenta tradicional, destacando elementos textiles que reflejan la identidad territorial. La mujer lleva un atuendo con accesorios que simbolizan su cultura, mientras que el hombre viste un poncho con patrones característicos. El fondo sugiere un ambiente de presentación cultural, posiblemente en un evento relacionado con la textilería y la lana ovina.","La imagen resalta la importancia de la vestimenta tradicional en la promoción de la identidad cultural y la artesanía, elementos clave en la cadena de valor ovina y en la transformación del proceso productivo artesanal."
111,COC-2016-0429_20.JPG,Fotografías,Fotografía,Fundación para la Innovación Agraria (FIA),Victoria,2016,1 Fotografía.,imagen/jpg,3264 x 2448 píxeles,"1,93 MB",OVINOS || IDENTIDAD TERRITORIAL || PRODUCCIÓN ARTESANAL || LANA || TEXTIL || PRODUCTOS || COMPETITIVIDAD,Fotografías,Consultorías,iag,COC-2016-0429,Victoria,Convocatoria Nacional 2016 Consultorías para la innovación,Procesos Innovadores,Región de La Araucanía,General para rubro Ovinos de lana [General para rubro Ovinos de lana],Consultoría COC-2016-0429,Sistemas productivos intensivos,"Esta fotografía está asociada a la Consultoría COC-2016-0429 “Mejorando la competitividad de la cadena de valor ovina a través de la innovación en la intervención y transformación del proceso productivo artesanal de la lana, asociada a la elaboración de textilería con identidad territorial”.",Región de La Araucanía,Malleco,Región de La Araucanía,Región de La Araucanía,Ovinos de lana,Otros productos (elaborados),Textiles,Calidad || Extensión y difusión tecnológica || Gestión || Artesanía / producto artesanal || Manejo productivo,Proceso de teñido de lana artesanal.,Teñido de lana utilizando tintes naturales.,"Artista textil realizando el teñido de lana en un marco de trabajo. Se observa el uso de un recipiente con tintes naturales, así como la disposición de la lana en un telar improvisado. El entorno es un taller comunitario, con sillas y mesas que facilitan el trabajo colaborativo. La técnica de teñido a fuego se aplica para obtener tonalidades específicas en la lana.","El proceso de teñido de lana artesanal es fundamental para la creación de textilería con identidad territorial, mejorando la competitividad de la cadena de valor ovina a través de la innovación en técnicas tradicionales."
112,COC-2016-0429_21.JPG,Fotografías,Fotografía,Fundación para la Innovación Agraria (FIA),Victoria,2016,1 Fotografía.,imagen/jpg,3264 x 2448 píxeles,"2,09 MB",OVINOS || IDENTIDAD TERRITORIAL || PRODUCCIÓN ARTESANAL || LANA || TEXTIL || PRODUCTOS || COMPETITIVIDAD,Fotografías,Consultorías,iag,COC-2016-0429,Victoria,Convocatoria Nacional 2016 Consultorías para la innovación,Procesos Innovadores,Región de La Araucanía,General para rubro Ovinos de lana [General para rubro Ovinos de lana],Consultoría COC-2016-0429,Sistemas productivos intensivos,"Esta fotografía está asociada a la Consultoría COC-2016-0429 “Mejorando la competitividad de la cadena de valor ovina a través de la innovación en la intervención y transformación del proceso productivo artesanal de la lana, asociada a la elaboración de textilería con identidad territorial”.",Región de La Araucanía,Malleco,Región de La Araucanía,Región de La Araucanía,Ovinos de lana,Otros productos (elaborados),Textiles,Calidad || Extensión y difusión tecnológica || Gestión || Artesanía / producto artesanal || Manejo productivo,Tejido en telar artesanal.,Proceso de tejido con lana de oveja en telar.,"Artista textil trabajando en un telar artesanal, utilizando hilos de lana de oveja. El telar está construido con madera y presenta una estructura vertical que sostiene los hilos en posición. La artesana manipula los hilos con precisión, aplicando técnicas tradicionales de tejido. El entorno es un espacio cerrado con paredes de madera, lo que sugiere un ambiente de trabajo colaborativo y de aprendizaje.","La imagen ilustra el proceso de tejido en telar, fundamental para la producción de textilería artesanal, destacando la importancia de la técnica en la cadena de valor ovina y la identidad territorial asociada a la lana."
113,COC-2016-0429_22.JPG,Fotografías,Fotografía,Fundación para la Innovación Agraria (FIA),Victoria,2016,1 Fotografía.,imagen/jpg,3264 x 2448 píxeles,"1,67 MB",OVINOS || IDENTIDAD TERRITORIAL || PRODUCCIÓN ARTESANAL || LANA || TEXTIL || PRODUCTOS || COMPETITIVIDAD,Fotografías,Consultorías,iag,COC-2016-0429,Victoria,Convocatoria Nacional 2016 Consultorías para la innovación,Procesos Innovadores,Región de La Araucanía,General para rubro Ovinos de lana [General para rubro Ovinos de lana],Consultoría COC-2016-0429,Sistemas productivos intensivos,"Esta fotografía está asociada a la Consultoría COC-2016-0429 “Mejorando la competitividad de la cadena de valor ovina a través de la innovación en la intervención y transformación del proceso productivo artesanal de la lana, asociada a la elaboración de textilería con identidad territorial”.",Región de La Araucanía,Malleco,Región de La Araucanía,Región de La Araucanía,Ovinos de lana,Otros productos (elaborados),Textiles,Calidad || Extensión y difusión tecnológica || Gestión || Artesanía / producto artesanal || Manejo productivo,Textilería artesanal con lana de oveja.,Elaboración de textilería con identidad territorial.,"Muestra de textilería elaborada con lana de oveja, donde se aprecian hilos en tonos naturales y teñidos, integrando elementos de color negro, rojo y blanco. La técnica utilizada incluye el uso de cuentas, que aportan un diseño distintivo y cultural. El fondo rojo resalta los colores de la lana, evidenciando el trabajo artesanal y la identidad territorial de la pieza.","La imagen destaca la importancia de la textilería artesanal en la valorización de la lana de oveja, promoviendo la identidad cultural y la competitividad en la cadena de valor ovina."
114,COC-2016-0429_23.JPG,Fotografías,Fotografía,Fundación para la Innovación Agraria (FIA),Victoria,2016,1 Fotografía.,imagen/jpg,3264 x 2448 píxeles,"2,81 MB",OVINOS || IDENTIDAD TERRITORIAL || PRODUCCIÓN ARTESANAL || LANA || TEXTIL || PRODUCTOS || COMPETITIVIDAD,Fotografías,Consultorías,iag,COC-2016-0429,Victoria,Convocatoria Nacional 2016 Consultorías para la innovación,Procesos Innovadores,Región de La Araucanía,General para rubro Ovinos de lana [General para rubro Ovinos de lana],Consultoría COC-2016-0429,Sistemas productivos intensivos,"Esta fotografía está asociada a la Consultoría COC-2016-0429 “Mejorando la competitividad de la cadena de valor ovina a través de la innovación en la intervención y transformación del proceso productivo artesanal de la lana, asociada a la elaboración de textilería con identidad territorial”.",Región de La Araucanía,Malleco,Región de La Araucanía,Región de La Araucanía,Ovinos de lana,Otros productos (elaborados),Textiles,Calidad || Extensión y difusión tecnológica || Gestión || Artesanía / producto artesanal || Manejo productivo,Hilos de lana teñidos en tonos cálidos.,Proceso de teñido de lana con colorantes naturales.,"Hilos de lana de oveja, teñidos en una gama de colores que van desde el rojo intenso hasta el naranja, colgados en un soporte. El proceso de teñido se realiza utilizando colorantes naturales, lo que resalta la identidad territorial de la textilería. La técnica de teñido a fuego permite obtener tonalidades vibrantes y duraderas, esenciales para la producción artesanal de textiles.","El proceso de teñido de lana con colorantes naturales es fundamental para la elaboración de textilería con identidad territorial, mejorando la competitividad de la cadena de valor ovina."
115,COC-2016-0429_24.JPG,Fotografías,Fotografía,Fundación para la Innovación Agraria (FIA),Victoria,2016,1 Fotografía.,imagen/jpg,3264 x 2448 píxeles,"1,47 MB",OVINOS || IDENTIDAD TERRITORIAL || PRODUCCIÓN ARTESANAL || LANA || TEXTIL || PRODUCTOS || COMPETITIVIDAD,Fotografías,Consultorías,iag,COC-2016-0429,Victoria,Convocatoria Nacional 2016 Consultorías para la innovación,Procesos Innovadores,Región de La Araucanía,General para rubro Ovinos de lana [General para rubro Ovinos de lana],Consultoría COC-2016-0429,Sistemas productivos intensivos,"Esta fotografía está asociada a la Consultoría COC-2016-0429 “Mejorando la competitividad de la cadena de valor ovina a través de la innovación en la intervención y transformación del proceso productivo artesanal de la lana, asociada a la elaboración de textilería con identidad territorial”.",Región de La Araucanía,Malleco,Región de La Araucanía,Región de La Araucanía,Ovinos de lana,Otros productos (elaborados),Textiles,Calidad || Extensión y difusión tecnológica || Gestión || Artesanía / producto artesanal || Manejo productivo,Textilería artesanal en proceso de elaboración.,Proceso de tejido con lana de oveja en telar.,"Muestra de textilería artesanal elaborada con lana de oveja, dispuesta en un marco de madera. Se aprecian diferentes tramas y colores, incluyendo tonos rojos, negros y blancos, que evidencian la técnica de tejido utilizada. La disposición de los hilos sugiere un enfoque en la identidad territorial y la innovación en el proceso productivo. Herramientas como el telar y el marco son visibles, destacando la labor artesanal.","La imagen resalta la importancia de la textilería artesanal en la cadena de valor ovina, promoviendo la competitividad y la identidad cultural a través de técnicas tradicionales de tejido."
116,COC-2016-0429_25.JPG,Fotografías,Fotografía,Fundación para la Innovación Agraria (FIA),Victoria,2016,1 Fotografía.,imagen/jpg,3264 x 2448 píxeles,"2,72 MB",OVINOS || IDENTIDAD TERRITORIAL || PRODUCCIÓN ARTESANAL || LANA || TEXTIL || PRODUCTOS || COMPETITIVIDAD,Fotografías,Consultorías,iag,COC-2016-0429,Victoria,Convocatoria Nacional 2016 Consultorías para la innovación,Procesos Innovadores,Región de La Araucanía,General para rubro Ovinos de lana [General para rubro Ovinos de lana],Consultoría COC-2016-0429,Sistemas productivos intensivos,"Esta fotografía está asociada a la Consultoría COC-2016-0429 “Mejorando la competitividad de la cadena de valor ovina a través de la innovación en la intervención y transformación del proceso productivo artesanal de la lana, asociada a la elaboración de textilería con identidad territorial”.",Región de La Araucanía,Malleco,Región de La Araucanía,Región de La Araucanía,Ovinos de lana,Otros productos (elaborados),Textiles,Calidad || Extensión y difusión tecnológica || Gestión || Artesanía / producto artesanal || Manejo productivo,Textilería artesanal con lana de oveja.,Elaboración de textilería con técnicas tradicionales.,"Muestra de un tejido artesanal elaborado con lana de oveja, destacando la técnica de hilado y el acabado con flecos. La textura del material refleja la calidad de la lana y el trabajo manual de las artesanas. Se aprecian detalles de la estructura del tejido, que evidencian el proceso de producción artesanal y la identidad territorial asociada.","La imagen resalta la importancia de la textilería artesanal en la cadena de valor ovina, evidenciando el uso de técnicas tradicionales que contribuyen a la competitividad y preservación de la identidad cultural."
117,COC-2016-0429_26.JPG,Fotografías,Fotografía,Fundación para la Innovación Agraria (FIA),Victoria,2016,1 Fotografía.,imagen/jpg,3264 x 2448 píxeles,"1,92 MB",OVINOS || IDENTIDAD TERRITORIAL || PRODUCCIÓN ARTESANAL || LANA || TEXTIL || PRODUCTOS || COMPETITIVIDAD,Fotografías,Consultorías,iag,COC-2016-0429,Victoria,Convocatoria Nacional 2016 Consultorías para la innovación,Procesos Innovadores,Región de La Araucanía,General para rubro Ovinos de lana [General para rubro Ovinos de lana],Consultoría COC-2016-0429,Sistemas productivos intensivos,"Esta fotografía está asociada a la Consultoría COC-2016-0429 “Mejorando la competitividad de la cadena de valor ovina a través de la innovación en la intervención y transformación del proceso productivo artesanal de la lana, asociada a la elaboración de textilería con identidad territorial”.",Región de La Araucanía,Malleco,Región de La Araucanía,Región de La Araucanía,Ovinos de lana,Otros productos (elaborados),Textiles,Calidad || Extensión y difusión tecnológica || Gestión || Artesanía / producto artesanal || Manejo productivo,Tejido en telar artesanal.,Proceso de elaboración de textilería con lana.,"Artista textil trabajando en un telar artesanal, utilizando lana de oveja teñida. La estructura del telar está fabricada con madera, permitiendo la tensión adecuada del hilo. La artesana sostiene el hilo con una mano mientras ajusta la trama con la otra. El entorno es un espacio cerrado con paredes de madera, lo que sugiere un ambiente de trabajo dedicado a la producción textil.","El proceso de tejido en telar artesanal es fundamental para la transformación de la lana de oveja, contribuyendo a la identidad territorial y a la competitividad de la cadena de valor ovina."
118,COC-2016-0429_27.JPG,Fotografías,Fotografía,Fundación para la Innovación Agraria (FIA),Victoria,2016,1 Fotografía.,imagen/jpg,3264 x 2448 píxeles,"2,29 MB",OVINOS || IDENTIDAD TERRITORIAL || PRODUCCIÓN ARTESANAL || LANA || TEXTIL || PRODUCTOS || COMPETITIVIDAD,Fotografías,Consultorías,iag,COC-2016-0429,Victoria,Convocatoria Nacional 2016 Consultorías para la innovación,Procesos Innovadores,Región de La Araucanía,General para rubro Ovinos de lana [General para rubro Ovinos de lana],Consultoría COC-2016-0429,Sistemas productivos intensivos,"Esta fotografía está asociada a la Consultoría COC-2016-0429 “Mejorando la competitividad de la cadena de valor ovina a través de la innovación en la intervención y transformación del proceso productivo artesanal de la lana, asociada a la elaboración de textilería con identidad territorial”.",Región de La Araucanía,Malleco,Región de La Araucanía,Región de La Araucanía,Ovinos de lana,Otros productos (elaborados),Textiles,Calidad || Extensión y difusión tecnológica || Gestión || Artesanía / producto artesanal || Manejo productivo,Artesana con telar y textil,Elaboración de textilería con lana de oveja,"Artesana en un taller presenta un textil elaborado en telar, utilizando lana de oveja. La pieza textil exhibe patrones geométricos y colores naturales, reflejando la identidad territorial. La artesana sostiene la obra, evidenciando el proceso de creación y la destreza en el uso de herramientas tradicionales.","La imagen destaca la labor artesanal en la producción de textilería con lana de oveja, enfatizando la importancia de la innovación en el proceso productivo y la preservación de la identidad cultural en la cadena de valor ovina."
119,COC-2016-0429_28.JPG,Fotografías,Fotografía,Fundación para la Innovación Agraria (FIA),Victoria,2016,1 Fotografía.,imagen/jpg,3264 x 2448 píxeles,"2,61 MB",OVINOS || IDENTIDAD TERRITORIAL || PRODUCCIÓN ARTESANAL || LANA || TEXTIL || PRODUCTOS || COMPETITIVIDAD,Fotografías,Consultorías,iag,COC-2016-0429,Victoria,Convocatoria Nacional 2016 Consultorías para la innovación,Procesos Innovadores,Región de La Araucanía,General para rubro Ovinos de lana [General para rubro Ovinos de lana],Consultoría COC-2016-0429,Sistemas productivos intensivos,"Esta fotografía está asociada a la Consultoría COC-2016-0429 “Mejorando la competitividad de la cadena de valor ovina a través de la innovación en la intervención y transformación del proceso productivo artesanal de la lana, asociada a la elaboración de textilería con identidad territorial”.",Región de La Araucanía,Malleco,Región de La Araucanía,Región de La Araucanía,Ovinos de lana,Otros productos (elaborados),Textiles,Calidad || Extensión y difusión tecnológica || Gestión || Artesanía / producto artesanal || Manejo productivo,Teñido de lana en olla.,Proceso de teñido a fuego de hilados de lana.,"Proceso de teñido de lana de oveja en olla, utilizando un colorante natural. Se observa la lana sumergida en un líquido rojo, en ebullición, con una herramienta de metal para mezclar. El entorno es rústico, con un fondo de tierra y hojas secas, lo que sugiere un contexto artesanal. La olla está colocada sobre una estructura metálica que permite la aplicación de calor.","El proceso de teñido a fuego es fundamental para la transformación de la lana, aportando color y valor a la textilería artesanal, contribuyendo a la identidad territorial y competitividad de la cadena de valor ovina."
120,COC-2016-0429_29.JPG,Fotografías,Fotografía,Fundación para la Innovación Agraria (FIA),Victoria,2016,1 Fotografía.,imagen/jpg,1836 x 3264 píxeles,"0,98 MB",OVINOS || IDENTIDAD TERRITORIAL || PRODUCCIÓN ARTESANAL || LANA || TEXTIL || PRODUCTOS || COMPETITIVIDAD,Fotografías,Consultorías,iag,COC-2016-0429,Victoria,Convocatoria Nacional 2016 Consultorías para la innovación,Procesos Innovadores,Región de La Araucanía,General para rubro Ovinos de lana [General para rubro Ovinos de lana],Consultoría COC-2016-0429,Sistemas productivos intensivos,"Esta fotografía está asociada a la Consultoría COC-2016-0429 “Mejorando la competitividad de la cadena de valor ovina a través de la innovación en la intervención y transformación del proceso productivo artesanal de la lana, asociada a la elaboración de textilería con identidad territorial”.",Región de La Araucanía,Malleco,Región de La Araucanía,Región de La Araucanía,Ovinos de lana,Otros productos (elaborados),Textiles,Calidad || Extensión y difusión tecnológica || Gestión || Artesanía / producto artesanal || Manejo productivo,Taller de textilería con lana de oveja.,Artesanas trabajando en la elaboración de textilería.,"Grupo de artesanas en un taller, utilizando lana de oveja en diversas tonalidades. Se observa el uso de herramientas como tijeras y moldes para la creación de piezas textiles. El entorno es un espacio cerrado con iluminación natural, donde las participantes colaboran en la elaboración de productos textiles, fomentando la identidad territorial y la innovación en el proceso productivo.","La imagen refleja el trabajo colaborativo de artesanas en la transformación de lana de oveja, contribuyendo a la competitividad de la cadena de valor ovina y la preservación de técnicas tradicionales."
121,COC-2016-0429_30.JPG,Fotografías,Fotografía,Fundación para la Innovación Agraria (FIA),Victoria,2016,1 Fotografía.,imagen/jpg,1836 x 3264 píxeles,"1,30 MB",OVINOS || IDENTIDAD TERRITORIAL || PRODUCCIÓN ARTESANAL || LANA || TEXTIL || PRODUCTOS || COMPETITIVIDAD,Fotografías,Consultorías,iag,COC-2016-0429,Victoria,Convocatoria Nacional 2016 Consultorías para la innovación,Procesos Innovadores,Región de La Araucanía,General para rubro Ovinos de lana [General para rubro Ovinos de lana],Consultoría COC-2016-0429,Sistemas productivos intensivos,"Esta fotografía está asociada a la Consultoría COC-2016-0429 “Mejorando la competitividad de la cadena de valor ovina a través de la innovación en la intervención y transformación del proceso productivo artesanal de la lana, asociada a la elaboración de textilería con identidad territorial”.",Región de La Araucanía,Malleco,Región de La Araucanía,Región de La Araucanía,Ovinos de lana,Otros productos (elaborados),Textiles,Calidad || Extensión y difusión tecnológica || Gestión || Artesanía / producto artesanal || Manejo productivo,Hilado de lana teñida artesanalmente.,Proceso de hilado con lana de colores naturales.,"Mano de artesana sosteniendo hilos de lana teñida en tonos vibrantes, resultado de un proceso de teñido a fuego. La técnica de hilado se realiza manualmente, utilizando herramientas tradicionales que permiten la creación de textilería con identidad territorial. El entorno es un espacio de trabajo comunitario, evidenciado por la presencia de materiales y herramientas en el fondo.","La imagen ilustra el proceso de hilado de lana, destacando la innovación en la intervención artesanal que busca mejorar la competitividad de la cadena de valor ovina en Chile."
122,COC-2016-0429_31.JPG,Fotografías,Fotografía,Fundación para la Innovación Agraria (FIA),Victoria,2016,1 Fotografía.,imagen/jpg,1836 x 3264 píxeles,"1,21 MB",OVINOS || IDENTIDAD TERRITORIAL || PRODUCCIÓN ARTESANAL || LANA || TEXTIL || PRODUCTOS || COMPETITIVIDAD,Fotografías,Consultorías,iag,COC-2016-0429,Victoria,Convocatoria Nacional 2016 Consultorías para la innovación,Procesos Innovadores,Región de La Araucanía,General para rubro Ovinos de lana [General para rubro Ovinos de lana],Consultoría COC-2016-0429,Sistemas productivos intensivos,"Esta fotografía está asociada a la Consultoría COC-2016-0429 “Mejorando la competitividad de la cadena de valor ovina a través de la innovación en la intervención y transformación del proceso productivo artesanal de la lana, asociada a la elaboración de textilería con identidad territorial”.",Región de La Araucanía,Malleco,Región de La Araucanía,Región de La Araucanía,Ovinos de lana,Otros productos (elaborados),Textiles,Calidad || Extensión y difusión tecnológica || Gestión || Artesanía / producto artesanal || Manejo productivo,Telar con textil en proceso de elaboración.,Proceso de tejido artesanal en telar vertical.,"Telar vertical instalado en un entorno de trabajo artesanal, con un textil en proceso de elaboración. Se aprecian hilos de lana de oveja en tonos verdes y patrones geométricos. Herramientas de madera sostienen el telar, evidenciando la técnica de tejido manual. La base del telar muestra hilos sueltos, indicando la continuidad del trabajo. El entorno presenta un ambiente rústico, propicio para la producción textil.","El proceso de tejido en telar vertical representa una práctica artesanal que contribuye a la identidad territorial y a la competitividad de la cadena de valor ovina, alineándose con los objetivos del proyecto de innovación en la transformación de la lana."
123,COC-2016-0429_32.JPG,Fotografías,Fotografía,Fundación para la Innovación Agraria (FIA),Victoria,2016,1 Fotografía.,imagen/jpg,3264 x 2448 píxeles,"2,64 MB",OVINOS || IDENTIDAD TERRITORIAL || PRODUCCIÓN ARTESANAL || LANA || TEXTIL || PRODUCTOS || COMPETITIVIDAD,Fotografías,Consultorías,iag,COC-2016-0429,Victoria,Convocatoria Nacional 2016 Consultorías para la innovación,Procesos Innovadores,Región de La Araucanía,General para rubro Ovinos de lana [General para rubro Ovinos de lana],Consultoría COC-2016-0429,Sistemas productivos intensivos,"Esta fotografía está asociada a la Consultoría COC-2016-0429 “Mejorando la competitividad de la cadena de valor ovina a través de la innovación en la intervención y transformación del proceso productivo artesanal de la lana, asociada a la elaboración de textilería con identidad territorial”.",Región de La Araucanía,Malleco,Región de La Araucanía,Región de La Araucanía,Ovinos de lana,Otros productos (elaborados),Textiles,Calidad || Extensión y difusión tecnológica || Gestión || Artesanía / producto artesanal || Manejo productivo,Reunión de presentación del proyecto.,Encuentro para discutir la cadena de valor ovina.,"Grupo de personas reunidas en un espacio interior, con una mesa dispuesta con bebidas y aperitivos. La decoración y el ambiente reflejan un contexto de colaboración y diálogo sobre la textilería artesanal. La presencia de diversas personas sugiere un enfoque comunitario en la mejora de la competitividad de la cadena de valor ovina.","La imagen documenta un encuentro que fomenta la participación de la comunidad en la innovación del proceso productivo de la lana, destacando la importancia de la colaboración en el desarrollo de la textilería con identidad territorial."
124,COC-2016-0429_33.JPG,Fotografías,Fotografía,Fundación para la Innovación Agraria (FIA),Victoria,2016,1 Fotografía.,imagen/jpg,3264 x 2448 píxeles,"2,33 MB",OVINOS || IDENTIDAD TERRITORIAL || PRODUCCIÓN ARTESANAL || LANA || TEXTIL || PRODUCTOS || COMPETITIVIDAD,Fotografías,Consultorías,iag,COC-2016-0429,Victoria,Convocatoria Nacional 2016 Consultorías para la innovación,Procesos Innovadores,Región de La Araucanía,General para rubro Ovinos de lana [General para rubro Ovinos de lana],Consultoría COC-2016-0429,Sistemas productivos intensivos,"Esta fotografía está asociada a la Consultoría COC-2016-0429 “Mejorando la competitividad de la cadena de valor ovina a través de la innovación en la intervención y transformación del proceso productivo artesanal de la lana, asociada a la elaboración de textilería con identidad territorial”.",Región de La Araucanía,Malleco,Región de La Araucanía,Región de La Araucanía,Ovinos de lana,Otros productos (elaborados),Textiles,Calidad || Extensión y difusión tecnológica || Gestión || Artesanía / producto artesanal || Manejo productivo,Reunión de artesanas en taller textil.,Intercambio de experiencias en textilería ovina.,"Grupo de artesanas reunidas en un taller textil, rodeadas de mesas con productos elaborados a base de lana de oveja. Se aprecian bebidas y aperitivos dispuestos para la ocasión. El ambiente es de colaboración y aprendizaje, con un enfoque en la mejora de la cadena de valor ovina. Herramientas de trabajo y telar se encuentran en el fondo, evidenciando el contexto productivo.","La imagen refleja un encuentro de artesanas que fomenta la competitividad en la producción de textilería, promoviendo la innovación y el intercambio de conocimientos en el proceso artesanal de la lana."
125,COC-2016-0429_34.JPG,Fotografías,Fotografía,Fundación para la Innovación Agraria (FIA),Victoria,2016,1 Fotografía.,imagen/jpg,3264 x 2448 píxeles,"2,38 MB",OVINOS || IDENTIDAD TERRITORIAL || PRODUCCIÓN ARTESANAL || LANA || TEXTIL || PRODUCTOS || COMPETITIVIDAD,Fotografías,Consultorías,iag,COC-2016-0429,Victoria,Convocatoria Nacional 2016 Consultorías para la innovación,Procesos Innovadores,Región de La Araucanía,General para rubro Ovinos de lana [General para rubro Ovinos de lana],Consultoría COC-2016-0429,Sistemas productivos intensivos,"Esta fotografía está asociada a la Consultoría COC-2016-0429 “Mejorando la competitividad de la cadena de valor ovina a través de la innovación en la intervención y transformación del proceso productivo artesanal de la lana, asociada a la elaboración de textilería con identidad territorial”.",Región de La Araucanía,Malleco,Región de La Araucanía,Región de La Araucanía,Ovinos de lana,Otros productos (elaborados),Textiles,Calidad || Extensión y difusión tecnológica || Gestión || Artesanía / producto artesanal || Manejo productivo,Tejido artesanal en telar.,Proceso de tejido con lana de oveja.,"Artisana trabajando en un telar vertical, utilizando lana de oveja teñida en tonos rosados. La herramienta principal es el telar, construido con madera, que permite la creación de textilería. La técnica de tejido se realiza manualmente, con atención al detalle en la disposición de los hilos. El entorno es un espacio cerrado, con paredes de madera, que sugiere un ambiente de trabajo colaborativo.","El proceso de tejido artesanal con lana de oveja es fundamental para la valorización de la identidad territorial y la competitividad de la cadena de valor ovina, promoviendo la innovación en la producción textil."
126,COC-2016-0429_35.JPG,Fotografías,Fotografía,Fundación para la Innovación Agraria (FIA),Victoria,2016,1 Fotografía.,imagen/jpg,3264 x 2448 píxeles,"2,18 MB",OVINOS || IDENTIDAD TERRITORIAL || PRODUCCIÓN ARTESANAL || LANA || TEXTIL || PRODUCTOS || COMPETITIVIDAD,Fotografías,Consultorías,iag,COC-2016-0429,Victoria,Convocatoria Nacional 2016 Consultorías para la innovación,Procesos Innovadores,Región de La Araucanía,General para rubro Ovinos de lana [General para rubro Ovinos de lana],Consultoría COC-2016-0429,Sistemas productivos intensivos,"Esta fotografía está asociada a la Consultoría COC-2016-0429 “Mejorando la competitividad de la cadena de valor ovina a través de la innovación en la intervención y transformación del proceso productivo artesanal de la lana, asociada a la elaboración de textilería con identidad territorial”.",Región de La Araucanía,Malleco,Región de La Araucanía,Región de La Araucanía,Ovinos de lana,Otros productos (elaborados),Textiles,Calidad || Extensión y difusión tecnológica || Gestión || Artesanía / producto artesanal || Manejo productivo,Tejido en telar artesanal.,Proceso de elaboración de textilería con lana de oveja.,"Artista textil manipulando hilos en un telar artesanal, utilizando técnicas tradicionales de tejido. La estructura del telar está compuesta por cañas de bambú, asegurando la estabilidad del trabajo. La prenda en proceso presenta un diseño que refleja la identidad cultural y territorial, con colores vibrantes y patrones característicos de la región. La artesana utiliza herramientas básicas como ganchos y tijeras para el manejo de los hilos.","El proceso de tejido en telar artesanal es fundamental para la producción de textilería con lana de oveja, promoviendo la identidad cultural y la competitividad en la cadena de valor ovina."
127,COC-2016-0429_36.JPG,Fotografías,Fotografía,Fundación para la Innovación Agraria (FIA),Victoria,2016,1 Fotografía.,imagen/jpg,3264 x 2448 píxeles,"2,07 MB",OVINOS || IDENTIDAD TERRITORIAL || PRODUCCIÓN ARTESANAL || LANA || TEXTIL || PRODUCTOS || COMPETITIVIDAD,Fotografías,Consultorías,iag,COC-2016-0429,Victoria,Convocatoria Nacional 2016 Consultorías para la innovación,Procesos Innovadores,Región de La Araucanía,General para rubro Ovinos de lana [General para rubro Ovinos de lana],Consultoría COC-2016-0429,Sistemas productivos intensivos,"Esta fotografía está asociada a la Consultoría COC-2016-0429 “Mejorando la competitividad de la cadena de valor ovina a través de la innovación en la intervención y transformación del proceso productivo artesanal de la lana, asociada a la elaboración de textilería con identidad territorial”.",Región de La Araucanía,Malleco,Región de La Araucanía,Región de La Araucanía,Ovinos de lana,Otros productos (elaborados),Textiles,Calidad || Extensión y difusión tecnológica || Gestión || Artesanía / producto artesanal || Manejo productivo,Artesanas tejiendo en telar artesanal.,Proceso de tejido con lana de oveja.,"Dos artesanas trabajando en un telar artesanal, utilizando lana de oveja para crear textilería. La artesana en primer plano sostiene hilos mientras realiza la técnica de tejido. El entorno es un espacio iluminado con paredes de madera, lo que sugiere un ambiente acogedor y propicio para la labor artesanal. Las herramientas visibles incluyen el telar y los hilos de lana en diferentes colores.","La imagen ilustra el proceso de tejido artesanal, fundamental para la producción de textilería con identidad territorial, en el marco de la mejora de la competitividad de la cadena de valor ovina."
128,COC-2016-0429_37.JPG,Fotografías,Fotografía,Fundación para la Innovación Agraria (FIA),Victoria,2016,1 Fotografía.,imagen/jpg,3264 x 2448 píxeles,"2,14 MB",OVINOS || IDENTIDAD TERRITORIAL || PRODUCCIÓN ARTESANAL || LANA || TEXTIL || PRODUCTOS || COMPETITIVIDAD,Fotografías,Consultorías,iag,COC-2016-0429,Victoria,Convocatoria Nacional 2016 Consultorías para la innovación,Procesos Innovadores,Región de La Araucanía,General para rubro Ovinos de lana [General para rubro Ovinos de lana],Consultoría COC-2016-0429,Sistemas productivos intensivos,"Esta fotografía está asociada a la Consultoría COC-2016-0429 “Mejorando la competitividad de la cadena de valor ovina a través de la innovación en la intervención y transformación del proceso productivo artesanal de la lana, asociada a la elaboración de textilería con identidad territorial”.",Región de La Araucanía,Malleco,Región de La Araucanía,Región de La Araucanía,Ovinos de lana,Otros productos (elaborados),Textiles,Calidad || Extensión y difusión tecnológica || Gestión || Artesanía / producto artesanal || Manejo productivo,Tejido en telar artesanal.,Proceso de tejido con lana de oveja.,"Artista textil trabaja en un telar artesanal, utilizando lana de oveja para crear una pieza textil. El telar, construido con madera, está fijado a la pared, permitiendo un soporte estable. La artesana manipula los hilos con precisión, empleando técnicas tradicionales de tejido. El entorno es un espacio cerrado, con paredes de madera que reflejan la identidad territorial del proyecto.","La imagen ilustra el proceso de tejido en telar, fundamental para la producción de textilería artesanal, destacando la importancia de la lana de oveja en la cadena de valor ovina y la preservación de técnicas tradicionales."
129,COC-2016-0429_38.JPG,Fotografías,Fotografía,Fundación para la Innovación Agraria (FIA),Victoria,2016,1 Fotografía.,imagen/jpg,3264 x 2448 píxeles,"2,09 MB",OVINOS || IDENTIDAD TERRITORIAL || PRODUCCIÓN ARTESANAL || LANA || TEXTIL || PRODUCTOS || COMPETITIVIDAD,Fotografías,Consultorías,iag,COC-2016-0429,Victoria,Convocatoria Nacional 2016 Consultorías para la innovación,Procesos Innovadores,Región de La Araucanía,General para rubro Ovinos de lana [General para rubro Ovinos de lana],Consultoría COC-2016-0429,Sistemas productivos intensivos,"Esta fotografía está asociada a la Consultoría COC-2016-0429 “Mejorando la competitividad de la cadena de valor ovina a través de la innovación en la intervención y transformación del proceso productivo artesanal de la lana, asociada a la elaboración de textilería con identidad territorial”.",Región de La Araucanía,Malleco,Región de La Araucanía,Región de La Araucanía,Ovinos de lana,Otros productos (elaborados),Textiles,Calidad || Extensión y difusión tecnológica || Gestión || Artesanía / producto artesanal || Manejo productivo,Tejido en telar artesanal.,Proceso de elaboración de textilería con lana.,"Artista textil trabajando en un telar artesanal, utilizando lana de oveja para crear una pieza textil. El telar está construido con materiales sencillos, permitiendo la manipulación manual de los hilos. Se observan hilos de diferentes colores, incluyendo tonos grises y rojos, que evidencian la técnica de tejido. El entorno es un espacio de trabajo colaborativo, donde otras artesanas están presentes, contribuyendo al proceso de aprendizaje y producción.","La imagen ilustra el proceso de tejido en telar, fundamental en la cadena de valor ovina, destacando la importancia de la artesanía en la identidad territorial y la innovación en la producción textil."
130,COC-2016-0429_39.JPG,Fotografías,Fotografía,Fundación para la Innovación Agraria (FIA),Victoria,2016,1 Fotografía.,imagen/jpg,3264 x 2448 píxeles,"1,76 MB",OVINOS || IDENTIDAD TERRITORIAL || PRODUCCIÓN ARTESANAL || LANA || TEXTIL || PRODUCTOS || COMPETITIVIDAD,Fotografías,Consultorías,iag,COC-2016-0429,Victoria,Convocatoria Nacional 2016 Consultorías para la innovación,Procesos Innovadores,Región de La Araucanía,General para rubro Ovinos de lana [General para rubro Ovinos de lana],Consultoría COC-2016-0429,Sistemas productivos intensivos,"Esta fotografía está asociada a la Consultoría COC-2016-0429 “Mejorando la competitividad de la cadena de valor ovina a través de la innovación en la intervención y transformación del proceso productivo artesanal de la lana, asociada a la elaboración de textilería con identidad territorial”.",Región de La Araucanía,Malleco,Región de La Araucanía,Región de La Araucanía,Ovinos de lana,Otros productos (elaborados),Textiles,Calidad || Extensión y difusión tecnológica || Gestión || Artesanía / producto artesanal || Manejo productivo,Tejido en telar artesanal.,Proceso de elaboración de textilería con lana.,"Artista textil trabajando en un telar artesanal, utilizando lana de oveja. La técnica de tejido se centra en patrones tradicionales, evidenciando la identidad cultural. Herramientas visibles incluyen el telar, hilos de lana y un ambiente de trabajo colaborativo con otras artesanas al fondo.","La imagen resalta el proceso de elaboración de textilería artesanal, fundamental para mejorar la competitividad de la cadena de valor ovina, promoviendo la innovación y la identidad territorial en la producción textil."
131,COC-2016-0429_40.JPG,Fotografías,Fotografía,Fundación para la Innovación Agraria (FIA),Victoria,2016,1 Fotografía.,imagen/jpg,3264 x 2448 píxeles,"2,02 MB",OVINOS || IDENTIDAD TERRITORIAL || PRODUCCIÓN ARTESANAL || LANA || TEXTIL || PRODUCTOS || COMPETITIVIDAD,Fotografías,Consultorías,iag,COC-2016-0429,Victoria,Convocatoria Nacional 2016 Consultorías para la innovación,Procesos Innovadores,Región de La Araucanía,General para rubro Ovinos de lana [General para rubro Ovinos de lana],Consultoría COC-2016-0429,Sistemas productivos intensivos,"Esta fotografía está asociada a la Consultoría COC-2016-0429 “Mejorando la competitividad de la cadena de valor ovina a través de la innovación en la intervención y transformación del proceso productivo artesanal de la lana, asociada a la elaboración de textilería con identidad territorial”.",Región de La Araucanía,Malleco,Región de La Araucanía,Región de La Araucanía,Ovinos de lana,Otros productos (elaborados),Textiles,Calidad || Extensión y difusión tecnológica || Gestión || Artesanía / producto artesanal || Manejo productivo,Proceso de telar en textilería artesanal.,Elaboración de textilería con lana de oveja.,"Artisanas trabajando en un telar vertical, utilizando hilos de lana de diferentes colores. Se aprecian técnicas de tejido que reflejan la identidad territorial. Las herramientas incluyen un telar de madera y hilos organizados en bobinas. El entorno es un espacio de trabajo con paredes de madera, adecuado para la producción textil.","La imagen ilustra el proceso de tejido en telar, fundamental para la transformación de la lana de oveja en productos textiles, destacando la importancia de la técnica artesanal en la cadena de valor ovina."
132,COC-2016-0429_41.JPG,Fotografías,Fotografía,Fundación para la Innovación Agraria (FIA),Victoria,2016,1 Fotografía.,imagen/jpg,3264 x 2448 píxeles,"1,82 MB",OVINOS || IDENTIDAD TERRITORIAL || PRODUCCIÓN ARTESANAL || LANA || TEXTIL || PRODUCTOS || COMPETITIVIDAD,Fotografías,Consultorías,iag,COC-2016-0429,Victoria,Convocatoria Nacional 2016 Consultorías para la innovación,Procesos Innovadores,Región de La Araucanía,General para rubro Ovinos de lana [General para rubro Ovinos de lana],Consultoría COC-2016-0429,Sistemas productivos intensivos,"Esta fotografía está asociada a la Consultoría COC-2016-0429 “Mejorando la competitividad de la cadena de valor ovina a través de la innovación en la intervención y transformación del proceso productivo artesanal de la lana, asociada a la elaboración de textilería con identidad territorial”.",Región de La Araucanía,Malleco,Región de La Araucanía,Región de La Araucanía,Ovinos de lana,Otros productos (elaborados),Textiles,Calidad || Extensión y difusión tecnológica || Gestión || Artesanía / producto artesanal || Manejo productivo,Tejido en telar artesanal.,Artesanas trabajando en telar con lana ovina.,"Proceso de tejido en telar artesanal, donde una artesana manipula hilos de lana ovina en un marco de madera. Se observa la utilización de un telar vertical, con hilos de colores rojo y natural. La segunda artesana, ubicada a la izquierda, observa y asiste en la labor. El entorno es un espacio cerrado con paredes de madera, lo que sugiere un ambiente de trabajo comunitario y tradicional.","La imagen ilustra el proceso de tejido en telar, fundamental en la producción de textilería artesanal, destacando la colaboración entre artesanas y el uso de lana ovina, en el marco del proyecto de mejora de la cadena de valor ovina."
133,COC-2016-0429_42.JPG,Fotografías,Fotografía,Fundación para la Innovación Agraria (FIA),Victoria,2016,1 Fotografía.,imagen/jpg,3264 x 2448 píxeles,"2,48 MB",OVINOS || IDENTIDAD TERRITORIAL || PRODUCCIÓN ARTESANAL || LANA || TEXTIL || PRODUCTOS || COMPETITIVIDAD,Fotografías,Consultorías,iag,COC-2016-0429,Victoria,Convocatoria Nacional 2016 Consultorías para la innovación,Procesos Innovadores,Región de La Araucanía,General para rubro Ovinos de lana [General para rubro Ovinos de lana],Consultoría COC-2016-0429,Sistemas productivos intensivos,"Esta fotografía está asociada a la Consultoría COC-2016-0429 “Mejorando la competitividad de la cadena de valor ovina a través de la innovación en la intervención y transformación del proceso productivo artesanal de la lana, asociada a la elaboración de textilería con identidad territorial”.",Región de La Araucanía,Malleco,Región de La Araucanía,Región de La Araucanía,Ovinos de lana,Otros productos (elaborados),Textiles,Calidad || Extensión y difusión tecnológica || Gestión || Artesanía / producto artesanal || Manejo productivo,Tejedora trabajando en telar artesanal.,Proceso de tejido con lana de oveja en telar.,"Tejedora utilizando un telar artesanal, enfocado en la elaboración de textilería con lana de oveja. Se aprecian hilos de diferentes colores, incluyendo tonos morados y verdes, que son parte del proceso de creación. La tejedora emplea técnicas tradicionales, sentada en una silla, con herramientas de madera que sostienen el telar. El entorno presenta paredes de madera, lo que sugiere un espacio de trabajo artesanal.","La imagen ilustra el proceso de tejido en telar, fundamental para la producción de textilería con identidad territorial, destacando la importancia de la artesanía en la cadena de valor ovina."
134,COC-2016-0429_43.JPG,Fotografías,Fotografía,Fundación para la Innovación Agraria (FIA),Victoria,2016,1 Fotografía.,imagen/jpg,3264 x 2448 píxeles,"1,90 MB",OVINOS || IDENTIDAD TERRITORIAL || PRODUCCIÓN ARTESANAL || LANA || TEXTIL || PRODUCTOS || COMPETITIVIDAD,Fotografías,Consultorías,iag,COC-2016-0429,Victoria,Convocatoria Nacional 2016 Consultorías para la innovación,Procesos Innovadores,Región de La Araucanía,General para rubro Ovinos de lana [General para rubro Ovinos de lana],Consultoría COC-2016-0429,Sistemas productivos intensivos,"Esta fotografía está asociada a la Consultoría COC-2016-0429 “Mejorando la competitividad de la cadena de valor ovina a través de la innovación en la intervención y transformación del proceso productivo artesanal de la lana, asociada a la elaboración de textilería con identidad territorial”.",Región de La Araucanía,Malleco,Región de La Araucanía,Región de La Araucanía,Ovinos de lana,Otros productos (elaborados),Textiles,Calidad || Extensión y difusión tecnológica || Gestión || Artesanía / producto artesanal || Manejo productivo,Artesana mostrando textil en telar.,Demostración de tejido artesanal en telar.,"Artesana sosteniendo un textil elaborado en telar, con un diseño que refleja la identidad territorial. El telar, construido con madera, se encuentra en un entorno de trabajo que favorece la producción artesanal. Se aprecian hilos de lana de diferentes colores listos para ser utilizados en el proceso de tejido.","La imagen ilustra el proceso de elaboración de textilería artesanal, destacando la importancia de la lana ovina y la técnica del telar en la preservación de la identidad cultural y la competitividad de la cadena de valor ovina."
135,COC-2016-0429_44.JPG,Fotografías,Fotografía,Fundación para la Innovación Agraria (FIA),Victoria,2016,1 Fotografía.,imagen/jpg,3264 x 2448 píxeles,"2,58 MB",OVINOS || IDENTIDAD TERRITORIAL || PRODUCCIÓN ARTESANAL || LANA || TEXTIL || PRODUCTOS || COMPETITIVIDAD,Fotografías,Consultorías,iag,COC-2016-0429,Victoria,Convocatoria Nacional 2016 Consultorías para la innovación,Procesos Innovadores,Región de La Araucanía,General para rubro Ovinos de lana [General para rubro Ovinos de lana],Consultoría COC-2016-0429,Sistemas productivos intensivos,"Esta fotografía está asociada a la Consultoría COC-2016-0429 “Mejorando la competitividad de la cadena de valor ovina a través de la innovación en la intervención y transformación del proceso productivo artesanal de la lana, asociada a la elaboración de textilería con identidad territorial”.",Región de La Araucanía,Malleco,Región de La Araucanía,Región de La Araucanía,Ovinos de lana,Otros productos (elaborados),Textiles,Calidad || Extensión y difusión tecnológica || Gestión || Artesanía / producto artesanal || Manejo productivo,Tejido en telar artesanal.,Artesanas trabajando en telar de madera.,"Artesanas utilizando telares de madera para la elaboración de textilería con lana de oveja. Se observa un ambiente de trabajo colaborativo, donde las artesanas están concentradas en el proceso de tejido, aplicando técnicas tradicionales. Las herramientas incluyen telares verticales y hilos de lana en diversos colores. El entorno es un espacio cerrado con paredes de madera y un piso de cerámica.","La imagen destaca la labor artesanal en la producción de textilería, enfatizando la importancia de la tradición y la innovación en la cadena de valor ovina."
136,COC-2016-0429_45.JPG,Fotografías,Fotografía,Fundación para la Innovación Agraria (FIA),Victoria,2016,1 Fotografía.,imagen/jpg,3264 x 2448 píxeles,"2,55 MB",OVINOS || IDENTIDAD TERRITORIAL || PRODUCCIÓN ARTESANAL || LANA || TEXTIL || PRODUCTOS || COMPETITIVIDAD,Fotografías,Consultorías,iag,COC-2016-0429,Victoria,Convocatoria Nacional 2016 Consultorías para la innovación,Procesos Innovadores,Región de La Araucanía,General para rubro Ovinos de lana [General para rubro Ovinos de lana],Consultoría COC-2016-0429,Sistemas productivos intensivos,"Esta fotografía está asociada a la Consultoría COC-2016-0429 “Mejorando la competitividad de la cadena de valor ovina a través de la innovación en la intervención y transformación del proceso productivo artesanal de la lana, asociada a la elaboración de textilería con identidad territorial”.",Región de La Araucanía,Malleco,Región de La Araucanía,Región de La Araucanía,Ovinos de lana,Otros productos (elaborados),Textiles,Calidad || Extensión y difusión tecnológica || Gestión || Artesanía / producto artesanal || Manejo productivo,Tejeduría artesanal en telar.,Artesanas trabajando en telar de madera.,"Proceso de tejido en telar de madera, donde dos artesanas manipulan hilos de lana de oveja. Una de las artesanas se enfoca en la creación de un textil de color rojo, mientras que la otra trabaja con hilos oscuros. El entorno es un taller con paredes de madera, lo que refleja un ambiente tradicional y acogedor. Las herramientas utilizadas incluyen el telar, hilos de lana y utensilios para la manipulación de los mismos.","La imagen ilustra el proceso de tejeduría artesanal, fundamental para la valorización de la lana de oveja y la identidad territorial, en el marco de la consultoría que busca mejorar la competitividad de la cadena de valor ovina."
137,COC-2016-0429_46.JPG,Fotografías,Fotografía,Fundación para la Innovación Agraria (FIA),Victoria,2016,1 Fotografía.,imagen/jpg,3264 x 2448 píxeles,"1,80 MB",OVINOS || IDENTIDAD TERRITORIAL || PRODUCCIÓN ARTESANAL || LANA || TEXTIL || PRODUCTOS || COMPETITIVIDAD,Fotografías,Consultorías,iag,COC-2016-0429,Victoria,Convocatoria Nacional 2016 Consultorías para la innovación,Procesos Innovadores,Región de La Araucanía,General para rubro Ovinos de lana [General para rubro Ovinos de lana],Consultoría COC-2016-0429,Sistemas productivos intensivos,"Esta fotografía está asociada a la Consultoría COC-2016-0429 “Mejorando la competitividad de la cadena de valor ovina a través de la innovación en la intervención y transformación del proceso productivo artesanal de la lana, asociada a la elaboración de textilería con identidad territorial”.",Región de La Araucanía,Malleco,Región de La Araucanía,Región de La Araucanía,Ovinos de lana,Otros productos (elaborados),Textiles,Calidad || Extensión y difusión tecnológica || Gestión || Artesanía / producto artesanal || Manejo productivo,Reunión de artesanas en taller textil.,Interacción y capacitación en textilería ovina.,"Grupo de artesanas participando en un taller de capacitación sobre el proceso productivo de la lana. Se aprecian herramientas de trabajo y materiales relacionados con la elaboración de textilería. El ambiente es de colaboración y aprendizaje, con énfasis en la identidad territorial de los productos. La interacción entre las participantes fomenta el intercambio de conocimientos y técnicas.","La imagen refleja un espacio de capacitación que fortalece la competitividad de la cadena de valor ovina, promoviendo la innovación en el proceso artesanal de la lana."
138,COC-2016-0429_47.JPG,Fotografías,Fotografía,Fundación para la Innovación Agraria (FIA),Victoria,2016,1 Fotografía.,imagen/jpg,3264 x 2448 píxeles,"2,62 MB",OVINOS || IDENTIDAD TERRITORIAL || PRODUCCIÓN ARTESANAL || LANA || TEXTIL || PRODUCTOS || COMPETITIVIDAD,Fotografías,Consultorías,iag,COC-2016-0429,Victoria,Convocatoria Nacional 2016 Consultorías para la innovación,Procesos Innovadores,Región de La Araucanía,General para rubro Ovinos de lana [General para rubro Ovinos de lana],Consultoría COC-2016-0429,Sistemas productivos intensivos,"Esta fotografía está asociada a la Consultoría COC-2016-0429 “Mejorando la competitividad de la cadena de valor ovina a través de la innovación en la intervención y transformación del proceso productivo artesanal de la lana, asociada a la elaboración de textilería con identidad territorial”.",Región de La Araucanía,Malleco,Región de La Araucanía,Región de La Araucanía,Ovinos de lana,Otros productos (elaborados),Textiles,Calidad || Extensión y difusión tecnológica || Gestión || Artesanía / producto artesanal || Manejo productivo,Reunión de artesanas en taller textil.,Intercambio de conocimientos sobre textilería ovina.,"Grupo de artesanas reunidas en un taller, discutiendo técnicas de producción textil. Se observa una mesa con materiales y herramientas para la elaboración de productos de lana. El entorno es un espacio cerrado con paredes de madera, lo que sugiere un ambiente de trabajo colaborativo. Algunas artesanas están atentas a la exposición de una compañera, mientras otras participan activamente en la conversación.","La imagen refleja un momento de colaboración y aprendizaje entre artesanas, fundamental para la mejora de la competitividad en la cadena de valor ovina, promoviendo la innovación en el proceso productivo artesanal de la lana."
139,COC-2016-0429_48.JPG,Fotografías,Fotografía,Fundación para la Innovación Agraria (FIA),Victoria,2016,1 Fotografía.,imagen/jpg,3264 x 2448 píxeles,"2,79 MB",OVINOS || IDENTIDAD TERRITORIAL || PRODUCCIÓN ARTESANAL || LANA || TEXTIL || PRODUCTOS || COMPETITIVIDAD,Fotografías,Consultorías,iag,COC-2016-0429,Victoria,Convocatoria Nacional 2016 Consultorías para la innovación,Procesos Innovadores,Región de La Araucanía,General para rubro Ovinos de lana [General para rubro Ovinos de lana],Consultoría COC-2016-0429,Sistemas productivos intensivos,"Esta fotografía está asociada a la Consultoría COC-2016-0429 “Mejorando la competitividad de la cadena de valor ovina a través de la innovación en la intervención y transformación del proceso productivo artesanal de la lana, asociada a la elaboración de textilería con identidad territorial”.",Región de La Araucanía,Malleco,Región de La Araucanía,Región de La Araucanía,Ovinos de lana,Otros productos (elaborados),Textiles,Calidad || Extensión y difusión tecnológica || Gestión || Artesanía / producto artesanal || Manejo productivo,Reunión de artesanas en taller textil.,Intercambio de experiencias en la producción de lana.,"Grupo de artesanas reunidas en un taller, participando en una actividad de capacitación sobre el proceso productivo de la lana. Se aprecian mesas con utensilios para servir café y galletas, así como materiales de trabajo textil. El ambiente es colaborativo, con mujeres compartiendo conocimientos y experiencias relacionadas con la elaboración de textilería artesanal.","La imagen refleja un espacio de aprendizaje y colaboración entre artesanas, fundamental para mejorar la competitividad de la cadena de valor ovina a través de la innovación en la producción textil artesanal."
140,COC-2016-0429_49.JPG,Fotografías,Fotografía,Fundación para la Innovación Agraria (FIA),Victoria,2016,1 Fotografía.,imagen/jpg,3264 x 2448 píxeles,"2,27 MB",OVINOS || IDENTIDAD TERRITORIAL || PRODUCCIÓN ARTESANAL || LANA || TEXTIL || PRODUCTOS || COMPETITIVIDAD,Fotografías,Consultorías,iag,COC-2016-0429,Victoria,Convocatoria Nacional 2016 Consultorías para la innovación,Procesos Innovadores,Región de La Araucanía,General para rubro Ovinos de lana [General para rubro Ovinos de lana],Consultoría COC-2016-0429,Sistemas productivos intensivos,"Esta fotografía está asociada a la Consultoría COC-2016-0429 “Mejorando la competitividad de la cadena de valor ovina a través de la innovación en la intervención y transformación del proceso productivo artesanal de la lana, asociada a la elaboración de textilería con identidad territorial”.",Región de La Araucanía,Malleco,Región de La Araucanía,Región de La Araucanía,Ovinos de lana,Otros productos (elaborados),Textiles,Calidad || Extensión y difusión tecnológica || Gestión || Artesanía / producto artesanal || Manejo productivo,Artisanos en taller de textilería.,Interacción de artesanos en proceso de elaboración.,"Dos artesanos se encuentran en un taller de textilería, uno de ellos vestido con un poncho tradicional. El entorno presenta paredes de madera y una estufa, evidenciando un espacio de trabajo. Se observan materiales y herramientas relacionados con la elaboración de productos textiles, destacando la conexión entre los artesanos y su labor artesanal.","La imagen refleja el ambiente de trabajo colaborativo en la producción de textilería, resaltando la importancia de la identidad territorial en el proceso artesanal de la lana."
141,COC-2016-0429_50.JPG,Fotografías,Fotografía,Fundación para la Innovación Agraria (FIA),Victoria,2016,1 Fotografía.,imagen/jpg,3264 x 2448 píxeles,"2,27 MB",OVINOS || IDENTIDAD TERRITORIAL || PRODUCCIÓN ARTESANAL || LANA || TEXTIL || PRODUCTOS || COMPETITIVIDAD,Fotografías,Consultorías,iag,COC-2016-0429,Victoria,Convocatoria Nacional 2016 Consultorías para la innovación,Procesos Innovadores,Región de La Araucanía,General para rubro Ovinos de lana [General para rubro Ovinos de lana],Consultoría COC-2016-0429,Sistemas productivos intensivos,"Esta fotografía está asociada a la Consultoría COC-2016-0429 “Mejorando la competitividad de la cadena de valor ovina a través de la innovación en la intervención y transformación del proceso productivo artesanal de la lana, asociada a la elaboración de textilería con identidad territorial”.",Región de La Araucanía,Malleco,Región de La Araucanía,Región de La Araucanía,Ovinos de lana,Otros productos (elaborados),Textiles,Calidad || Extensión y difusión tecnológica || Gestión || Artesanía / producto artesanal || Manejo productivo,Artesano con poncho en taller textil.,Artesano en proceso de elaboración textil.,"Artesano sentado en un taller textil, vistiendo un poncho tradicional de lana. El entorno incluye una estufa a leña, herramientas de trabajo y materiales para la elaboración de textilería. La estructura del taller está compuesta por paredes de madera y ventanas que permiten la entrada de luz natural, creando un ambiente propicio para el trabajo artesanal.","La imagen destaca la labor del artesano en la producción de textilería con lana, enfatizando la importancia de la identidad territorial en el proceso productivo artesanal."
142,COC-2016-0429_51.JPG,Fotografías,Fotografía,Fundación para la Innovación Agraria (FIA),Victoria,2016,1 Fotografía.,imagen/jpg,3264 x 2448 píxeles,"2,50 MB",OVINOS || IDENTIDAD TERRITORIAL || PRODUCCIÓN ARTESANAL || LANA || TEXTIL || PRODUCTOS || COMPETITIVIDAD,Fotografías,Consultorías,iag,COC-2016-0429,Victoria,Convocatoria Nacional 2016 Consultorías para la innovación,Procesos Innovadores,Región de La Araucanía,General para rubro Ovinos de lana [General para rubro Ovinos de lana],Consultoría COC-2016-0429,Sistemas productivos intensivos,"Esta fotografía está asociada a la Consultoría COC-2016-0429 “Mejorando la competitividad de la cadena de valor ovina a través de la innovación en la intervención y transformación del proceso productivo artesanal de la lana, asociada a la elaboración de textilería con identidad territorial”.",Región de La Araucanía,Malleco,Región de La Araucanía,Región de La Araucanía,Ovinos de lana,Otros productos (elaborados),Textiles,Calidad || Extensión y difusión tecnológica || Gestión || Artesanía / producto artesanal || Manejo productivo,Textilería en telar artesanal.,Proceso de tejido en telar con lana ovina.,"Tejido en telar artesanal que presenta un diseño geométrico en tonos negro y blanco, utilizando lana de oveja. La obra se encuentra en un telar vertical, evidenciando la técnica de tejido manual. Se aprecian los hilos de lana dispuestos en la urdimbre y la trama, mostrando la destreza de la artesana en la elaboración de textilería con identidad territorial.","El proceso de tejido en telar artesanal resalta la importancia de la lana ovina en la producción textil, contribuyendo a la competitividad de la cadena de valor ovina y promoviendo la identidad cultural a través de la innovación en técnicas tradicionales."
143,COC-2016-0429_52.JPG,Fotografías,Fotografía,Fundación para la Innovación Agraria (FIA),Victoria,2016,1 Fotografía.,imagen/jpg,3264 x 2448 píxeles,"2,15 MB",OVINOS || IDENTIDAD TERRITORIAL || PRODUCCIÓN ARTESANAL || LANA || TEXTIL || PRODUCTOS || COMPETITIVIDAD,Fotografías,Consultorías,iag,COC-2016-0429,Victoria,Convocatoria Nacional 2016 Consultorías para la innovación,Procesos Innovadores,Región de La Araucanía,General para rubro Ovinos de lana [General para rubro Ovinos de lana],Consultoría COC-2016-0429,Sistemas productivos intensivos,"Esta fotografía está asociada a la Consultoría COC-2016-0429 “Mejorando la competitividad de la cadena de valor ovina a través de la innovación en la intervención y transformación del proceso productivo artesanal de la lana, asociada a la elaboración de textilería con identidad territorial”.",Región de La Araucanía,Malleco,Región de La Araucanía,Región de La Araucanía,Ovinos de lana,Otros productos (elaborados),Textiles,Calidad || Extensión y difusión tecnológica || Gestión || Artesanía / producto artesanal || Manejo productivo,Tejido artesanal en telar.,Proceso de elaboración de textilería con lana.,"Artista textil trabaja en un telar vertical, utilizando lana teñida en tonos terracota. La técnica de tejido se centra en la creación de patrones que reflejan la identidad territorial. Se aprecian herramientas como el telar y hilos de lana, en un entorno con paredes de madera que sugieren un espacio de trabajo artesanal.","El proceso de tejido artesanal con lana de oveja es fundamental para la valorización de la cadena de producción ovina, promoviendo la identidad cultural y la sostenibilidad en la elaboración de textilería."
144,COC-2016-0429_53.JPG,Fotografías,Fotografía,Fundación para la Innovación Agraria (FIA),Victoria,2016,1 Fotografía.,imagen/jpg,3264 x 2448 píxeles,"1,73 MB",OVINOS || IDENTIDAD TERRITORIAL || PRODUCCIÓN ARTESANAL || LANA || TEXTIL || PRODUCTOS || COMPETITIVIDAD,Fotografías,Consultorías,iag,COC-2016-0429,Victoria,Convocatoria Nacional 2016 Consultorías para la innovación,Procesos Innovadores,Región de La Araucanía,General para rubro Ovinos de lana [General para rubro Ovinos de lana],Consultoría COC-2016-0429,Sistemas productivos intensivos,"Esta fotografía está asociada a la Consultoría COC-2016-0429 “Mejorando la competitividad de la cadena de valor ovina a través de la innovación en la intervención y transformación del proceso productivo artesanal de la lana, asociada a la elaboración de textilería con identidad territorial”.",Región de La Araucanía,Malleco,Región de La Araucanía,Región de La Araucanía,Ovinos de lana,Otros productos (elaborados),Textiles,Calidad || Extensión y difusión tecnológica || Gestión || Artesanía / producto artesanal || Manejo productivo,Tejedora en telar artesanal.,Proceso de tejido en telar con lana de oveja.,"Artista textil utilizando un telar artesanal para la elaboración de piezas de textilería. La tejedora se encuentra concentrada en la manipulación de hilos de lana de oveja, asegurando la correcta tensión y disposición de los mismos. El entorno es un espacio cerrado con paredes de madera, lo que sugiere un ambiente propicio para la labor artesanal. Se observa el uso de herramientas como pinzas y un telar de estructura simple, que permite la creación de patrones textiles.","La imagen ilustra el proceso de tejido en telar, fundamental en la cadena de valor ovina, destacando la importancia de la artesanía en la identidad territorial y la innovación en la producción textil."
145,COC-2016-0429_54.JPG,Fotografías,Fotografía,Fundación para la Innovación Agraria (FIA),Victoria,2016,1 Fotografía.,imagen/jpg,3264 x 2448 píxeles,"2,18 MB",OVINOS || IDENTIDAD TERRITORIAL || PRODUCCIÓN ARTESANAL || LANA || TEXTIL || PRODUCTOS || COMPETITIVIDAD,Fotografías,Consultorías,iag,COC-2016-0429,Victoria,Convocatoria Nacional 2016 Consultorías para la innovación,Procesos Innovadores,Región de La Araucanía,General para rubro Ovinos de lana [General para rubro Ovinos de lana],Consultoría COC-2016-0429,Sistemas productivos intensivos,"Esta fotografía está asociada a la Consultoría COC-2016-0429 “Mejorando la competitividad de la cadena de valor ovina a través de la innovación en la intervención y transformación del proceso productivo artesanal de la lana, asociada a la elaboración de textilería con identidad territorial”.",Región de La Araucanía,Malleco,Región de La Araucanía,Región de La Araucanía,Ovinos de lana,Otros productos (elaborados),Textiles,Calidad || Extensión y difusión tecnológica || Gestión || Artesanía / producto artesanal || Manejo productivo,Tejedora en telar artesanal.,Proceso de tejido de textilería con lana.,"Tejedora trabajando en un telar artesanal, utilizando hilos de lana en tonos amarillos y naturales. La estructura del telar es de madera, con hilos dispuestos en un marco vertical. La artesana emplea técnicas tradicionales de tejido, evidenciando el proceso de elaboración de textilería que refleja la identidad territorial. El entorno es un taller con paredes de madera, lo que sugiere un espacio dedicado a la producción artesanal.","La imagen ilustra el proceso de tejido artesanal, fundamental para la cadena de valor ovina, destacando la importancia de la innovación en la producción textil y la preservación de técnicas tradicionales."
146,COC-2016-0429_55.JPG,Fotografías,Fotografía,Fundación para la Innovación Agraria (FIA),Victoria,2016,1 Fotografía.,imagen/jpg,3264 x 2448 píxeles,"1,85 MB",OVINOS || IDENTIDAD TERRITORIAL || PRODUCCIÓN ARTESANAL || LANA || TEXTIL || PRODUCTOS || COMPETITIVIDAD,Fotografías,Consultorías,iag,COC-2016-0429,Victoria,Convocatoria Nacional 2016 Consultorías para la innovación,Procesos Innovadores,Región de La Araucanía,General para rubro Ovinos de lana [General para rubro Ovinos de lana],Consultoría COC-2016-0429,Sistemas productivos intensivos,"Esta fotografía está asociada a la Consultoría COC-2016-0429 “Mejorando la competitividad de la cadena de valor ovina a través de la innovación en la intervención y transformación del proceso productivo artesanal de la lana, asociada a la elaboración de textilería con identidad territorial”.",Región de La Araucanía,Malleco,Región de La Araucanía,Región de La Araucanía,Ovinos de lana,Otros productos (elaborados),Textiles,Calidad || Extensión y difusión tecnológica || Gestión || Artesanía / producto artesanal || Manejo productivo,Proceso de hilado de lana artesanal.,Artisan weaving process with sheep wool.,"Tres artesanos trabajan en la elaboración de textilería con lana de oveja. Uno de ellos se encuentra sentado, utilizando herramientas para el hilado, mientras los otros dos colaboran en la manipulación de la lana. El entorno es un espacio cerrado con paredes de madera y luz natural que entra por las ventanas, lo que sugiere un ambiente propicio para la producción artesanal.","La imagen ilustra el proceso de hilado de lana, fundamental en la cadena de valor ovina, destacando la colaboración entre artesanos y el uso de técnicas tradicionales en la producción textil con identidad territorial."
147,COC-2016-0429_56.JPG,Fotografías,Fotografía,Fundación para la Innovación Agraria (FIA),Victoria,2016,1 Fotografía.,imagen/jpg,3264 x 2448 píxeles,"2,62 MB",OVINOS || IDENTIDAD TERRITORIAL || PRODUCCIÓN ARTESANAL || LANA || TEXTIL || PRODUCTOS || COMPETITIVIDAD,Fotografías,Consultorías,iag,COC-2016-0429,Victoria,Convocatoria Nacional 2016 Consultorías para la innovación,Procesos Innovadores,Región de La Araucanía,General para rubro Ovinos de lana [General para rubro Ovinos de lana],Consultoría COC-2016-0429,Sistemas productivos intensivos,"Esta fotografía está asociada a la Consultoría COC-2016-0429 “Mejorando la competitividad de la cadena de valor ovina a través de la innovación en la intervención y transformación del proceso productivo artesanal de la lana, asociada a la elaboración de textilería con identidad territorial”.",Región de La Araucanía,Malleco,Región de La Araucanía,Región de La Araucanía,Ovinos de lana,Otros productos (elaborados),Textiles,Calidad || Extensión y difusión tecnológica || Gestión || Artesanía / producto artesanal || Manejo productivo,Tejido artesanal en telar.,Artesanas trabajando en telar de lana.,"Tres artesanas se encuentran en un taller de textilería, utilizando un telar vertical para la elaboración de piezas textiles. Las herramientas visibles incluyen hilos de lana en diversos colores, así como el telar estructurado con madera. El entorno es un espacio cerrado con paredes de madera, iluminado por luz natural que entra por las ventanas.","La imagen ilustra el proceso de tejido artesanal, fundamental en la cadena de valor ovina, destacando la labor de las artesanas en la transformación de la lana en productos textiles con identidad territorial."
148,COC-2016-0429_57.JPG,Fotografías,Fotografía,Fundación para la Innovación Agraria (FIA),Victoria,2016,1 Fotografía.,imagen/jpg,3264 x 2448 píxeles,"1,96 MB",OVINOS || IDENTIDAD TERRITORIAL || PRODUCCIÓN ARTESANAL || LANA || TEXTIL || PRODUCTOS || COMPETITIVIDAD,Fotografías,Consultorías,iag,COC-2016-0429,Victoria,Convocatoria Nacional 2016 Consultorías para la innovación,Procesos Innovadores,Región de La Araucanía,General para rubro Ovinos de lana [General para rubro Ovinos de lana],Consultoría COC-2016-0429,Sistemas productivos intensivos,"Esta fotografía está asociada a la Consultoría COC-2016-0429 “Mejorando la competitividad de la cadena de valor ovina a través de la innovación en la intervención y transformación del proceso productivo artesanal de la lana, asociada a la elaboración de textilería con identidad territorial”.",Región de La Araucanía,Malleco,Región de La Araucanía,Región de La Araucanía,Ovinos de lana,Otros productos (elaborados),Textiles,Calidad || Extensión y difusión tecnológica || Gestión || Artesanía / producto artesanal || Manejo productivo,Artesanos con textilería de lana.,Presentación de prendas de lana en contexto artesanal.,"Dos artesanos exhiben prendas elaboradas con lana de oveja, destacando un poncho negro con diseños tradicionales y un chal verde con bordados. El entorno es un taller de textilería, con un telar y hilos de lana visibles en el fondo. Se utilizan herramientas como un bastón, que simboliza la conexión con la cultura local.","La imagen resalta la importancia de la textilería artesanal en la cadena de valor ovina, evidenciando la innovación y la identidad territorial en la elaboración de prendas de lana."
149,COC-2016-0429_58.JPG,Fotografías,Fotografía,Fundación para la Innovación Agraria (FIA),Victoria,2016,1 Fotografía.,imagen/jpg,3264 x 2448 píxeles,"1,93 MB",OVINOS || IDENTIDAD TERRITORIAL || PRODUCCIÓN ARTESANAL || LANA || TEXTIL || PRODUCTOS || COMPETITIVIDAD,Fotografías,Consultorías,iag,COC-2016-0429,Victoria,Convocatoria Nacional 2016 Consultorías para la innovación,Procesos Innovadores,Región de La Araucanía,General para rubro Ovinos de lana [General para rubro Ovinos de lana],Consultoría COC-2016-0429,Sistemas productivos intensivos,"Esta fotografía está asociada a la Consultoría COC-2016-0429 “Mejorando la competitividad de la cadena de valor ovina a través de la innovación en la intervención y transformación del proceso productivo artesanal de la lana, asociada a la elaboración de textilería con identidad territorial”.",Región de La Araucanía,Malleco,Región de La Araucanía,Región de La Araucanía,Ovinos de lana,Otros productos (elaborados),Textiles,Calidad || Extensión y difusión tecnológica || Gestión || Artesanía / producto artesanal || Manejo productivo,Proceso de telar en textilería artesanal.,Artesanas trabajando en telar con lana teñida.,"Dos artesanas se encuentran en un taller de textilería, una sostiene un ovillo de lana teñida de color rojo mientras la otra trabaja en el telar, organizando los hilos. El entorno es un espacio cerrado con paredes de madera, adecuado para la labor artesanal. Se utilizan herramientas como el telar y utensilios para la manipulación de la lana.","La imagen ilustra el proceso de elaboración de textilería artesanal, destacando la importancia de la intervención en la cadena de valor ovina y la innovación en el uso de lana con identidad territorial."
150,COC-2016-0429_59.JPG,Fotografías,Fotografía,Fundación para la Innovación Agraria (FIA),Victoria,2016,1 Fotografía.,imagen/jpg,3264 x 2448 píxeles,"2,03 MB",OVINOS || IDENTIDAD TERRITORIAL || PRODUCCIÓN ARTESANAL || LANA || TEXTIL || PRODUCTOS || COMPETITIVIDAD,Fotografías,Consultorías,iag,COC-2016-0429,Victoria,Convocatoria Nacional 2016 Consultorías para la innovación,Procesos Innovadores,Región de La Araucanía,General para rubro Ovinos de lana [General para rubro Ovinos de lana],Consultoría COC-2016-0429,Sistemas productivos intensivos,"Esta fotografía está asociada a la Consultoría COC-2016-0429 “Mejorando la competitividad de la cadena de valor ovina a través de la innovación en la intervención y transformación del proceso productivo artesanal de la lana, asociada a la elaboración de textilería con identidad territorial”.",Región de La Araucanía,Malleco,Región de La Araucanía,Región de La Araucanía,Ovinos de lana,Otros productos (elaborados),Textiles,Calidad || Extensión y difusión tecnológica || Gestión || Artesanía / producto artesanal || Manejo productivo,Demostración de textilería artesanal.,Presentación de prendas de lana y herramientas de trabajo.,"Artistas textiles exhiben prendas elaboradas con lana de oveja, destacando el uso de técnicas tradicionales. El hombre sostiene un bastón, mientras que la mujer porta un poncho verde, ambos con diseños que reflejan la identidad cultural. Al fondo, se aprecia un telar vertical con hilos de colores, evidenciando el proceso de tejido. El entorno es un espacio de trabajo con paredes de madera y piso cerámico, adecuado para la producción artesanal.","La imagen resalta la importancia de la textilería como expresión cultural y su vinculación con la cadena de valor ovina, promoviendo la innovación en procesos productivos artesanales."
151,COC-2016-0429_60.JPG,Fotografías,Fotografía,Fundación para la Innovación Agraria (FIA),Victoria,2016,1 Fotografía.,imagen/jpg,3264 x 2448 píxeles,"2,60 MB",OVINOS || IDENTIDAD TERRITORIAL || PRODUCCIÓN ARTESANAL || LANA || TEXTIL || PRODUCTOS || COMPETITIVIDAD,Fotografías,Consultorías,iag,COC-2016-0429,Victoria,Convocatoria Nacional 2016 Consultorías para la innovación,Procesos Innovadores,Región de La Araucanía,General para rubro Ovinos de lana [General para rubro Ovinos de lana],Consultoría COC-2016-0429,Sistemas productivos intensivos,"Esta fotografía está asociada a la Consultoría COC-2016-0429 “Mejorando la competitividad de la cadena de valor ovina a través de la innovación en la intervención y transformación del proceso productivo artesanal de la lana, asociada a la elaboración de textilería con identidad territorial”.",Región de La Araucanía,Malleco,Región de La Araucanía,Región de La Araucanía,Ovinos de lana,Otros productos (elaborados),Textiles,Calidad || Extensión y difusión tecnológica || Gestión || Artesanía / producto artesanal || Manejo productivo,Proceso de lavado de lana,Lavado de lana en agua con detergente,"Una artesana sumerge su mano en un recipiente con agua y detergente, realizando el lavado de lana de oveja. El entorno es un espacio al aire libre, con vegetación visible y otras personas observando el proceso. Se utilizan herramientas como un recipiente grande y agua, esenciales para la preparación de la lana antes de su hilado y posterior transformación en textilería.","El lavado de lana es un paso crucial en la cadena de valor ovina, garantizando la limpieza y calidad del material para la producción textil artesanal, contribuyendo a la competitividad del sector."
152,COC-2016-0429_61.JPG,Fotografías,Fotografía,Fundación para la Innovación Agraria (FIA),Victoria,2016,1 Fotografía.,imagen/jpg,3264 x 2448 píxeles,"1,75 MB",OVINOS || IDENTIDAD TERRITORIAL || PRODUCCIÓN ARTESANAL || LANA || TEXTIL || PRODUCTOS || COMPETITIVIDAD,Fotografías,Consultorías,iag,COC-2016-0429,Victoria,Convocatoria Nacional 2016 Consultorías para la innovación,Procesos Innovadores,Región de La Araucanía,General para rubro Ovinos de lana [General para rubro Ovinos de lana],Consultoría COC-2016-0429,Sistemas productivos intensivos,"Esta fotografía está asociada a la Consultoría COC-2016-0429 “Mejorando la competitividad de la cadena de valor ovina a través de la innovación en la intervención y transformación del proceso productivo artesanal de la lana, asociada a la elaboración de textilería con identidad territorial”.",Región de La Araucanía,Malleco,Región de La Araucanía,Región de La Araucanía,Ovinos de lana,Otros productos (elaborados),Textiles,Calidad || Extensión y difusión tecnológica || Gestión || Artesanía / producto artesanal || Manejo productivo,Exposición de textilería artesanal.,Demostración de vestimenta tradicional con lana de oveja.,"Artistas vestidos con ponchos elaborados en lana de oveja, exhibiendo técnicas de tejido y diseño. El entorno presenta un taller de textilería con telar en el fondo, donde se aprecian piezas de textil en proceso de elaboración. Las vestimentas reflejan la identidad cultural y el uso de colores naturales, evidenciando el trabajo artesanal.","La imagen resalta la importancia de la textilería artesanal en la valorización de la lana de oveja, promoviendo la identidad territorial y la competitividad en la cadena de valor ovina."
153,COC-2016-0429_62.JPG,Fotografías,Fotografía,Fundación para la Innovación Agraria (FIA),Victoria,2016,1 Fotografía.,imagen/jpg,3264 x 2448 píxeles,"2,31 MB",OVINOS || IDENTIDAD TERRITORIAL || PRODUCCIÓN ARTESANAL || LANA || TEXTIL || PRODUCTOS || COMPETITIVIDAD,Fotografías,Consultorías,iag,COC-2016-0429,Victoria,Convocatoria Nacional 2016 Consultorías para la innovación,Procesos Innovadores,Región de La Araucanía,General para rubro Ovinos de lana [General para rubro Ovinos de lana],Consultoría COC-2016-0429,Sistemas productivos intensivos,"Esta fotografía está asociada a la Consultoría COC-2016-0429 “Mejorando la competitividad de la cadena de valor ovina a través de la innovación en la intervención y transformación del proceso productivo artesanal de la lana, asociada a la elaboración de textilería con identidad territorial”.",Región de La Araucanía,Malleco,Región de La Araucanía,Región de La Araucanía,Ovinos de lana,Otros productos (elaborados),Textiles,Calidad || Extensión y difusión tecnológica || Gestión || Artesanía / producto artesanal || Manejo productivo,Lavado de lana de oveja.,Proceso de limpieza de lana para textilería.,"Grupo de artesanas realizando el lavado de lana de oveja en un recipiente. La lana, previamente esquilada, es sumergida en agua para eliminar impurezas. Se utilizan herramientas manuales para manipular la lana, asegurando su limpieza. El entorno es rural, con vegetación visible y una construcción de fondo que sugiere un espacio de trabajo comunitario.","El proceso de lavado es fundamental para la preparación de la lana, mejorando la calidad del producto final en la elaboración de textilería con identidad territorial."
154,COC-2016-0429_63.JPG,Fotografías,Fotografía,Fundación para la Innovación Agraria (FIA),Victoria,2016,1 Fotografía.,imagen/jpg,3264 x 2448 píxeles,"2,72 MB",OVINOS || IDENTIDAD TERRITORIAL || PRODUCCIÓN ARTESANAL || LANA || TEXTIL || PRODUCTOS || COMPETITIVIDAD,Fotografías,Consultorías,iag,COC-2016-0429,Victoria,Convocatoria Nacional 2016 Consultorías para la innovación,Procesos Innovadores,Región de La Araucanía,General para rubro Ovinos de lana [General para rubro Ovinos de lana],Consultoría COC-2016-0429,Sistemas productivos intensivos,"Esta fotografía está asociada a la Consultoría COC-2016-0429 “Mejorando la competitividad de la cadena de valor ovina a través de la innovación en la intervención y transformación del proceso productivo artesanal de la lana, asociada a la elaboración de textilería con identidad territorial”.",Región de La Araucanía,Malleco,Región de La Araucanía,Región de La Araucanía,Ovinos de lana,Otros productos (elaborados),Textiles,Calidad || Extensión y difusión tecnológica || Gestión || Artesanía / producto artesanal || Manejo productivo,Lavado de lana de oveja.,Proceso de limpieza de lana para textilería.,"Cinco artesanas participan en el lavado de lana de oveja, utilizando un recipiente grande con agua. Dos mujeres sostienen mechones de lana, mientras otras dos sumergen sus manos en el agua para limpiar las fibras. El entorno es exterior, con una pared amarilla y una puerta al fondo, lo que sugiere un espacio de trabajo comunitario. Se utilizan técnicas tradicionales para preparar la lana antes de su posterior procesamiento.","El lavado de lana es un paso crucial en la cadena de valor ovina, asegurando la calidad del material para la elaboración de textilería artesanal con identidad territorial."
155,COC-2016-0429_64.JPG,Fotografías,Fotografía,Fundación para la Innovación Agraria (FIA),Victoria,2016,1 Fotografía.,imagen/jpg,3264 x 2448 píxeles,"2,76 MB",OVINOS || IDENTIDAD TERRITORIAL || PRODUCCIÓN ARTESANAL || LANA || TEXTIL || PRODUCTOS || COMPETITIVIDAD,Fotografías,Consultorías,iag,COC-2016-0429,Victoria,Convocatoria Nacional 2016 Consultorías para la innovación,Procesos Innovadores,Región de La Araucanía,General para rubro Ovinos de lana [General para rubro Ovinos de lana],Consultoría COC-2016-0429,Sistemas productivos intensivos,"Esta fotografía está asociada a la Consultoría COC-2016-0429 “Mejorando la competitividad de la cadena de valor ovina a través de la innovación en la intervención y transformación del proceso productivo artesanal de la lana, asociada a la elaboración de textilería con identidad territorial”.",Región de La Araucanía,Malleco,Región de La Araucanía,Región de La Araucanía,Ovinos de lana,Otros productos (elaborados),Textiles,Calidad || Extensión y difusión tecnológica || Gestión || Artesanía / producto artesanal || Manejo productivo,Artisanas mostrando lana de oveja.,Exhibición de lana en proceso de transformación.,"Cuatro artesanas sosteniendo lana de oveja en un entorno exterior, con un fondo de pared amarilla y ventanas con rejas. Las mujeres están vestidas con ropa de trabajo, evidenciando su rol en la cadena de valor ovina. La escena refleja la interacción comunitaria y el enfoque en la producción artesanal de textilería, destacando la importancia de la lana en el proceso productivo.","La imagen resalta la labor de las artesanas en la transformación de la lana de oveja, fundamental para mejorar la competitividad de la cadena de valor ovina y promover la identidad territorial a través de la textilería."
156,COC-2016-0429_65.JPG,Fotografías,Fotografía,Fundación para la Innovación Agraria (FIA),Victoria,2016,1 Fotografía.,imagen/jpg,3264 x 2448 píxeles,"2,24 MB",OVINOS || IDENTIDAD TERRITORIAL || PRODUCCIÓN ARTESANAL || LANA || TEXTIL || PRODUCTOS || COMPETITIVIDAD,Fotografías,Consultorías,iag,COC-2016-0429,Victoria,Convocatoria Nacional 2016 Consultorías para la innovación,Procesos Innovadores,Región de La Araucanía,General para rubro Ovinos de lana [General para rubro Ovinos de lana],Consultoría COC-2016-0429,Sistemas productivos intensivos,"Esta fotografía está asociada a la Consultoría COC-2016-0429 “Mejorando la competitividad de la cadena de valor ovina a través de la innovación en la intervención y transformación del proceso productivo artesanal de la lana, asociada a la elaboración de textilería con identidad territorial”.",Región de La Araucanía,Malleco,Región de La Araucanía,Región de La Araucanía,Ovinos de lana,Otros productos (elaborados),Textiles,Calidad || Extensión y difusión tecnológica || Gestión || Artesanía / producto artesanal || Manejo productivo,Proceso de lavado de lana artesanal.,Lavado de lana para textilería con identidad.,"Grupo de artesanas realizando el lavado de lana en un recipiente. Utilizan agua y jabón para eliminar impurezas, asegurando la calidad del material. El entorno es un espacio al aire libre, con una edificación de fondo que sugiere un ambiente comunitario. Las herramientas incluyen un recipiente grande y utensilios para manipular la lana.","El proceso de lavado de lana es fundamental para la elaboración de textilería, garantizando la pureza del material y contribuyendo a la competitividad de la cadena de valor ovina en el contexto de la innovación artesanal."
157,COC-2016-0429_66.JPG,Fotografías,Fotografía,Fundación para la Innovación Agraria (FIA),Victoria,2016,1 Fotografía.,imagen/jpg,3264 x 2448 píxeles,"2,60 MB",OVINOS || IDENTIDAD TERRITORIAL || PRODUCCIÓN ARTESANAL || LANA || TEXTIL || PRODUCTOS || COMPETITIVIDAD,Fotografías,Consultorías,iag,COC-2016-0429,Victoria,Convocatoria Nacional 2016 Consultorías para la innovación,Procesos Innovadores,Región de La Araucanía,General para rubro Ovinos de lana [General para rubro Ovinos de lana],Consultoría COC-2016-0429,Sistemas productivos intensivos,"Esta fotografía está asociada a la Consultoría COC-2016-0429 “Mejorando la competitividad de la cadena de valor ovina a través de la innovación en la intervención y transformación del proceso productivo artesanal de la lana, asociada a la elaboración de textilería con identidad territorial”.",Región de La Araucanía,Malleco,Región de La Araucanía,Región de La Araucanía,Ovinos de lana,Otros productos (elaborados),Textiles,Calidad || Extensión y difusión tecnológica || Gestión || Artesanía / producto artesanal || Manejo productivo,Lavado de lana de oveja.,Proceso de limpieza de lana para textilería.,"Grupo de artesanas realizando el lavado de lana de oveja en un recipiente. Utilizan agua y jabón para eliminar impurezas, asegurando la calidad del material. La actividad se desarrolla en un entorno al aire libre, con vegetación y una pared de fondo que sugiere un espacio comunitario. Las herramientas incluyen un balde y una malla para facilitar el proceso.","El lavado de lana es un paso crucial en la cadena de valor ovina, garantizando la pureza del material para la posterior elaboración de textilería artesanal con identidad territorial."
158,COC-2016-0429_67.JPG,Fotografías,Fotografía,Fundación para la Innovación Agraria (FIA),Victoria,2016,1 Fotografía.,imagen/jpg,3264 x 2448 píxeles,"3,08 MB",OVINOS || IDENTIDAD TERRITORIAL || PRODUCCIÓN ARTESANAL || LANA || TEXTIL || PRODUCTOS || COMPETITIVIDAD,Fotografías,Consultorías,iag,COC-2016-0429,Victoria,Convocatoria Nacional 2016 Consultorías para la innovación,Procesos Innovadores,Región de La Araucanía,General para rubro Ovinos de lana [General para rubro Ovinos de lana],Consultoría COC-2016-0429,Sistemas productivos intensivos,"Esta fotografía está asociada a la Consultoría COC-2016-0429 “Mejorando la competitividad de la cadena de valor ovina a través de la innovación en la intervención y transformación del proceso productivo artesanal de la lana, asociada a la elaboración de textilería con identidad territorial”.",Región de La Araucanía,Malleco,Región de La Araucanía,Región de La Araucanía,Ovinos de lana,Otros productos (elaborados),Textiles,Calidad || Extensión y difusión tecnológica || Gestión || Artesanía / producto artesanal || Manejo productivo,Proceso de lavado de lana de oveja.,Lavado de lana para textilería artesanal.,"Grupo de artesanas realizando el lavado de lana de oveja en un recipiente. Se utilizan herramientas como un palo para agitar la lana en el agua. El entorno es un espacio al aire libre, con una estructura de fondo que sugiere un taller. La actividad es parte del proceso productivo de transformación de la lana, fundamental para la elaboración de textilería con identidad territorial.","El lavado de lana es un paso crucial en la cadena de valor ovina, mejorando la calidad del material para la producción textil artesanal."
159,COC-2016-0429_68.JPG,Fotografías,Fotografía,Fundación para la Innovación Agraria (FIA),Victoria,2016,1 Fotografía.,imagen/jpg,3264 x 2448 píxeles,"2,98 MB",OVINOS || IDENTIDAD TERRITORIAL || PRODUCCIÓN ARTESANAL || LANA || TEXTIL || PRODUCTOS || COMPETITIVIDAD,Fotografías,Consultorías,iag,COC-2016-0429,Victoria,Convocatoria Nacional 2016 Consultorías para la innovación,Procesos Innovadores,Región de La Araucanía,General para rubro Ovinos de lana [General para rubro Ovinos de lana],Consultoría COC-2016-0429,Sistemas productivos intensivos,"Esta fotografía está asociada a la Consultoría COC-2016-0429 “Mejorando la competitividad de la cadena de valor ovina a través de la innovación en la intervención y transformación del proceso productivo artesanal de la lana, asociada a la elaboración de textilería con identidad territorial”.",Región de La Araucanía,Malleco,Región de La Araucanía,Región de La Araucanía,Ovinos de lana,Otros productos (elaborados),Textiles,Calidad || Extensión y difusión tecnológica || Gestión || Artesanía / producto artesanal || Manejo productivo,Taller de teñido de lana.,Proceso de teñido artesanal de lana ovina.,"Grupo de artesanas participando en un taller de teñido de lana ovina. Se utiliza un recipiente para la mezcla de tintes naturales, mientras una facilitadora explica el proceso. Las participantes están atentas, algunas sosteniendo ovillos de lana. El entorno es al aire libre, con un fondo de edificaciones y cercas que delimitan el espacio de trabajo.","El taller representa una instancia de capacitación en técnicas de teñido, contribuyendo a la mejora de la competitividad en la cadena de valor ovina y fortaleciendo la identidad territorial a través de la textilería artesanal."
160,COC-2016-0429_69.JPG,Fotografías,Fotografía,Fundación para la Innovación Agraria (FIA),Victoria,2016,1 Fotografía.,imagen/jpg,3264 x 2448 píxeles,"3,79 MB",OVINOS || IDENTIDAD TERRITORIAL || PRODUCCIÓN ARTESANAL || LANA || TEXTIL || PRODUCTOS || COMPETITIVIDAD,Fotografías,Consultorías,iag,COC-2016-0429,Victoria,Convocatoria Nacional 2016 Consultorías para la innovación,Procesos Innovadores,Región de La Araucanía,General para rubro Ovinos de lana [General para rubro Ovinos de lana],Consultoría COC-2016-0429,Sistemas productivos intensivos,"Esta fotografía está asociada a la Consultoría COC-2016-0429 “Mejorando la competitividad de la cadena de valor ovina a través de la innovación en la intervención y transformación del proceso productivo artesanal de la lana, asociada a la elaboración de textilería con identidad territorial”.",Región de La Araucanía,Malleco,Región de La Araucanía,Región de La Araucanía,Ovinos de lana,Otros productos (elaborados),Textiles,Calidad || Extensión y difusión tecnológica || Gestión || Artesanía / producto artesanal || Manejo productivo,Proceso de lavado de lana de oveja.,Artisanas lavando lana para textilería.,"Grupo de artesanas realizando el lavado de lana de oveja en un entorno al aire libre. Utilizan mangueras para enjuagar la lana, que se encuentra en estado crudo. La actividad se lleva a cabo en un espacio con césped, rodeado de cercas y edificaciones. La acción es parte del proceso productivo previo a la elaboración de textilería, enfatizando la importancia de la limpieza de la materia prima.","El lavado de lana es un paso crucial en la cadena de valor ovina, garantizando la calidad del material para la producción textil artesanal. Esta actividad refleja el compromiso de las artesanas con la innovación y la identidad territorial en la elaboración de productos textiles."
161,COC-2016-0429_70.JPG,Fotografías,Fotografía,Fundación para la Innovación Agraria (FIA),Victoria,2016,1 Fotografía.,imagen/jpg,3264 x 2448 píxeles,"3,10 MB",OVINOS || IDENTIDAD TERRITORIAL || PRODUCCIÓN ARTESANAL || LANA || TEXTIL || PRODUCTOS || COMPETITIVIDAD,Fotografías,Consultorías,iag,COC-2016-0429,Victoria,Convocatoria Nacional 2016 Consultorías para la innovación,Procesos Innovadores,Región de La Araucanía,General para rubro Ovinos de lana [General para rubro Ovinos de lana],Consultoría COC-2016-0429,Sistemas productivos intensivos,"Esta fotografía está asociada a la Consultoría COC-2016-0429 “Mejorando la competitividad de la cadena de valor ovina a través de la innovación en la intervención y transformación del proceso productivo artesanal de la lana, asociada a la elaboración de textilería con identidad territorial”.",Región de La Araucanía,Malleco,Región de La Araucanía,Región de La Araucanía,Ovinos de lana,Otros productos (elaborados),Textiles,Calidad || Extensión y difusión tecnológica || Gestión || Artesanía / producto artesanal || Manejo productivo,Lavado de lana para textilería.,Proceso de lavado de lana en comunidad.,"Tres artesanas participan en el lavado de lana de oveja en un recipiente. Utilizan agua caliente y jabón para eliminar impurezas. La escena se desarrolla en un entorno rural, con cercas y vegetación visible. Se observa la colaboración entre las artesanas, quienes sostienen la lana mientras la sumergen en el agua.","El proceso de lavado de lana es fundamental para la preparación de la materia prima en la elaboración de textilería, contribuyendo a la mejora de la competitividad en la cadena de valor ovina."
162,COC-2016-0429_71.JPG,Fotografías,Fotografía,Fundación para la Innovación Agraria (FIA),Victoria,2016,1 Fotografía.,imagen/jpg,3264 x 2448 píxeles,"2,87 MB",OVINOS || IDENTIDAD TERRITORIAL || PRODUCCIÓN ARTESANAL || LANA || TEXTIL || PRODUCTOS || COMPETITIVIDAD,Fotografías,Consultorías,iag,COC-2016-0429,Victoria,Convocatoria Nacional 2016 Consultorías para la innovación,Procesos Innovadores,Región de La Araucanía,General para rubro Ovinos de lana [General para rubro Ovinos de lana],Consultoría COC-2016-0429,Sistemas productivos intensivos,"Esta fotografía está asociada a la Consultoría COC-2016-0429 “Mejorando la competitividad de la cadena de valor ovina a través de la innovación en la intervención y transformación del proceso productivo artesanal de la lana, asociada a la elaboración de textilería con identidad territorial”.",Región de La Araucanía,Malleco,Región de La Araucanía,Región de La Araucanía,Ovinos de lana,Otros productos (elaborados),Textiles,Calidad || Extensión y difusión tecnológica || Gestión || Artesanía / producto artesanal || Manejo productivo,Lavado de lana en proceso artesanal.,Artisan washing of sheep wool for textile production.,"Dos artesanas realizan el lavado de lana de oveja en un recipiente, utilizando agua y jabón para eliminar impurezas. El entorno es un espacio al aire libre, con vegetación visible y herramientas básicas para el proceso. La acción se centra en la manipulación cuidadosa de la lana, asegurando su limpieza antes de ser hilada.","El proceso de lavado es fundamental para la calidad de la textilería, garantizando que la lana esté libre de suciedad y grasa, lo que mejora la competitividad de la cadena de valor ovina."
163,COC-2016-0429_72.JPG,Fotografías,Fotografía,Fundación para la Innovación Agraria (FIA),Victoria,2016,1 Fotografía.,imagen/jpg,3264 x 2448 píxeles,"3,06 MB",OVINOS || IDENTIDAD TERRITORIAL || PRODUCCIÓN ARTESANAL || LANA || TEXTIL || PRODUCTOS || COMPETITIVIDAD,Fotografías,Consultorías,iag,COC-2016-0429,Victoria,Convocatoria Nacional 2016 Consultorías para la innovación,Procesos Innovadores,Región de La Araucanía,General para rubro Ovinos de lana [General para rubro Ovinos de lana],Consultoría COC-2016-0429,Sistemas productivos intensivos,"Esta fotografía está asociada a la Consultoría COC-2016-0429 “Mejorando la competitividad de la cadena de valor ovina a través de la innovación en la intervención y transformación del proceso productivo artesanal de la lana, asociada a la elaboración de textilería con identidad territorial”.",Región de La Araucanía,Malleco,Región de La Araucanía,Región de La Araucanía,Ovinos de lana,Otros productos (elaborados),Textiles,Calidad || Extensión y difusión tecnológica || Gestión || Artesanía / producto artesanal || Manejo productivo,Proceso de lavado de lana de oveja.,Lavado artesanal de lana en entorno comunitario.,"Mujeres artesanas participan en el lavado de lana de oveja, utilizando un recipiente con agua y detergente. Se observa una olla sobre un fogón, donde se calienta agua, y un cilindro de gas que alimenta el fuego. El entorno es rural, con una estructura de fondo que sugiere un espacio de trabajo comunitario. Las artesanas están vestidas con ropa de abrigo, indicando un clima fresco.","El proceso de lavado de lana es fundamental para la preparación de la materia prima en la elaboración de textilería, contribuyendo a la mejora de la competitividad en la cadena de valor ovina."
164,COC-2016-0429_73.JPG,Fotografías,Fotografía,Fundación para la Innovación Agraria (FIA),Victoria,2016,1 Fotografía.,imagen/jpg,3264 x 2448 píxeles,"3,09 MB",OVINOS || IDENTIDAD TERRITORIAL || PRODUCCIÓN ARTESANAL || LANA || TEXTIL || PRODUCTOS || COMPETITIVIDAD,Fotografías,Consultorías,iag,COC-2016-0429,Victoria,Convocatoria Nacional 2016 Consultorías para la innovación,Procesos Innovadores,Región de La Araucanía,General para rubro Ovinos de lana [General para rubro Ovinos de lana],Consultoría COC-2016-0429,Sistemas productivos intensivos,"Esta fotografía está asociada a la Consultoría COC-2016-0429 “Mejorando la competitividad de la cadena de valor ovina a través de la innovación en la intervención y transformación del proceso productivo artesanal de la lana, asociada a la elaboración de textilería con identidad territorial”.",Región de La Araucanía,Malleco,Región de La Araucanía,Región de La Araucanía,Ovinos de lana,Otros productos (elaborados),Textiles,Calidad || Extensión y difusión tecnológica || Gestión || Artesanía / producto artesanal || Manejo productivo,Proceso de teñido de lana.,Técnica de teñido a fuego en textilería.,"Mujeres artesanas realizando el proceso de teñido de lana utilizando un recipiente metálico sobre una fuente de calor. Se observa lana cruda en el primer plano, así como insumos y herramientas necesarias para la actividad, incluyendo una botella de gas y materiales de teñido. El entorno es un espacio al aire libre con vegetación.","El proceso de teñido a fuego es fundamental en la transformación de la lana, aportando color y características únicas a la textilería, contribuyendo a la identidad territorial y a la competitividad de la cadena de valor ovina."
165,COC-2016-0429_74.JPG,Fotografías,Fotografía,Fundación para la Innovación Agraria (FIA),Victoria,2016,1 Fotografía.,imagen/jpg,3264 x 2448 píxeles,"2,25 MB",OVINOS || IDENTIDAD TERRITORIAL || PRODUCCIÓN ARTESANAL || LANA || TEXTIL || PRODUCTOS || COMPETITIVIDAD,Fotografías,Consultorías,iag,COC-2016-0429,Victoria,Convocatoria Nacional 2016 Consultorías para la innovación,Procesos Innovadores,Región de La Araucanía,General para rubro Ovinos de lana [General para rubro Ovinos de lana],Consultoría COC-2016-0429,Sistemas productivos intensivos,"Esta fotografía está asociada a la Consultoría COC-2016-0429 “Mejorando la competitividad de la cadena de valor ovina a través de la innovación en la intervención y transformación del proceso productivo artesanal de la lana, asociada a la elaboración de textilería con identidad territorial”.",Región de La Araucanía,Malleco,Región de La Araucanía,Región de La Araucanía,Ovinos de lana,Otros productos (elaborados),Textiles,Calidad || Extensión y difusión tecnológica || Gestión || Artesanía / producto artesanal || Manejo productivo,Proceso de teñido de lana.,Aplicación de colorante en el teñido artesanal.,"Mujer vertiendo un colorante en una olla con agua, parte del proceso de teñido de lana de oveja. Se utilizan recipientes metálicos, uno con agua clara y otro con un colorante verde. El entorno es rural, con presencia de otras artesanas observando el proceso, lo que indica un trabajo colaborativo en la elaboración de textilería.","El proceso de teñido de lana es fundamental para la creación de textilería con identidad territorial, mejorando la competitividad de la cadena de valor ovina mediante la innovación en técnicas artesanales."
166,COC-2016-0429_75.JPG,Fotografías,Fotografía,Fundación para la Innovación Agraria (FIA),Victoria,2016,1 Fotografía.,imagen/jpg,3264 x 2448 píxeles,"1,85 MB",OVINOS || IDENTIDAD TERRITORIAL || PRODUCCIÓN ARTESANAL || LANA || TEXTIL || PRODUCTOS || COMPETITIVIDAD,Fotografías,Consultorías,iag,COC-2016-0429,Victoria,Convocatoria Nacional 2016 Consultorías para la innovación,Procesos Innovadores,Región de La Araucanía,General para rubro Ovinos de lana [General para rubro Ovinos de lana],Consultoría COC-2016-0429,Sistemas productivos intensivos,"Esta fotografía está asociada a la Consultoría COC-2016-0429 “Mejorando la competitividad de la cadena de valor ovina a través de la innovación en la intervención y transformación del proceso productivo artesanal de la lana, asociada a la elaboración de textilería con identidad territorial”.",Región de La Araucanía,Malleco,Región de La Araucanía,Región de La Araucanía,Ovinos de lana,Otros productos (elaborados),Textiles,Calidad || Extensión y difusión tecnológica || Gestión || Artesanía / producto artesanal || Manejo productivo,Proceso de teñido de lana artesanal.,Demostración de técnicas de teñido a fuego.,"Grupo de artesanas observando el proceso de teñido de lana en calderas. Se utilizan dos recipientes metálicos, uno con agua clara y otro con un tinte, posiblemente de origen vegetal. La artesana en primer plano sostiene una botella de agua, indicando la preparación del material. El entorno es rural, con vegetación circundante y una estructura metálica al fondo.","La imagen documenta una actividad clave en la cadena de valor ovina, enfocándose en la innovación del proceso de teñido artesanal, esencial para la producción de textilería con identidad territorial."
167,COC-2016-0429_76.JPG,Fotografías,Fotografía,Fundación para la Innovación Agraria (FIA),Victoria,2016,1 Fotografía.,imagen/jpg,3264 x 2448 píxeles,"1,87 MB",OVINOS || IDENTIDAD TERRITORIAL || PRODUCCIÓN ARTESANAL || LANA || TEXTIL || PRODUCTOS || COMPETITIVIDAD,Fotografías,Consultorías,iag,COC-2016-0429,Victoria,Convocatoria Nacional 2016 Consultorías para la innovación,Procesos Innovadores,Región de La Araucanía,General para rubro Ovinos de lana [General para rubro Ovinos de lana],Consultoría COC-2016-0429,Sistemas productivos intensivos,"Esta fotografía está asociada a la Consultoría COC-2016-0429 “Mejorando la competitividad de la cadena de valor ovina a través de la innovación en la intervención y transformación del proceso productivo artesanal de la lana, asociada a la elaboración de textilería con identidad territorial”.",Región de La Araucanía,Malleco,Región de La Araucanía,Región de La Araucanía,Ovinos de lana,Otros productos (elaborados),Textiles,Calidad || Extensión y difusión tecnológica || Gestión || Artesanía / producto artesanal || Manejo productivo,Exposición de textilería artesanal.,Presentación de productos textiles con lana ovina.,"Artistas y artesanos posan junto a una exhibición de textilería elaborada con lana de oveja. Se aprecian diversas piezas textiles, incluyendo ponchos y bufandas, dispuestas en un entorno de presentación formal. Herramientas de telar y materiales de teñido se encuentran en el área, reflejando el proceso artesanal de producción. La ambientación incluye un telar en el fondo, destacando la conexión con la tradición textil local.","La imagen resalta la importancia de la textilería artesanal en la cadena de valor ovina, evidenciando la innovación y la identidad territorial en la producción de lana."
168,COC-2016-0429_77.JPG,Fotografías,Fotografía,Fundación para la Innovación Agraria (FIA),Victoria,2016,1 Fotografía.,imagen/jpg,3264 x 2448 píxeles,"1,91 MB",OVINOS || IDENTIDAD TERRITORIAL || PRODUCCIÓN ARTESANAL || LANA || TEXTIL || PRODUCTOS || COMPETITIVIDAD,Fotografías,Consultorías,iag,COC-2016-0429,Victoria,Convocatoria Nacional 2016 Consultorías para la innovación,Procesos Innovadores,Región de La Araucanía,General para rubro Ovinos de lana [General para rubro Ovinos de lana],Consultoría COC-2016-0429,Sistemas productivos intensivos,"Esta fotografía está asociada a la Consultoría COC-2016-0429 “Mejorando la competitividad de la cadena de valor ovina a través de la innovación en la intervención y transformación del proceso productivo artesanal de la lana, asociada a la elaboración de textilería con identidad territorial”.",Región de La Araucanía,Malleco,Región de La Araucanía,Región de La Araucanía,Ovinos de lana,Otros productos (elaborados),Textiles,Calidad || Extensión y difusión tecnológica || Gestión || Artesanía / producto artesanal || Manejo productivo,Exposición de textilería artesanal.,Presentación de productos textiles con lana ovina.,"Artistas y artesanos posan junto a una exhibición de textilería elaborada con lana de oveja. Se aprecian diversas piezas textiles, incluyendo ponchos y bufandas, dispuestas en un entorno de exposición. Las herramientas de trabajo y los colores vibrantes de las piezas reflejan la identidad territorial y la innovación en el proceso productivo artesanal.","La imagen destaca la importancia de la textilería artesanal en la cadena de valor ovina, evidenciando la intervención y transformación del proceso productivo mediante la exhibición de productos que representan la cultura local."
169,COC-2016-0429_78.JPG,Fotografías,Fotografía,Fundación para la Innovación Agraria (FIA),Victoria,2016,1 Fotografía.,imagen/jpg,3264 x 2448 píxeles,"2,28 MB",OVINOS || IDENTIDAD TERRITORIAL || PRODUCCIÓN ARTESANAL || LANA || TEXTIL || PRODUCTOS || COMPETITIVIDAD,Fotografías,Consultorías,iag,COC-2016-0429,Victoria,Convocatoria Nacional 2016 Consultorías para la innovación,Procesos Innovadores,Región de La Araucanía,General para rubro Ovinos de lana [General para rubro Ovinos de lana],Consultoría COC-2016-0429,Sistemas productivos intensivos,"Esta fotografía está asociada a la Consultoría COC-2016-0429 “Mejorando la competitividad de la cadena de valor ovina a través de la innovación en la intervención y transformación del proceso productivo artesanal de la lana, asociada a la elaboración de textilería con identidad territorial”.",Región de La Araucanía,Malleco,Región de La Araucanía,Región de La Araucanía,Ovinos de lana,Otros productos (elaborados),Textiles,Calidad || Extensión y difusión tecnológica || Gestión || Artesanía / producto artesanal || Manejo productivo,Exposición de textilería artesanal.,Presentación de productos textiles con lana de oveja.,"Artistas y artesanos posan junto a una exhibición de prendas elaboradas con lana de oveja. Se aprecian diversas piezas textiles, incluyendo chaquetas y mantas, dispuestas en un entorno de exhibición. Herramientas de telar y materiales de teñido se encuentran en el fondo, evidenciando el proceso productivo artesanal. La ambientación resalta la identidad territorial de la textilería chilena.","La imagen ilustra la culminación de un proceso de innovación en la cadena de valor ovina, destacando la importancia de la textilería artesanal en la preservación de la identidad cultural y la competitividad del sector."
170,COC-2016-0429_79.JPG,Fotografías,Fotografía,Fundación para la Innovación Agraria (FIA),Victoria,2016,1 Fotografía.,imagen/jpg,3264 x 2448 píxeles,"2,77 MB",OVINOS || IDENTIDAD TERRITORIAL || PRODUCCIÓN ARTESANAL || LANA || TEXTIL || PRODUCTOS || COMPETITIVIDAD,Fotografías,Consultorías,iag,COC-2016-0429,Victoria,Convocatoria Nacional 2016 Consultorías para la innovación,Procesos Innovadores,Región de La Araucanía,General para rubro Ovinos de lana [General para rubro Ovinos de lana],Consultoría COC-2016-0429,Sistemas productivos intensivos,"Esta fotografía está asociada a la Consultoría COC-2016-0429 “Mejorando la competitividad de la cadena de valor ovina a través de la innovación en la intervención y transformación del proceso productivo artesanal de la lana, asociada a la elaboración de textilería con identidad territorial”.",Región de La Araucanía,Malleco,Región de La Araucanía,Región de La Araucanía,Ovinos de lana,Otros productos (elaborados),Textiles,Calidad || Extensión y difusión tecnológica || Gestión || Artesanía / producto artesanal || Manejo productivo,Proceso de teñido de lana artesanal.,Técnicas de teñido a fuego en grupo.,"Grupo de artesanas observando el proceso de teñido de lana en calderas. Se utilizan tintes naturales, aplicados mediante la técnica de teñido a fuego. Las herramientas incluyen calderas de metal y utensilios para manipular la lana. El entorno es un espacio al aire libre, con vegetación y un muro de ladrillo como fondo.","El proceso de teñido de lana artesanal es fundamental para la elaboración de textilería con identidad territorial, mejorando la competitividad de la cadena de valor ovina mediante la innovación en técnicas tradicionales."
171,COC-2016-0429_80.JPG,Fotografías,Fotografía,Fundación para la Innovación Agraria (FIA),Victoria,2016,1 Fotografía.,imagen/jpg,3264 x 2448 píxeles,"1,83 MB",OVINOS || IDENTIDAD TERRITORIAL || PRODUCCIÓN ARTESANAL || LANA || TEXTIL || PRODUCTOS || COMPETITIVIDAD,Fotografías,Consultorías,iag,COC-2016-0429,Victoria,Convocatoria Nacional 2016 Consultorías para la innovación,Procesos Innovadores,Región de La Araucanía,General para rubro Ovinos de lana [General para rubro Ovinos de lana],Consultoría COC-2016-0429,Sistemas productivos intensivos,"Esta fotografía está asociada a la Consultoría COC-2016-0429 “Mejorando la competitividad de la cadena de valor ovina a través de la innovación en la intervención y transformación del proceso productivo artesanal de la lana, asociada a la elaboración de textilería con identidad territorial”.",Región de La Araucanía,Malleco,Región de La Araucanía,Región de La Araucanía,Ovinos de lana,Otros productos (elaborados),Textiles,Calidad || Extensión y difusión tecnológica || Gestión || Artesanía / producto artesanal || Manejo productivo,Presentación de la Agrupación de Artesanas.,Discurso sobre la textilería con lana de oveja.,"Una artesana se encuentra de pie frente a un micrófono, sosteniendo un documento. En el fondo, se proyecta una presentación relacionada con la Agrupación de Artesanas Lavicoop. Las banderas de Chile y de la región están visibles, indicando el contexto territorial. El ambiente es formal, adecuado para la presentación de proyectos vinculados a la cadena de valor ovina y la innovación en la textilería.","La imagen resalta la importancia de la presentación de iniciativas que buscan mejorar la competitividad en la producción artesanal de lana, promoviendo la identidad territorial y el trabajo colaborativo entre artesanas."
172,COC-2016-0429_81.JPG,Fotografías,Fotografía,Fundación para la Innovación Agraria (FIA),Victoria,2016,1 Fotografía.,imagen/jpg,3264 x 2448 píxeles,"1,84 MB",OVINOS || IDENTIDAD TERRITORIAL || PRODUCCIÓN ARTESANAL || LANA || TEXTIL || PRODUCTOS || COMPETITIVIDAD,Fotografías,Consultorías,iag,COC-2016-0429,Victoria,Convocatoria Nacional 2016 Consultorías para la innovación,Procesos Innovadores,Región de La Araucanía,General para rubro Ovinos de lana [General para rubro Ovinos de lana],Consultoría COC-2016-0429,Sistemas productivos intensivos,"Esta fotografía está asociada a la Consultoría COC-2016-0429 “Mejorando la competitividad de la cadena de valor ovina a través de la innovación en la intervención y transformación del proceso productivo artesanal de la lana, asociada a la elaboración de textilería con identidad territorial”.",Región de La Araucanía,Malleco,Región de La Araucanía,Región de La Araucanía,Ovinos de lana,Otros productos (elaborados),Textiles,Calidad || Extensión y difusión tecnológica || Gestión || Artesanía / producto artesanal || Manejo productivo,Presentación de artesanas de Lavicop,Discurso sobre la cadena de valor ovina,"Una representante de la Agrupación de Artesanas Lavicop se encuentra en un escenario, sosteniendo un documento y dirigiéndose a la audiencia. En el fondo, se proyecta una presentación que destaca la intervención en la cadena de valor ovina. La escena incluye banderas chilenas y regionales, así como herramientas de telar dispuestas en el espacio, evidenciando el enfoque en la textilería artesanal.","La imagen captura un momento clave en la presentación de un proyecto que busca mejorar la competitividad de la cadena de valor ovina, resaltando la importancia de la innovación en el proceso productivo artesanal de la lana."
173,COC-2016-0429_82.JPG,Fotografías,Fotografía,Fundación para la Innovación Agraria (FIA),Victoria,2016,1 Fotografía.,imagen/jpg,3264 x 2448 píxeles,"2,01 MB",OVINOS || IDENTIDAD TERRITORIAL || PRODUCCIÓN ARTESANAL || LANA || TEXTIL || PRODUCTOS || COMPETITIVIDAD,Fotografías,Consultorías,iag,COC-2016-0429,Victoria,Convocatoria Nacional 2016 Consultorías para la innovación,Procesos Innovadores,Región de La Araucanía,General para rubro Ovinos de lana [General para rubro Ovinos de lana],Consultoría COC-2016-0429,Sistemas productivos intensivos,"Esta fotografía está asociada a la Consultoría COC-2016-0429 “Mejorando la competitividad de la cadena de valor ovina a través de la innovación en la intervención y transformación del proceso productivo artesanal de la lana, asociada a la elaboración de textilería con identidad territorial”.",Región de La Araucanía,Malleco,Región de La Araucanía,Región de La Araucanía,Ovinos de lana,Otros productos (elaborados),Textiles,Calidad || Extensión y difusión tecnológica || Gestión || Artesanía / producto artesanal || Manejo productivo,Presentación de la Agrupación de Artesanas.,Discurso sobre la cadena de valor ovina.,Un representante de la Agrupación de Artesanas LAVIECOOP expone sobre la mejora de la competitividad en la cadena de valor ovina. Se utilizan herramientas de comunicación como micrófono y proyector. El entorno incluye banderas que representan la identidad territorial y un banner informativo sobre la calidad de la textilería.,"La imagen refleja un momento clave en la difusión de innovaciones en el proceso productivo artesanal de la lana, promoviendo la identidad territorial y la competitividad de las artesanas."
174,COC-2016-0429_83.JPG,Fotografías,Fotografía,Fundación para la Innovación Agraria (FIA),Victoria,2016,1 Fotografía.,imagen/jpg,3264 x 2448 píxeles,"1,95 MB",OVINOS || IDENTIDAD TERRITORIAL || PRODUCCIÓN ARTESANAL || LANA || TEXTIL || PRODUCTOS || COMPETITIVIDAD,Fotografías,Consultorías,iag,COC-2016-0429,Victoria,Convocatoria Nacional 2016 Consultorías para la innovación,Procesos Innovadores,Región de La Araucanía,General para rubro Ovinos de lana [General para rubro Ovinos de lana],Consultoría COC-2016-0429,Sistemas productivos intensivos,"Esta fotografía está asociada a la Consultoría COC-2016-0429 “Mejorando la competitividad de la cadena de valor ovina a través de la innovación en la intervención y transformación del proceso productivo artesanal de la lana, asociada a la elaboración de textilería con identidad territorial”.",Región de La Araucanía,Malleco,Región de La Araucanía,Región de La Araucanía,Ovinos de lana,Otros productos (elaborados),Textiles,Calidad || Extensión y difusión tecnológica || Gestión || Artesanía / producto artesanal || Manejo productivo,Presentación sobre textilería ovina.,Disertación sobre la cadena de valor ovina.,"Un expositor se encuentra en un escenario, sosteniendo un documento y gesticulando mientras presenta información sobre la Agrupación de Artesanas Lavicoop. En el fondo, se proyecta una diapositiva que resalta aspectos de la textilería con lana de oveja. La sala está decorada con banderas chilenas y otros elementos visuales que refuerzan la identidad territorial del proyecto. Se aprecian herramientas y materiales relacionados con el proceso productivo de la lana.","La imagen ilustra una presentación que busca mejorar la competitividad de la cadena de valor ovina, enfocándose en la innovación y transformación del proceso productivo artesanal de la lana, destacando la importancia de la identidad territorial en la elaboración de textilería."
175,COC-2016-0429_84.JPG,Fotografías,Fotografía,Fundación para la Innovación Agraria (FIA),Victoria,2016,1 Fotografía.,imagen/jpg,3264 x 2448 píxeles,"1,18 MB",OVINOS || IDENTIDAD TERRITORIAL || PRODUCCIÓN ARTESANAL || LANA || TEXTIL || PRODUCTOS || COMPETITIVIDAD,Fotografías,Consultorías,iag,COC-2016-0429,Victoria,Convocatoria Nacional 2016 Consultorías para la innovación,Procesos Innovadores,Región de La Araucanía,General para rubro Ovinos de lana [General para rubro Ovinos de lana],Consultoría COC-2016-0429,Sistemas productivos intensivos,"Esta fotografía está asociada a la Consultoría COC-2016-0429 “Mejorando la competitividad de la cadena de valor ovina a través de la innovación en la intervención y transformación del proceso productivo artesanal de la lana, asociada a la elaboración de textilería con identidad territorial”.",Región de La Araucanía,Malleco,Región de La Araucanía,Región de La Araucanía,Ovinos de lana,Otros productos (elaborados),Textiles,Calidad || Extensión y difusión tecnológica || Gestión || Artesanía / producto artesanal || Manejo productivo,Presentación de artesana con textilería.,Demostración de técnicas de textilería en evento.,"Artesana vestida con trajes tradicionales, sosteniendo un ovillo de lana mientras se dirige al público. La escena incluye exhibiciones de prendas de textilería en el fondo, destacando la diversidad de técnicas artesanales. La artesana utiliza un micrófono, lo que sugiere una presentación o taller sobre el proceso de elaboración de productos textiles. El entorno es un espacio cerrado, con iluminación adecuada para la actividad.","La imagen resalta la importancia de la transmisión de conocimientos en la producción artesanal de textilería, contribuyendo a la competitividad de la cadena de valor ovina y la identidad territorial en Chile."
176,COC-2016-0429_85.JPG,Fotografías,Fotografía,Fundación para la Innovación Agraria (FIA),Victoria,2016,1 Fotografía.,imagen/jpg,3264 x 2448 píxeles,"1,14 MB",OVINOS || IDENTIDAD TERRITORIAL || PRODUCCIÓN ARTESANAL || LANA || TEXTIL || PRODUCTOS || COMPETITIVIDAD,Fotografías,Consultorías,iag,COC-2016-0429,Victoria,Convocatoria Nacional 2016 Consultorías para la innovación,Procesos Innovadores,Región de La Araucanía,General para rubro Ovinos de lana [General para rubro Ovinos de lana],Consultoría COC-2016-0429,Sistemas productivos intensivos,"Esta fotografía está asociada a la Consultoría COC-2016-0429 “Mejorando la competitividad de la cadena de valor ovina a través de la innovación en la intervención y transformación del proceso productivo artesanal de la lana, asociada a la elaboración de textilería con identidad territorial”.",Región de La Araucanía,Malleco,Región de La Araucanía,Región de La Araucanía,Ovinos de lana,Otros productos (elaborados),Textiles,Calidad || Extensión y difusión tecnológica || Gestión || Artesanía / producto artesanal || Manejo productivo,Artista en presentación textil,Demostración de técnicas de textilería con lana,"Artista vestida con un poncho de lana, utilizando un micrófono para realizar una presentación. En el fondo, se aprecian piezas de textilería, incluyendo un telar y prendas elaboradas con lana de oveja. La escena refleja la conexión entre la cultura local y el proceso productivo artesanal de la lana, destacando la importancia de la identidad territorial en la textilería.","La imagen resalta la labor de las artesanas en la promoción de la textilería con lana de oveja, enfatizando la innovación y la competitividad en la cadena de valor ovina."
177,COC-2016-0429_86.JPG,Fotografías,Fotografía,Fundación para la Innovación Agraria (FIA),Victoria,2016,1 Fotografía.,imagen/jpg,3264 x 2448 píxeles,"1,27 MB",OVINOS || IDENTIDAD TERRITORIAL || PRODUCCIÓN ARTESANAL || LANA || TEXTIL || PRODUCTOS || COMPETITIVIDAD,Fotografías,Consultorías,iag,COC-2016-0429,Victoria,Convocatoria Nacional 2016 Consultorías para la innovación,Procesos Innovadores,Región de La Araucanía,General para rubro Ovinos de lana [General para rubro Ovinos de lana],Consultoría COC-2016-0429,Sistemas productivos intensivos,"Esta fotografía está asociada a la Consultoría COC-2016-0429 “Mejorando la competitividad de la cadena de valor ovina a través de la innovación en la intervención y transformación del proceso productivo artesanal de la lana, asociada a la elaboración de textilería con identidad territorial”.",Región de La Araucanía,Malleco,Región de La Araucanía,Región de La Araucanía,Ovinos de lana,Otros productos (elaborados),Textiles,Calidad || Extensión y difusión tecnológica || Gestión || Artesanía / producto artesanal || Manejo productivo,Artista textil en presentación,Demostración de técnicas de textilería con lana,"Artista textil presenta técnicas de elaboración de textilería con lana de oveja, utilizando un micrófono para compartir su conocimiento. Viste un atuendo tradicional que refleja la identidad cultural, con un chal verde y un vestido colorido. En el fondo, se aprecian piezas de textilería exhibidas, evidenciando el proceso de transformación artesanal de la lana.","La imagen destaca la importancia de la transmisión de saberes en la textilería, contribuyendo a la competitividad de la cadena de valor ovina y la identidad territorial a través de la innovación en procesos productivos artesanales."
178,COC-2016-0429_87.JPG,Fotografías,Fotografía,Fundación para la Innovación Agraria (FIA),Victoria,2016,1 Fotografía.,imagen/jpg,3264 x 2448 píxeles,"1,72 MB",OVINOS || IDENTIDAD TERRITORIAL || PRODUCCIÓN ARTESANAL || LANA || TEXTIL || PRODUCTOS || COMPETITIVIDAD,Fotografías,Consultorías,iag,COC-2016-0429,Victoria,Convocatoria Nacional 2016 Consultorías para la innovación,Procesos Innovadores,Región de La Araucanía,General para rubro Ovinos de lana [General para rubro Ovinos de lana],Consultoría COC-2016-0429,Sistemas productivos intensivos,"Esta fotografía está asociada a la Consultoría COC-2016-0429 “Mejorando la competitividad de la cadena de valor ovina a través de la innovación en la intervención y transformación del proceso productivo artesanal de la lana, asociada a la elaboración de textilería con identidad territorial”.",Región de La Araucanía,Malleco,Región de La Araucanía,Región de La Araucanía,Ovinos de lana,Otros productos (elaborados),Textiles,Calidad || Extensión y difusión tecnológica || Gestión || Artesanía / producto artesanal || Manejo productivo,Presentación sobre textilería ovina.,Exposición sobre oportunidades en la cadena de valor ovina.,Una artesana presenta un proyecto relacionado con la mejora de la competitividad en la cadena de valor ovina. Utiliza herramientas audiovisuales para ilustrar el proceso de intervención y transformación del proceso productivo artesanal de la lana. Se aprecian banderas que representan la identidad territorial y un ambiente formal de exposición.,"La imagen documenta una instancia de capacitación y difusión sobre la textilería con lana de oveja, resaltando la importancia de la innovación en el proceso productivo artesanal y su impacto en la identidad cultural."
179,COC-2016-0429_88.JPG,Fotografías,Fotografía,Fundación para la Innovación Agraria (FIA),Victoria,2016,1 Fotografía.,imagen/jpg,3264 x 2448 píxeles,"1,68 MB",OVINOS || IDENTIDAD TERRITORIAL || PRODUCCIÓN ARTESANAL || LANA || TEXTIL || PRODUCTOS || COMPETITIVIDAD,Fotografías,Consultorías,iag,COC-2016-0429,Victoria,Convocatoria Nacional 2016 Consultorías para la innovación,Procesos Innovadores,Región de La Araucanía,General para rubro Ovinos de lana [General para rubro Ovinos de lana],Consultoría COC-2016-0429,Sistemas productivos intensivos,"Esta fotografía está asociada a la Consultoría COC-2016-0429 “Mejorando la competitividad de la cadena de valor ovina a través de la innovación en la intervención y transformación del proceso productivo artesanal de la lana, asociada a la elaboración de textilería con identidad territorial”.",Región de La Araucanía,Malleco,Región de La Araucanía,Región de La Araucanía,Ovinos de lana,Otros productos (elaborados),Textiles,Calidad || Extensión y difusión tecnológica || Gestión || Artesanía / producto artesanal || Manejo productivo,Presentación sobre textilería ovina.,Exposición sobre innovación en procesos productivos de lana.,"Una mujer se encuentra de pie frente a un auditorio, sosteniendo un micrófono y presentando información sobre la textilería artesanal con lana de oveja. En el fondo, se proyecta una diapositiva que detalla aspectos del proceso productivo y la identidad territorial asociada. Se observan banderas chilenas y mapuches, así como herramientas de telar dispuestas en el espacio.","La imagen ilustra una presentación que busca mejorar la competitividad de la cadena de valor ovina, enfatizando la innovación en la transformación del proceso productivo artesanal de la lana."
180,COC-2016-0429_89.JPG,Fotografías,Fotografía,Fundación para la Innovación Agraria (FIA),Victoria,2016,1 Fotografía.,imagen/jpg,3264 x 2448 píxeles,"1,79 MB",OVINOS || IDENTIDAD TERRITORIAL || PRODUCCIÓN ARTESANAL || LANA || TEXTIL || PRODUCTOS || COMPETITIVIDAD,Fotografías,Consultorías,iag,COC-2016-0429,Victoria,Convocatoria Nacional 2016 Consultorías para la innovación,Procesos Innovadores,Región de La Araucanía,General para rubro Ovinos de lana [General para rubro Ovinos de lana],Consultoría COC-2016-0429,Sistemas productivos intensivos,"Esta fotografía está asociada a la Consultoría COC-2016-0429 “Mejorando la competitividad de la cadena de valor ovina a través de la innovación en la intervención y transformación del proceso productivo artesanal de la lana, asociada a la elaboración de textilería con identidad territorial”.",Región de La Araucanía,Malleco,Región de La Araucanía,Región de La Araucanía,Ovinos de lana,Otros productos (elaborados),Textiles,Calidad || Extensión y difusión tecnológica || Gestión || Artesanía / producto artesanal || Manejo productivo,Presentación sobre textilería con lana de oveja.,Exposición de objetivos del proyecto de innovación textil.,"Una mujer se encuentra de pie frente a un micrófono, presentando información sobre el proyecto de mejora en la cadena de valor ovina. En el fondo, se visualiza una diapositiva que detalla el objetivo general de la consultoría, enfocándose en la transformación del proceso productivo artesanal de la lana. La escena se desarrolla en un ambiente formal, con banderas y elementos gráficos que representan la identidad territorial del proyecto.","La imagen documenta una presentación que busca mejorar la competitividad en la producción textil artesanal, resaltando la importancia de la innovación en el proceso de elaboración de productos con lana de oveja."
181,COC-2016-0429_90.JPG,Fotografías,Fotografía,Fundación para la Innovación Agraria (FIA),Victoria,2016,1 Fotografía.,imagen/jpg,3264 x 2448 píxeles,"1,11 MB",OVINOS || IDENTIDAD TERRITORIAL || PRODUCCIÓN ARTESANAL || LANA || TEXTIL || PRODUCTOS || COMPETITIVIDAD,Fotografías,Consultorías,iag,COC-2016-0429,Victoria,Convocatoria Nacional 2016 Consultorías para la innovación,Procesos Innovadores,Región de La Araucanía,General para rubro Ovinos de lana [General para rubro Ovinos de lana],Consultoría COC-2016-0429,Sistemas productivos intensivos,"Esta fotografía está asociada a la Consultoría COC-2016-0429 “Mejorando la competitividad de la cadena de valor ovina a través de la innovación en la intervención y transformación del proceso productivo artesanal de la lana, asociada a la elaboración de textilería con identidad territorial”.",Región de La Araucanía,Malleco,Región de La Araucanía,Región de La Araucanía,Ovinos de lana,Otros productos (elaborados),Textiles,Calidad || Extensión y difusión tecnológica || Gestión || Artesanía / producto artesanal || Manejo productivo,Presentación sobre textilería ovina.,Exposición sobre la cadena de valor de la lana.,"Una mujer presenta información relacionada con la cadena de valor ovina, destacando la importancia de la innovación en el proceso productivo artesanal de la lana. En el fondo, se encuentra un banner de la Cooperativa Ovinos Victoria, que promueve el 'Sello de Calidad'. La presentación se realiza en un entorno formal, posiblemente en un taller o seminario.","La imagen refleja un esfuerzo por mejorar la competitividad en la producción de textilería con lana, enfatizando la relevancia de la calidad y la identidad territorial en el proceso artesanal."
182,COC-2016-0429_91.JPG,Fotografías,Fotografía,Fundación para la Innovación Agraria (FIA),Victoria,2016,1 Fotografía.,imagen/jpg,3264 x 2448 píxeles,"1,28 MB",OVINOS || IDENTIDAD TERRITORIAL || PRODUCCIÓN ARTESANAL || LANA || TEXTIL || PRODUCTOS || COMPETITIVIDAD,Fotografías,Consultorías,iag,COC-2016-0429,Victoria,Convocatoria Nacional 2016 Consultorías para la innovación,Procesos Innovadores,Región de La Araucanía,General para rubro Ovinos de lana [General para rubro Ovinos de lana],Consultoría COC-2016-0429,Sistemas productivos intensivos,"Esta fotografía está asociada a la Consultoría COC-2016-0429 “Mejorando la competitividad de la cadena de valor ovina a través de la innovación en la intervención y transformación del proceso productivo artesanal de la lana, asociada a la elaboración de textilería con identidad territorial”.",Región de La Araucanía,Malleco,Región de La Araucanía,Región de La Araucanía,Ovinos de lana,Otros productos (elaborados),Textiles,Calidad || Extensión y difusión tecnológica || Gestión || Artesanía / producto artesanal || Manejo productivo,Entrega de certificado a artesanos.,Reconocimiento a la capacitación en textilería.,"Ceremonia de entrega de certificados a artesanos involucrados en el proyecto de mejora de la cadena de valor ovina. Se observa a un hombre y una mujer sosteniendo un certificado, con un telar en el fondo que representa el proceso de elaboración de textilería. La vestimenta de los participantes refleja la identidad cultural del contexto local.","La imagen documenta un momento clave en la capacitación de artesanos, destacando la importancia de la formación en la transformación del proceso productivo artesanal de la lana, contribuyendo a la competitividad de la cadena de valor ovina."
183,COC-2016-0429_92.JPG,Fotografías,Fotografía,Fundación para la Innovación Agraria (FIA),Victoria,2016,1 Fotografía.,imagen/jpg,3264 x 2448 píxeles,"1,92 MB",OVINOS || IDENTIDAD TERRITORIAL || PRODUCCIÓN ARTESANAL || LANA || TEXTIL || PRODUCTOS || COMPETITIVIDAD,Fotografías,Consultorías,iag,COC-2016-0429,Victoria,Convocatoria Nacional 2016 Consultorías para la innovación,Procesos Innovadores,Región de La Araucanía,General para rubro Ovinos de lana [General para rubro Ovinos de lana],Consultoría COC-2016-0429,Sistemas productivos intensivos,"Esta fotografía está asociada a la Consultoría COC-2016-0429 “Mejorando la competitividad de la cadena de valor ovina a través de la innovación en la intervención y transformación del proceso productivo artesanal de la lana, asociada a la elaboración de textilería con identidad territorial”.",Región de La Araucanía,Malleco,Región de La Araucanía,Región de La Araucanía,Ovinos de lana,Otros productos (elaborados),Textiles,Calidad || Extensión y difusión tecnológica || Gestión || Artesanía / producto artesanal || Manejo productivo,Entrega de reconocimiento a artesana.,Ceremonia de premiación a la artesana textil.,"Interacción entre un representante institucional y una artesana textil, quien porta vestimenta tradicional con cintas de colores. La escena se desarrolla en un ambiente formal, con un fondo de cortinas rojas y herramientas de telar visibles en el entorno. La artesana sostiene un documento que simboliza un reconocimiento por su labor en la cadena de valor ovina.","La imagen resalta la importancia del reconocimiento a las artesanas en el contexto de la mejora de la competitividad en la cadena de valor ovina, enfatizando la relevancia de la textilería con identidad territorial."
184,COC-2016-0429_93.JPG,Fotografías,Fotografía,Fundación para la Innovación Agraria (FIA),Victoria,2016,1 Fotografía.,imagen/jpg,3264 x 2448 píxeles,"1,13 MB",OVINOS || IDENTIDAD TERRITORIAL || PRODUCCIÓN ARTESANAL || LANA || TEXTIL || PRODUCTOS || COMPETITIVIDAD,Fotografías,Consultorías,iag,COC-2016-0429,Victoria,Convocatoria Nacional 2016 Consultorías para la innovación,Procesos Innovadores,Región de La Araucanía,General para rubro Ovinos de lana [General para rubro Ovinos de lana],Consultoría COC-2016-0429,Sistemas productivos intensivos,"Esta fotografía está asociada a la Consultoría COC-2016-0429 “Mejorando la competitividad de la cadena de valor ovina a través de la innovación en la intervención y transformación del proceso productivo artesanal de la lana, asociada a la elaboración de textilería con identidad territorial”.",Región de La Araucanía,Malleco,Región de La Araucanía,Región de La Araucanía,Ovinos de lana,Otros productos (elaborados),Textiles,Calidad || Extensión y difusión tecnológica || Gestión || Artesanía / producto artesanal || Manejo productivo,Entrega de reconocimiento a artesana textil.,Ceremonia de premiación a la artesana por su labor.,"Ceremonia de entrega de un reconocimiento a una artesana textil, quien sostiene un certificado. La artesana viste un atuendo tradicional con elementos que reflejan la identidad cultural. Al fondo, se observa un telar, herramienta esencial en la producción de textilería con lana de oveja. La presencia de un representante del proyecto indica el apoyo institucional a la labor artesanal.","La imagen resalta la importancia del reconocimiento a las artesanas en el contexto de la mejora de la competitividad de la cadena de valor ovina, promoviendo la innovación y la identidad territorial en la producción textil."
185,COC-2016-0429_94.JPG,Fotografías,Fotografía,Fundación para la Innovación Agraria (FIA),Victoria,2016,1 Fotografía.,imagen/jpg,3264 x 2448 píxeles,"2,21 MB",OVINOS || IDENTIDAD TERRITORIAL || PRODUCCIÓN ARTESANAL || LANA || TEXTIL || PRODUCTOS || COMPETITIVIDAD,Fotografías,Consultorías,iag,COC-2016-0429,Victoria,Convocatoria Nacional 2016 Consultorías para la innovación,Procesos Innovadores,Región de La Araucanía,General para rubro Ovinos de lana [General para rubro Ovinos de lana],Consultoría COC-2016-0429,Sistemas productivos intensivos,"Esta fotografía está asociada a la Consultoría COC-2016-0429 “Mejorando la competitividad de la cadena de valor ovina a través de la innovación en la intervención y transformación del proceso productivo artesanal de la lana, asociada a la elaboración de textilería con identidad territorial”.",Región de La Araucanía,Malleco,Región de La Araucanía,Región de La Araucanía,Ovinos de lana,Otros productos (elaborados),Textiles,Calidad || Extensión y difusión tecnológica || Gestión || Artesanía / producto artesanal || Manejo productivo,Entrega de certificado de capacitación.,Reconocimiento a artesana en textilería.,"Ceremonia de entrega de certificado a una artesana que ha completado un curso sobre técnicas de textilería con lana de oveja. El evento se desarrolla en un entorno formal, con un fondo de telón rojo. La artesana sostiene el certificado, que destaca la importancia de la capacitación en la mejora de la competitividad de la cadena de valor ovina. El hombre a su lado representa a la organización que otorga el reconocimiento.","La imagen refleja el impacto de la capacitación en el proceso productivo artesanal de la lana, promoviendo la identidad territorial y la innovación en la textilería."
186,COC-2016-0429_95.JPG,Fotografías,Fotografía,Fundación para la Innovación Agraria (FIA),Victoria,2016,1 Fotografía.,imagen/jpg,3264 x 2448 píxeles,"1,17 MB",OVINOS || IDENTIDAD TERRITORIAL || PRODUCCIÓN ARTESANAL || LANA || TEXTIL || PRODUCTOS || COMPETITIVIDAD,Fotografías,Consultorías,iag,COC-2016-0429,Victoria,Convocatoria Nacional 2016 Consultorías para la innovación,Procesos Innovadores,Región de La Araucanía,General para rubro Ovinos de lana [General para rubro Ovinos de lana],Consultoría COC-2016-0429,Sistemas productivos intensivos,"Esta fotografía está asociada a la Consultoría COC-2016-0429 “Mejorando la competitividad de la cadena de valor ovina a través de la innovación en la intervención y transformación del proceso productivo artesanal de la lana, asociada a la elaboración de textilería con identidad territorial”.",Región de La Araucanía,Malleco,Región de La Araucanía,Región de La Araucanía,Ovinos de lana,Otros productos (elaborados),Textiles,Calidad || Extensión y difusión tecnológica || Gestión || Artesanía / producto artesanal || Manejo productivo,Entrega de reconocimiento a artesano.,Ceremonia de premiación a artesano textil.,"Ceremonia de entrega de un reconocimiento a un artesano textil, donde se observa a un individuo sosteniendo un documento en sus manos. El entorno es un salón con fondo de cortinas rojas y una maniquí exhibiendo una prenda de textilería. La vestimenta del artesano refleja la identidad cultural asociada a la lana de oveja.","La imagen destaca la importancia del reconocimiento a los artesanos en el proceso de mejora de la competitividad de la cadena de valor ovina, promoviendo la innovación en la producción de textilería con identidad territorial."
187,COC-2016-0429_96.JPG,Fotografías,Fotografía,Fundación para la Innovación Agraria (FIA),Victoria,2016,1 Fotografía.,imagen/jpg,3264 x 2448 píxeles,"2,23 MB",OVINOS || IDENTIDAD TERRITORIAL || PRODUCCIÓN ARTESANAL || LANA || TEXTIL || PRODUCTOS || COMPETITIVIDAD,Fotografías,Consultorías,iag,COC-2016-0429,Victoria,Convocatoria Nacional 2016 Consultorías para la innovación,Procesos Innovadores,Región de La Araucanía,General para rubro Ovinos de lana [General para rubro Ovinos de lana],Consultoría COC-2016-0429,Sistemas productivos intensivos,"Esta fotografía está asociada a la Consultoría COC-2016-0429 “Mejorando la competitividad de la cadena de valor ovina a través de la innovación en la intervención y transformación del proceso productivo artesanal de la lana, asociada a la elaboración de textilería con identidad territorial”.",Región de La Araucanía,Malleco,Región de La Araucanía,Región de La Araucanía,Ovinos de lana,Otros productos (elaborados),Textiles,Calidad || Extensión y difusión tecnológica || Gestión || Artesanía / producto artesanal || Manejo productivo,Entrega de certificado a artesana.,Reconocimiento a la labor artesanal en textilería.,"Ceremonia de entrega de certificado a una artesana destacada en el proceso de elaboración de textilería con lana de oveja. La artesana sostiene un certificado, mientras que la persona a su lado la felicita. El entorno incluye elementos textiles, como manteles y productos elaborados, que reflejan la identidad territorial del proyecto. La actividad se desarrolla en un espacio cerrado, con iluminación adecuada para resaltar la importancia del evento.","La imagen documenta un momento clave en el reconocimiento de la labor artesanal, fundamental para mejorar la competitividad de la cadena de valor ovina en Chile, promoviendo la innovación y la identidad cultural en la producción textil."
188,COC-2016-0429_97.JPG,Fotografías,Fotografía,Fundación para la Innovación Agraria (FIA),Victoria,2016,1 Fotografía.,imagen/jpg,3264 x 2448 píxeles,"1,79 MB",OVINOS || IDENTIDAD TERRITORIAL || PRODUCCIÓN ARTESANAL || LANA || TEXTIL || PRODUCTOS || COMPETITIVIDAD,Fotografías,Consultorías,iag,COC-2016-0429,Victoria,Convocatoria Nacional 2016 Consultorías para la innovación,Procesos Innovadores,Región de La Araucanía,General para rubro Ovinos de lana [General para rubro Ovinos de lana],Consultoría COC-2016-0429,Sistemas productivos intensivos,"Esta fotografía está asociada a la Consultoría COC-2016-0429 “Mejorando la competitividad de la cadena de valor ovina a través de la innovación en la intervención y transformación del proceso productivo artesanal de la lana, asociada a la elaboración de textilería con identidad territorial”.",Región de La Araucanía,Malleco,Región de La Araucanía,Región de La Araucanía,Ovinos de lana,Otros productos (elaborados),Textiles,Calidad || Extensión y difusión tecnológica || Gestión || Artesanía / producto artesanal || Manejo productivo,Presentación en evento sobre textilería ovina.,Discurso sobre innovación en textilería artesanal.,"Una mujer se encuentra de pie frente a un micrófono, sosteniendo un documento. Al fondo, se aprecian banderas chilenas y de pueblos originarios, así como banners de la cooperativa y del evento. El entorno es un auditorio con iluminación adecuada para presentaciones. La acción se enmarca en un contexto de discusión sobre la competitividad de la cadena de valor ovina y la innovación en procesos productivos artesanales.","La imagen refleja un momento clave en la difusión de iniciativas para mejorar la cadena de valor de la lana, destacando la importancia de la textilería con identidad territorial en el desarrollo local."
189,COC-2016-0429_98.JPG,Fotografías,Fotografía,Fundación para la Innovación Agraria (FIA),Victoria,2016,1 Fotografía.,imagen/jpg,3264 x 2448 píxeles,"1,79 MB",OVINOS || IDENTIDAD TERRITORIAL || PRODUCCIÓN ARTESANAL || LANA || TEXTIL || PRODUCTOS || COMPETITIVIDAD,Fotografías,Consultorías,iag,COC-2016-0429,Victoria,Convocatoria Nacional 2016 Consultorías para la innovación,Procesos Innovadores,Región de La Araucanía,General para rubro Ovinos de lana [General para rubro Ovinos de lana],Consultoría COC-2016-0429,Sistemas productivos intensivos,"Esta fotografía está asociada a la Consultoría COC-2016-0429 “Mejorando la competitividad de la cadena de valor ovina a través de la innovación en la intervención y transformación del proceso productivo artesanal de la lana, asociada a la elaboración de textilería con identidad territorial”.",Región de La Araucanía,Malleco,Región de La Araucanía,Región de La Araucanía,Ovinos de lana,Otros productos (elaborados),Textiles,Calidad || Extensión y difusión tecnológica || Gestión || Artesanía / producto artesanal || Manejo productivo,Presentación sobre textilería ovina.,Exposición sobre innovación en la cadena de valor ovina.,"Una mujer se encuentra de pie, sosteniendo un documento en sus manos, mientras se dirige a un público. Detrás de ella, se aprecian banderas que representan la identidad territorial y un banner relacionado con la calidad de la lana. La escena se desarrolla en un entorno formal, propicio para la presentación de proyectos vinculados a la textilería y la competitividad de la cadena de valor ovina.","La imagen captura un momento clave en la difusión de iniciativas para mejorar la competitividad en la producción artesanal de lana, destacando la importancia de la innovación en el proceso productivo."
190,COC-2016-0429_99.JPG,Fotografías,Fotografía,Fundación para la Innovación Agraria (FIA),Victoria,2016,1 Fotografía.,imagen/jpg,3264 x 2448 píxeles,"1,93 MB",OVINOS || IDENTIDAD TERRITORIAL || PRODUCCIÓN ARTESANAL || LANA || TEXTIL || PRODUCTOS || COMPETITIVIDAD,Fotografías,Consultorías,iag,COC-2016-0429,Victoria,Convocatoria Nacional 2016 Consultorías para la innovación,Procesos Innovadores,Región de La Araucanía,General para rubro Ovinos de lana [General para rubro Ovinos de lana],Consultoría COC-2016-0429,Sistemas productivos intensivos,"Esta fotografía está asociada a la Consultoría COC-2016-0429 “Mejorando la competitividad de la cadena de valor ovina a través de la innovación en la intervención y transformación del proceso productivo artesanal de la lana, asociada a la elaboración de textilería con identidad territorial”.",Región de La Araucanía,Malleco,Región de La Araucanía,Región de La Araucanía,Ovinos de lana,Otros productos (elaborados),Textiles,Calidad || Extensión y difusión tecnológica || Gestión || Artesanía / producto artesanal || Manejo productivo,Entrega de reconocimiento a artesana.,Ceremonia de certificación de habilidades artesanales.,"Ceremonia de entrega de un certificado a una artesana, destacando su participación en el proceso de mejora de la cadena de valor ovina. El reconocimiento se realiza en un entorno formal, con un presentador y la artesana recibiendo el documento. La vestimenta de la artesana refleja la identidad cultural y territorial asociada a la textilería con lana de oveja.","La imagen resalta la importancia del reconocimiento a las habilidades artesanales en el contexto de la innovación y competitividad en la cadena de valor ovina, promoviendo la identidad territorial y el desarrollo sostenible."
