#,nombre archivo,Colección,dspace.entity.type,dc.contributor.entity ,dc.ciudad,dc.date.issued,dc.description.tableofcontents,dc.format,dc.format.extent,dc.format.medium,dc.subject,dc.type,dc.type.evento,fia.catalogador,fia.clasificacionlocal,fia.comuna,fia.convocatoria,fia.desafio-estrategico,fia.ejecucion,fia.especie,fia.iniciativa,fia.linea-de-accion,fia.notageneral,fia.participacion,fia.provincia,fia.realizacion,fia.region,fia.rubro,fia.sector,fia.subsector,fia.tema
1,COC-2016-0429_1.JPG,Fotografías,Fotografía,Fundación para la Innovación Agraria (FIA),Victoria,2016,1 Fotografía.,imagen/jpg,2448 x 3264 píxeles,"2,33 MB",OVINOS || IDENTIDAD TERRITORIAL || PRODUCCIÓN ARTESANAL || LANA || TEXTIL || PRODUCTOS || COMPETITIVIDAD,Fotografías,Consultorías,iag,COC-2016-0429,Victoria,Convocatoria Nacional 2016 Consultorías para la innovación,Procesos Innovadores,Región de La Araucanía,General para rubro Ovinos de lana [General para rubro Ovinos de lana],Consultoría COC-2016-0429,Sistemas productivos intensivos,"Esta fotografía esta asociada a la Consultoría COC-2016-0429 “ Mejorando la competitividad de la cadena de valor ovina a través de la innovación en la intervención y transformación del proceso productivo artesanal de la lana, asociada a la elaboración de textilería con identidad”.",Región de La Araucanía,Malleco,Región de La Araucanía,Región de La Araucanía,Ovinos de lana,Otros productos (elaborados),Textiles,Calidad || Extensión y difusión tecnológica || Gestión || Artesanía / producto artesanal || Manejo productivo
1,COC-2016-0429_1.JPG,Fotografías,Fotografía,Fundación para la Innovación Agraria (FIA),Victoria,2016,1 Fotografía.,imagen/jpg,3264 x 2448 píxeles,"2,33 MB",OVINOS || IDENTIDAD TERRITORIAL || PRODUCCIÓN ARTESANAL || LANA || TEXTIL || PRODUCTOS || COMPETITIVIDAD,Fotografías,Consultorías,iag,COC-2016-0429,Victoria,Convocatoria Nacional 2016 Consultorías para la innovación,Procesos Innovadores,Región de La Araucanía,General para rubro Ovinos de lana [General para rubro Ovinos de lana],Consultoría COC-2016-0429,Sistemas productivos intensivos,"Esta fotografía está asociada a la Consultoría COC-2016-0429 “Mejorando la competitividad de la cadena de valor ovina a través de la innovación en la intervención y transformación del proceso productivo artesanal de la lana, asociada a la elaboración de textilería con identidad territorial”.",Región de La Araucanía,Malleco,Región de La Araucanía,Región de La Araucanía,Ovinos de lana,Otros productos (elaborados),Textiles,Calidad || Extensión y difusión tecnológica || Gestión || Artesanía / producto artesanal || Manejo productivo
2,COC-2016-0429_10.JPG,Fotografías,Fotografía,Fundación para la Innovación Agraria (FIA),Victoria,2016,1 Fotografía.,imagen/jpg,3264 x 2448 píxeles,"2,76 MB",OVINOS || IDENTIDAD TERRITORIAL || PRODUCCIÓN ARTESANAL || LANA || TEXTIL || PRODUCTOS || COMPETITIVIDAD,Fotografías,Consultorías,iag,COC-2016-0429,Victoria,Convocatoria Nacional 2016 Consultorías para la innovación,Procesos Innovadores,Región de La Araucanía,General para rubro Ovinos de lana [General para rubro Ovinos de lana],Consultoría COC-2016-0429,Sistemas productivos intensivos,"Esta fotografía está asociada a la Consultoría COC-2016-0429 “Mejorando la competitividad de la cadena de valor ovina a través de la innovación en la intervención y transformación del proceso productivo artesanal de la lana, asociada a la elaboración de textilería con identidad territorial”.",Región de La Araucanía,Malleco,Región de La Araucanía,Región de La Araucanía,Ovinos de lana,Otros productos (elaborados),Textiles,Calidad || Extensión y difusión tecnológica || Gestión || Artesanía / producto artesanal || Manejo productivo
3,COC-2016-0429_100.JPG,Fotografías,Fotografía,Fundación para la Innovación Agraria (FIA),Victoria,2016,1 Fotografía.,imagen/jpg,3264 x 2448 píxeles,"1,27 MB",OVINOS || IDENTIDAD TERRITORIAL || PRODUCCIÓN ARTESANAL || LANA || TEXTIL || PRODUCTOS || COMPETITIVIDAD,Fotografías,Consultorías,iag,COC-2016-0429,Victoria,Convocatoria Nacional 2016 Consultorías para la innovación,Procesos Innovadores,Región de La Araucanía,General para rubro Ovinos de lana [General para rubro Ovinos de lana],Consultoría COC-2016-0429,Sistemas productivos intensivos,"Esta fotografía está asociada a la Consultoría COC-2016-0429 “Mejorando la competitividad de la cadena de valor ovina a través de la innovación en la intervención y transformación del proceso productivo artesanal de la lana, asociada a la elaboración de textilería con identidad territorial”.",Región de La Araucanía,Malleco,Región de La Araucanía,Región de La Araucanía,Ovinos de lana,Otros productos (elaborados),Textiles,Calidad || Extensión y difusión tecnológica || Gestión || Artesanía / producto artesanal || Manejo productivo
4,COC-2016-0429_101.JPG,Fotografías,Fotografía,Fundación para la Innovación Agraria (FIA),Victoria,2016,1 Fotografía.,imagen/jpg,3264 x 2448 píxeles,"1,83 MB",OVINOS || IDENTIDAD TERRITORIAL || PRODUCCIÓN ARTESANAL || LANA || TEXTIL || PRODUCTOS || COMPETITIVIDAD,Fotografías,Consultorías,iag,COC-2016-0429,Victoria,Convocatoria Nacional 2016 Consultorías para la innovación,Procesos Innovadores,Región de La Araucanía,General para rubro Ovinos de lana [General para rubro Ovinos de lana],Consultoría COC-2016-0429,Sistemas productivos intensivos,"Esta fotografía está asociada a la Consultoría COC-2016-0429 “Mejorando la competitividad de la cadena de valor ovina a través de la innovación en la intervención y transformación del proceso productivo artesanal de la lana, asociada a la elaboración de textilería con identidad territorial”.",Región de La Araucanía,Malleco,Región de La Araucanía,Región de La Araucanía,Ovinos de lana,Otros productos (elaborados),Textiles,Calidad || Extensión y difusión tecnológica || Gestión || Artesanía / producto artesanal || Manejo productivo
5,COC-2016-0429_102.JPG,Fotografías,Fotografía,Fundación para la Innovación Agraria (FIA),Victoria,2016,1 Fotografía.,imagen/jpg,3264 x 2448 píxeles,"1,66 MB",OVINOS || IDENTIDAD TERRITORIAL || PRODUCCIÓN ARTESANAL || LANA || TEXTIL || PRODUCTOS || COMPETITIVIDAD,Fotografías,Consultorías,iag,COC-2016-0429,Victoria,Convocatoria Nacional 2016 Consultorías para la innovación,Procesos Innovadores,Región de La Araucanía,General para rubro Ovinos de lana [General para rubro Ovinos de lana],Consultoría COC-2016-0429,Sistemas productivos intensivos,"Esta fotografía está asociada a la Consultoría COC-2016-0429 “Mejorando la competitividad de la cadena de valor ovina a través de la innovación en la intervención y transformación del proceso productivo artesanal de la lana, asociada a la elaboración de textilería con identidad territorial”.",Región de La Araucanía,Malleco,Región de La Araucanía,Región de La Araucanía,Ovinos de lana,Otros productos (elaborados),Textiles,Calidad || Extensión y difusión tecnológica || Gestión || Artesanía / producto artesanal || Manejo productivo
6,COC-2016-0429_103.JPG,Fotografías,Fotografía,Fundación para la Innovación Agraria (FIA),Victoria,2016,1 Fotografía.,imagen/jpg,3264 x 2448 píxeles,"1,93 MB",OVINOS || IDENTIDAD TERRITORIAL || PRODUCCIÓN ARTESANAL || LANA || TEXTIL || PRODUCTOS || COMPETITIVIDAD,Fotografías,Consultorías,iag,COC-2016-0429,Victoria,Convocatoria Nacional 2016 Consultorías para la innovación,Procesos Innovadores,Región de La Araucanía,General para rubro Ovinos de lana [General para rubro Ovinos de lana],Consultoría COC-2016-0429,Sistemas productivos intensivos,"Esta fotografía está asociada a la Consultoría COC-2016-0429 “Mejorando la competitividad de la cadena de valor ovina a través de la innovación en la intervención y transformación del proceso productivo artesanal de la lana, asociada a la elaboración de textilería con identidad territorial”.",Región de La Araucanía,Malleco,Región de La Araucanía,Región de La Araucanía,Ovinos de lana,Otros productos (elaborados),Textiles,Calidad || Extensión y difusión tecnológica || Gestión || Artesanía / producto artesanal || Manejo productivo
7,COC-2016-0429_104.JPG,Fotografías,Fotografía,Fundación para la Innovación Agraria (FIA),Victoria,2016,1 Fotografía.,imagen/jpg,3264 x 2448 píxeles,"1,03 MB",OVINOS || IDENTIDAD TERRITORIAL || PRODUCCIÓN ARTESANAL || LANA || TEXTIL || PRODUCTOS || COMPETITIVIDAD,Fotografías,Consultorías,iag,COC-2016-0429,Victoria,Convocatoria Nacional 2016 Consultorías para la innovación,Procesos Innovadores,Región de La Araucanía,General para rubro Ovinos de lana [General para rubro Ovinos de lana],Consultoría COC-2016-0429,Sistemas productivos intensivos,"Esta fotografía está asociada a la Consultoría COC-2016-0429 “Mejorando la competitividad de la cadena de valor ovina a través de la innovación en la intervención y transformación del proceso productivo artesanal de la lana, asociada a la elaboración de textilería con identidad territorial”.",Región de La Araucanía,Malleco,Región de La Araucanía,Región de La Araucanía,Ovinos de lana,Otros productos (elaborados),Textiles,Calidad || Extensión y difusión tecnológica || Gestión || Artesanía / producto artesanal || Manejo productivo
8,COC-2016-0429_105.JPG,Fotografías,Fotografía,Fundación para la Innovación Agraria (FIA),Victoria,2016,1 Fotografía.,imagen/jpg,3264 x 2448 píxeles,"1,11 MB",OVINOS || IDENTIDAD TERRITORIAL || PRODUCCIÓN ARTESANAL || LANA || TEXTIL || PRODUCTOS || COMPETITIVIDAD,Fotografías,Consultorías,iag,COC-2016-0429,Victoria,Convocatoria Nacional 2016 Consultorías para la innovación,Procesos Innovadores,Región de La Araucanía,General para rubro Ovinos de lana [General para rubro Ovinos de lana],Consultoría COC-2016-0429,Sistemas productivos intensivos,"Esta fotografía está asociada a la Consultoría COC-2016-0429 “Mejorando la competitividad de la cadena de valor ovina a través de la innovación en la intervención y transformación del proceso productivo artesanal de la lana, asociada a la elaboración de textilería con identidad territorial”.",Región de La Araucanía,Malleco,Región de La Araucanía,Región de La Araucanía,Ovinos de lana,Otros productos (elaborados),Textiles,Calidad || Extensión y difusión tecnológica || Gestión || Artesanía / producto artesanal || Manejo productivo
9,COC-2016-0429_106.JPG,Fotografías,Fotografía,Fundación para la Innovación Agraria (FIA),Victoria,2016,1 Fotografía.,imagen/jpg,3264 x 2448 píxeles,"1,38 MB",OVINOS || IDENTIDAD TERRITORIAL || PRODUCCIÓN ARTESANAL || LANA || TEXTIL || PRODUCTOS || COMPETITIVIDAD,Fotografías,Consultorías,iag,COC-2016-0429,Victoria,Convocatoria Nacional 2016 Consultorías para la innovación,Procesos Innovadores,Región de La Araucanía,General para rubro Ovinos de lana [General para rubro Ovinos de lana],Consultoría COC-2016-0429,Sistemas productivos intensivos,"Esta fotografía está asociada a la Consultoría COC-2016-0429 “Mejorando la competitividad de la cadena de valor ovina a través de la innovación en la intervención y transformación del proceso productivo artesanal de la lana, asociada a la elaboración de textilería con identidad territorial”.",Región de La Araucanía,Malleco,Región de La Araucanía,Región de La Araucanía,Ovinos de lana,Otros productos (elaborados),Textiles,Calidad || Extensión y difusión tecnológica || Gestión || Artesanía / producto artesanal || Manejo productivo
10,COC-2016-0429_107.JPG,Fotografías,Fotografía,Fundación para la Innovación Agraria (FIA),Victoria,2016,1 Fotografía.,imagen/jpg,3264 x 2448 píxeles,"1,56 MB",OVINOS || IDENTIDAD TERRITORIAL || PRODUCCIÓN ARTESANAL || LANA || TEXTIL || PRODUCTOS || COMPETITIVIDAD,Fotografías,Consultorías,iag,COC-2016-0429,Victoria,Convocatoria Nacional 2016 Consultorías para la innovación,Procesos Innovadores,Región de La Araucanía,General para rubro Ovinos de lana [General para rubro Ovinos de lana],Consultoría COC-2016-0429,Sistemas productivos intensivos,"Esta fotografía está asociada a la Consultoría COC-2016-0429 “Mejorando la competitividad de la cadena de valor ovina a través de la innovación en la intervención y transformación del proceso productivo artesanal de la lana, asociada a la elaboración de textilería con identidad territorial”.",Región de La Araucanía,Malleco,Región de La Araucanía,Región de La Araucanía,Ovinos de lana,Otros productos (elaborados),Textiles,Calidad || Extensión y difusión tecnológica || Gestión || Artesanía / producto artesanal || Manejo productivo
11,COC-2016-0429_108.JPG,Fotografías,Fotografía,Fundación para la Innovación Agraria (FIA),Victoria,2016,1 Fotografía.,imagen/jpg,3264 x 2448 píxeles,"1,94 MB",OVINOS || IDENTIDAD TERRITORIAL || PRODUCCIÓN ARTESANAL || LANA || TEXTIL || PRODUCTOS || COMPETITIVIDAD,Fotografías,Consultorías,iag,COC-2016-0429,Victoria,Convocatoria Nacional 2016 Consultorías para la innovación,Procesos Innovadores,Región de La Araucanía,General para rubro Ovinos de lana [General para rubro Ovinos de lana],Consultoría COC-2016-0429,Sistemas productivos intensivos,"Esta fotografía está asociada a la Consultoría COC-2016-0429 “Mejorando la competitividad de la cadena de valor ovina a través de la innovación en la intervención y transformación del proceso productivo artesanal de la lana, asociada a la elaboración de textilería con identidad territorial”.",Región de La Araucanía,Malleco,Región de La Araucanía,Región de La Araucanía,Ovinos de lana,Otros productos (elaborados),Textiles,Calidad || Extensión y difusión tecnológica || Gestión || Artesanía / producto artesanal || Manejo productivo
12,COC-2016-0429_109.JPG,Fotografías,Fotografía,Fundación para la Innovación Agraria (FIA),Victoria,2016,1 Fotografía.,imagen/jpg,3264 x 2448 píxeles,"2,06 MB",OVINOS || IDENTIDAD TERRITORIAL || PRODUCCIÓN ARTESANAL || LANA || TEXTIL || PRODUCTOS || COMPETITIVIDAD,Fotografías,Consultorías,iag,COC-2016-0429,Victoria,Convocatoria Nacional 2016 Consultorías para la innovación,Procesos Innovadores,Región de La Araucanía,General para rubro Ovinos de lana [General para rubro Ovinos de lana],Consultoría COC-2016-0429,Sistemas productivos intensivos,"Esta fotografía está asociada a la Consultoría COC-2016-0429 “Mejorando la competitividad de la cadena de valor ovina a través de la innovación en la intervención y transformación del proceso productivo artesanal de la lana, asociada a la elaboración de textilería con identidad territorial”.",Región de La Araucanía,Malleco,Región de La Araucanía,Región de La Araucanía,Ovinos de lana,Otros productos (elaborados),Textiles,Calidad || Extensión y difusión tecnológica || Gestión || Artesanía / producto artesanal || Manejo productivo
13,COC-2016-0429_11.JPG,Fotografías,Fotografía,Fundación para la Innovación Agraria (FIA),Victoria,2016,1 Fotografía.,imagen/jpg,3264 x 2448 píxeles,"2,05 MB",OVINOS || IDENTIDAD TERRITORIAL || PRODUCCIÓN ARTESANAL || LANA || TEXTIL || PRODUCTOS || COMPETITIVIDAD,Fotografías,Consultorías,iag,COC-2016-0429,Victoria,Convocatoria Nacional 2016 Consultorías para la innovación,Procesos Innovadores,Región de La Araucanía,General para rubro Ovinos de lana [General para rubro Ovinos de lana],Consultoría COC-2016-0429,Sistemas productivos intensivos,"Esta fotografía está asociada a la Consultoría COC-2016-0429 “Mejorando la competitividad de la cadena de valor ovina a través de la innovación en la intervención y transformación del proceso productivo artesanal de la lana, asociada a la elaboración de textilería con identidad territorial”.",Región de La Araucanía,Malleco,Región de La Araucanía,Región de La Araucanía,Ovinos de lana,Otros productos (elaborados),Textiles,Calidad || Extensión y difusión tecnológica || Gestión || Artesanía / producto artesanal || Manejo productivo
14,COC-2016-0429_110.JPG,Fotografías,Fotografía,Fundación para la Innovación Agraria (FIA),Victoria,2016,1 Fotografía.,imagen/jpg,3264 x 2448 píxeles,"2,11 MB",OVINOS || IDENTIDAD TERRITORIAL || PRODUCCIÓN ARTESANAL || LANA || TEXTIL || PRODUCTOS || COMPETITIVIDAD,Fotografías,Consultorías,iag,COC-2016-0429,Victoria,Convocatoria Nacional 2016 Consultorías para la innovación,Procesos Innovadores,Región de La Araucanía,General para rubro Ovinos de lana [General para rubro Ovinos de lana],Consultoría COC-2016-0429,Sistemas productivos intensivos,"Esta fotografía está asociada a la Consultoría COC-2016-0429 “Mejorando la competitividad de la cadena de valor ovina a través de la innovación en la intervención y transformación del proceso productivo artesanal de la lana, asociada a la elaboración de textilería con identidad territorial”.",Región de La Araucanía,Malleco,Región de La Araucanía,Región de La Araucanía,Ovinos de lana,Otros productos (elaborados),Textiles,Calidad || Extensión y difusión tecnológica || Gestión || Artesanía / producto artesanal || Manejo productivo
15,COC-2016-0429_111.JPG,Fotografías,Fotografía,Fundación para la Innovación Agraria (FIA),Victoria,2016,1 Fotografía.,imagen/jpg,3264 x 2448 píxeles,"2,15 MB",OVINOS || IDENTIDAD TERRITORIAL || PRODUCCIÓN ARTESANAL || LANA || TEXTIL || PRODUCTOS || COMPETITIVIDAD,Fotografías,Consultorías,iag,COC-2016-0429,Victoria,Convocatoria Nacional 2016 Consultorías para la innovación,Procesos Innovadores,Región de La Araucanía,General para rubro Ovinos de lana [General para rubro Ovinos de lana],Consultoría COC-2016-0429,Sistemas productivos intensivos,"Esta fotografía está asociada a la Consultoría COC-2016-0429 “Mejorando la competitividad de la cadena de valor ovina a través de la innovación en la intervención y transformación del proceso productivo artesanal de la lana, asociada a la elaboración de textilería con identidad territorial”.",Región de La Araucanía,Malleco,Región de La Araucanía,Región de La Araucanía,Ovinos de lana,Otros productos (elaborados),Textiles,Calidad || Extensión y difusión tecnológica || Gestión || Artesanía / producto artesanal || Manejo productivo
16,COC-2016-0429_112.JPG,Fotografías,Fotografía,Fundación para la Innovación Agraria (FIA),Victoria,2016,1 Fotografía.,imagen/jpg,3264 x 2448 píxeles,"1,98 MB",OVINOS || IDENTIDAD TERRITORIAL || PRODUCCIÓN ARTESANAL || LANA || TEXTIL || PRODUCTOS || COMPETITIVIDAD,Fotografías,Consultorías,iag,COC-2016-0429,Victoria,Convocatoria Nacional 2016 Consultorías para la innovación,Procesos Innovadores,Región de La Araucanía,General para rubro Ovinos de lana [General para rubro Ovinos de lana],Consultoría COC-2016-0429,Sistemas productivos intensivos,"Esta fotografía está asociada a la Consultoría COC-2016-0429 “Mejorando la competitividad de la cadena de valor ovina a través de la innovación en la intervención y transformación del proceso productivo artesanal de la lana, asociada a la elaboración de textilería con identidad territorial”.",Región de La Araucanía,Malleco,Región de La Araucanía,Región de La Araucanía,Ovinos de lana,Otros productos (elaborados),Textiles,Calidad || Extensión y difusión tecnológica || Gestión || Artesanía / producto artesanal || Manejo productivo
17,COC-2016-0429_113.JPG,Fotografías,Fotografía,Fundación para la Innovación Agraria (FIA),Victoria,2016,1 Fotografía.,imagen/jpg,3264 x 2448 píxeles,"1,24 MB",OVINOS || IDENTIDAD TERRITORIAL || PRODUCCIÓN ARTESANAL || LANA || TEXTIL || PRODUCTOS || COMPETITIVIDAD,Fotografías,Consultorías,iag,COC-2016-0429,Victoria,Convocatoria Nacional 2016 Consultorías para la innovación,Procesos Innovadores,Región de La Araucanía,General para rubro Ovinos de lana [General para rubro Ovinos de lana],Consultoría COC-2016-0429,Sistemas productivos intensivos,"Esta fotografía está asociada a la Consultoría COC-2016-0429 “Mejorando la competitividad de la cadena de valor ovina a través de la innovación en la intervención y transformación del proceso productivo artesanal de la lana, asociada a la elaboración de textilería con identidad territorial”.",Región de La Araucanía,Malleco,Región de La Araucanía,Región de La Araucanía,Ovinos de lana,Otros productos (elaborados),Textiles,Calidad || Extensión y difusión tecnológica || Gestión || Artesanía / producto artesanal || Manejo productivo
18,COC-2016-0429_114.JPG,Fotografías,Fotografía,Fundación para la Innovación Agraria (FIA),Victoria,2016,1 Fotografía.,imagen/jpg,3264 x 2448 píxeles,"1,80 MB",OVINOS || IDENTIDAD TERRITORIAL || PRODUCCIÓN ARTESANAL || LANA || TEXTIL || PRODUCTOS || COMPETITIVIDAD,Fotografías,Consultorías,iag,COC-2016-0429,Victoria,Convocatoria Nacional 2016 Consultorías para la innovación,Procesos Innovadores,Región de La Araucanía,General para rubro Ovinos de lana [General para rubro Ovinos de lana],Consultoría COC-2016-0429,Sistemas productivos intensivos,"Esta fotografía está asociada a la Consultoría COC-2016-0429 “Mejorando la competitividad de la cadena de valor ovina a través de la innovación en la intervención y transformación del proceso productivo artesanal de la lana, asociada a la elaboración de textilería con identidad territorial”.",Región de La Araucanía,Malleco,Región de La Araucanía,Región de La Araucanía,Ovinos de lana,Otros productos (elaborados),Textiles,Calidad || Extensión y difusión tecnológica || Gestión || Artesanía / producto artesanal || Manejo productivo
19,COC-2016-0429_115.JPG,Fotografías,Fotografía,Fundación para la Innovación Agraria (FIA),Victoria,2016,1 Fotografía.,imagen/jpg,3264 x 2448 píxeles,"2,01 MB",OVINOS || IDENTIDAD TERRITORIAL || PRODUCCIÓN ARTESANAL || LANA || TEXTIL || PRODUCTOS || COMPETITIVIDAD,Fotografías,Consultorías,iag,COC-2016-0429,Victoria,Convocatoria Nacional 2016 Consultorías para la innovación,Procesos Innovadores,Región de La Araucanía,General para rubro Ovinos de lana [General para rubro Ovinos de lana],Consultoría COC-2016-0429,Sistemas productivos intensivos,"Esta fotografía está asociada a la Consultoría COC-2016-0429 “Mejorando la competitividad de la cadena de valor ovina a través de la innovación en la intervención y transformación del proceso productivo artesanal de la lana, asociada a la elaboración de textilería con identidad territorial”.",Región de La Araucanía,Malleco,Región de La Araucanía,Región de La Araucanía,Ovinos de lana,Otros productos (elaborados),Textiles,Calidad || Extensión y difusión tecnológica || Gestión || Artesanía / producto artesanal || Manejo productivo
20,COC-2016-0429_116.JPG,Fotografías,Fotografía,Fundación para la Innovación Agraria (FIA),Victoria,2016,1 Fotografía.,imagen/jpg,3264 x 2448 píxeles,"2,15 MB",OVINOS || IDENTIDAD TERRITORIAL || PRODUCCIÓN ARTESANAL || LANA || TEXTIL || PRODUCTOS || COMPETITIVIDAD,Fotografías,Consultorías,iag,COC-2016-0429,Victoria,Convocatoria Nacional 2016 Consultorías para la innovación,Procesos Innovadores,Región de La Araucanía,General para rubro Ovinos de lana [General para rubro Ovinos de lana],Consultoría COC-2016-0429,Sistemas productivos intensivos,"Esta fotografía está asociada a la Consultoría COC-2016-0429 “Mejorando la competitividad de la cadena de valor ovina a través de la innovación en la intervención y transformación del proceso productivo artesanal de la lana, asociada a la elaboración de textilería con identidad territorial”.",Región de La Araucanía,Malleco,Región de La Araucanía,Región de La Araucanía,Ovinos de lana,Otros productos (elaborados),Textiles,Calidad || Extensión y difusión tecnológica || Gestión || Artesanía / producto artesanal || Manejo productivo
21,COC-2016-0429_117.JPG,Fotografías,Fotografía,Fundación para la Innovación Agraria (FIA),Victoria,2016,1 Fotografía.,imagen/jpg,3264 x 2448 píxeles,"1,69 MB",OVINOS || IDENTIDAD TERRITORIAL || PRODUCCIÓN ARTESANAL || LANA || TEXTIL || PRODUCTOS || COMPETITIVIDAD,Fotografías,Consultorías,iag,COC-2016-0429,Victoria,Convocatoria Nacional 2016 Consultorías para la innovación,Procesos Innovadores,Región de La Araucanía,General para rubro Ovinos de lana [General para rubro Ovinos de lana],Consultoría COC-2016-0429,Sistemas productivos intensivos,"Esta fotografía está asociada a la Consultoría COC-2016-0429 “Mejorando la competitividad de la cadena de valor ovina a través de la innovación en la intervención y transformación del proceso productivo artesanal de la lana, asociada a la elaboración de textilería con identidad territorial”.",Región de La Araucanía,Malleco,Región de La Araucanía,Región de La Araucanía,Ovinos de lana,Otros productos (elaborados),Textiles,Calidad || Extensión y difusión tecnológica || Gestión || Artesanía / producto artesanal || Manejo productivo
22,COC-2016-0429_118.JPG,Fotografías,Fotografía,Fundación para la Innovación Agraria (FIA),Victoria,2016,1 Fotografía.,imagen/jpg,3264 x 2448 píxeles,"1,36 MB",OVINOS || IDENTIDAD TERRITORIAL || PRODUCCIÓN ARTESANAL || LANA || TEXTIL || PRODUCTOS || COMPETITIVIDAD,Fotografías,Consultorías,iag,COC-2016-0429,Victoria,Convocatoria Nacional 2016 Consultorías para la innovación,Procesos Innovadores,Región de La Araucanía,General para rubro Ovinos de lana [General para rubro Ovinos de lana],Consultoría COC-2016-0429,Sistemas productivos intensivos,"Esta fotografía está asociada a la Consultoría COC-2016-0429 “Mejorando la competitividad de la cadena de valor ovina a través de la innovación en la intervención y transformación del proceso productivo artesanal de la lana, asociada a la elaboración de textilería con identidad territorial”.",Región de La Araucanía,Malleco,Región de La Araucanía,Región de La Araucanía,Ovinos de lana,Otros productos (elaborados),Textiles,Calidad || Extensión y difusión tecnológica || Gestión || Artesanía / producto artesanal || Manejo productivo
23,COC-2016-0429_119.JPG,Fotografías,Fotografía,Fundación para la Innovación Agraria (FIA),Victoria,2016,1 Fotografía.,imagen/jpg,3264 x 2448 píxeles,"1,73 MB",OVINOS || IDENTIDAD TERRITORIAL || PRODUCCIÓN ARTESANAL || LANA || TEXTIL || PRODUCTOS || COMPETITIVIDAD,Fotografías,Consultorías,iag,COC-2016-0429,Victoria,Convocatoria Nacional 2016 Consultorías para la innovación,Procesos Innovadores,Región de La Araucanía,General para rubro Ovinos de lana [General para rubro Ovinos de lana],Consultoría COC-2016-0429,Sistemas productivos intensivos,"Esta fotografía está asociada a la Consultoría COC-2016-0429 “Mejorando la competitividad de la cadena de valor ovina a través de la innovación en la intervención y transformación del proceso productivo artesanal de la lana, asociada a la elaboración de textilería con identidad territorial”.",Región de La Araucanía,Malleco,Región de La Araucanía,Región de La Araucanía,Ovinos de lana,Otros productos (elaborados),Textiles,Calidad || Extensión y difusión tecnológica || Gestión || Artesanía / producto artesanal || Manejo productivo
24,COC-2016-0429_12.JPG,Fotografías,Fotografía,Fundación para la Innovación Agraria (FIA),Victoria,2016,1 Fotografía.,imagen/jpg,3264 x 2448 píxeles,"2,89 MB",OVINOS || IDENTIDAD TERRITORIAL || PRODUCCIÓN ARTESANAL || LANA || TEXTIL || PRODUCTOS || COMPETITIVIDAD,Fotografías,Consultorías,iag,COC-2016-0429,Victoria,Convocatoria Nacional 2016 Consultorías para la innovación,Procesos Innovadores,Región de La Araucanía,General para rubro Ovinos de lana [General para rubro Ovinos de lana],Consultoría COC-2016-0429,Sistemas productivos intensivos,"Esta fotografía está asociada a la Consultoría COC-2016-0429 “Mejorando la competitividad de la cadena de valor ovina a través de la innovación en la intervención y transformación del proceso productivo artesanal de la lana, asociada a la elaboración de textilería con identidad territorial”.",Región de La Araucanía,Malleco,Región de La Araucanía,Región de La Araucanía,Ovinos de lana,Otros productos (elaborados),Textiles,Calidad || Extensión y difusión tecnológica || Gestión || Artesanía / producto artesanal || Manejo productivo
25,COC-2016-0429_120.JPG,Fotografías,Fotografía,Fundación para la Innovación Agraria (FIA),Victoria,2016,1 Fotografía.,imagen/jpg,3264 x 2448 píxeles,"0,96 MB",OVINOS || IDENTIDAD TERRITORIAL || PRODUCCIÓN ARTESANAL || LANA || TEXTIL || PRODUCTOS || COMPETITIVIDAD,Fotografías,Consultorías,iag,COC-2016-0429,Victoria,Convocatoria Nacional 2016 Consultorías para la innovación,Procesos Innovadores,Región de La Araucanía,General para rubro Ovinos de lana [General para rubro Ovinos de lana],Consultoría COC-2016-0429,Sistemas productivos intensivos,"Esta fotografía está asociada a la Consultoría COC-2016-0429 “Mejorando la competitividad de la cadena de valor ovina a través de la innovación en la intervención y transformación del proceso productivo artesanal de la lana, asociada a la elaboración de textilería con identidad territorial”.",Región de La Araucanía,Malleco,Región de La Araucanía,Región de La Araucanía,Ovinos de lana,Otros productos (elaborados),Textiles,Calidad || Extensión y difusión tecnológica || Gestión || Artesanía / producto artesanal || Manejo productivo
26,COC-2016-0429_121.JPG,Fotografías,Fotografía,Fundación para la Innovación Agraria (FIA),Victoria,2016,1 Fotografía.,imagen/jpg,3264 x 2448 píxeles,"1,38 MB",OVINOS || IDENTIDAD TERRITORIAL || PRODUCCIÓN ARTESANAL || LANA || TEXTIL || PRODUCTOS || COMPETITIVIDAD,Fotografías,Consultorías,iag,COC-2016-0429,Victoria,Convocatoria Nacional 2016 Consultorías para la innovación,Procesos Innovadores,Región de La Araucanía,General para rubro Ovinos de lana [General para rubro Ovinos de lana],Consultoría COC-2016-0429,Sistemas productivos intensivos,"Esta fotografía está asociada a la Consultoría COC-2016-0429 “Mejorando la competitividad de la cadena de valor ovina a través de la innovación en la intervención y transformación del proceso productivo artesanal de la lana, asociada a la elaboración de textilería con identidad territorial”.",Región de La Araucanía,Malleco,Región de La Araucanía,Región de La Araucanía,Ovinos de lana,Otros productos (elaborados),Textiles,Calidad || Extensión y difusión tecnológica || Gestión || Artesanía / producto artesanal || Manejo productivo
27,COC-2016-0429_122.JPG,Fotografías,Fotografía,Fundación para la Innovación Agraria (FIA),Victoria,2016,1 Fotografía.,imagen/jpg,3264 x 2448 píxeles,"1,02 MB",OVINOS || IDENTIDAD TERRITORIAL || PRODUCCIÓN ARTESANAL || LANA || TEXTIL || PRODUCTOS || COMPETITIVIDAD,Fotografías,Consultorías,iag,COC-2016-0429,Victoria,Convocatoria Nacional 2016 Consultorías para la innovación,Procesos Innovadores,Región de La Araucanía,General para rubro Ovinos de lana [General para rubro Ovinos de lana],Consultoría COC-2016-0429,Sistemas productivos intensivos,"Esta fotografía está asociada a la Consultoría COC-2016-0429 “Mejorando la competitividad de la cadena de valor ovina a través de la innovación en la intervención y transformación del proceso productivo artesanal de la lana, asociada a la elaboración de textilería con identidad territorial”.",Región de La Araucanía,Malleco,Región de La Araucanía,Región de La Araucanía,Ovinos de lana,Otros productos (elaborados),Textiles,Calidad || Extensión y difusión tecnológica || Gestión || Artesanía / producto artesanal || Manejo productivo
28,COC-2016-0429_123.JPG,Fotografías,Fotografía,Fundación para la Innovación Agraria (FIA),Victoria,2016,1 Fotografía.,imagen/jpg,3264 x 2448 píxeles,"1,70 MB",OVINOS || IDENTIDAD TERRITORIAL || PRODUCCIÓN ARTESANAL || LANA || TEXTIL || PRODUCTOS || COMPETITIVIDAD,Fotografías,Consultorías,iag,COC-2016-0429,Victoria,Convocatoria Nacional 2016 Consultorías para la innovación,Procesos Innovadores,Región de La Araucanía,General para rubro Ovinos de lana [General para rubro Ovinos de lana],Consultoría COC-2016-0429,Sistemas productivos intensivos,"Esta fotografía está asociada a la Consultoría COC-2016-0429 “Mejorando la competitividad de la cadena de valor ovina a través de la innovación en la intervención y transformación del proceso productivo artesanal de la lana, asociada a la elaboración de textilería con identidad territorial”.",Región de La Araucanía,Malleco,Región de La Araucanía,Región de La Araucanía,Ovinos de lana,Otros productos (elaborados),Textiles,Calidad || Extensión y difusión tecnológica || Gestión || Artesanía / producto artesanal || Manejo productivo
29,COC-2016-0429_124.JPG,Fotografías,Fotografía,Fundación para la Innovación Agraria (FIA),Victoria,2016,1 Fotografía.,imagen/jpg,3264 x 2448 píxeles,"1,20 MB",OVINOS || IDENTIDAD TERRITORIAL || PRODUCCIÓN ARTESANAL || LANA || TEXTIL || PRODUCTOS || COMPETITIVIDAD,Fotografías,Consultorías,iag,COC-2016-0429,Victoria,Convocatoria Nacional 2016 Consultorías para la innovación,Procesos Innovadores,Región de La Araucanía,General para rubro Ovinos de lana [General para rubro Ovinos de lana],Consultoría COC-2016-0429,Sistemas productivos intensivos,"Esta fotografía está asociada a la Consultoría COC-2016-0429 “Mejorando la competitividad de la cadena de valor ovina a través de la innovación en la intervención y transformación del proceso productivo artesanal de la lana, asociada a la elaboración de textilería con identidad territorial”.",Región de La Araucanía,Malleco,Región de La Araucanía,Región de La Araucanía,Ovinos de lana,Otros productos (elaborados),Textiles,Calidad || Extensión y difusión tecnológica || Gestión || Artesanía / producto artesanal || Manejo productivo
30,COC-2016-0429_125.JPG,Fotografías,Fotografía,Fundación para la Innovación Agraria (FIA),Victoria,2016,1 Fotografía.,imagen/jpg,3264 x 2448 píxeles,"1,56 MB",OVINOS || IDENTIDAD TERRITORIAL || PRODUCCIÓN ARTESANAL || LANA || TEXTIL || PRODUCTOS || COMPETITIVIDAD,Fotografías,Consultorías,iag,COC-2016-0429,Victoria,Convocatoria Nacional 2016 Consultorías para la innovación,Procesos Innovadores,Región de La Araucanía,General para rubro Ovinos de lana [General para rubro Ovinos de lana],Consultoría COC-2016-0429,Sistemas productivos intensivos,"Esta fotografía está asociada a la Consultoría COC-2016-0429 “Mejorando la competitividad de la cadena de valor ovina a través de la innovación en la intervención y transformación del proceso productivo artesanal de la lana, asociada a la elaboración de textilería con identidad territorial”.",Región de La Araucanía,Malleco,Región de La Araucanía,Región de La Araucanía,Ovinos de lana,Otros productos (elaborados),Textiles,Calidad || Extensión y difusión tecnológica || Gestión || Artesanía / producto artesanal || Manejo productivo
31,COC-2016-0429_126.JPG,Fotografías,Fotografía,Fundación para la Innovación Agraria (FIA),Victoria,2016,1 Fotografía.,imagen/jpg,3264 x 2448 píxeles,"1,39 MB",OVINOS || IDENTIDAD TERRITORIAL || PRODUCCIÓN ARTESANAL || LANA || TEXTIL || PRODUCTOS || COMPETITIVIDAD,Fotografías,Consultorías,iag,COC-2016-0429,Victoria,Convocatoria Nacional 2016 Consultorías para la innovación,Procesos Innovadores,Región de La Araucanía,General para rubro Ovinos de lana [General para rubro Ovinos de lana],Consultoría COC-2016-0429,Sistemas productivos intensivos,"Esta fotografía está asociada a la Consultoría COC-2016-0429 “Mejorando la competitividad de la cadena de valor ovina a través de la innovación en la intervención y transformación del proceso productivo artesanal de la lana, asociada a la elaboración de textilería con identidad territorial”.",Región de La Araucanía,Malleco,Región de La Araucanía,Región de La Araucanía,Ovinos de lana,Otros productos (elaborados),Textiles,Calidad || Extensión y difusión tecnológica || Gestión || Artesanía / producto artesanal || Manejo productivo
32,COC-2016-0429_127.JPG,Fotografías,Fotografía,Fundación para la Innovación Agraria (FIA),Victoria,2016,1 Fotografía.,imagen/jpg,3264 x 2448 píxeles,"1,26 MB",OVINOS || IDENTIDAD TERRITORIAL || PRODUCCIÓN ARTESANAL || LANA || TEXTIL || PRODUCTOS || COMPETITIVIDAD,Fotografías,Consultorías,iag,COC-2016-0429,Victoria,Convocatoria Nacional 2016 Consultorías para la innovación,Procesos Innovadores,Región de La Araucanía,General para rubro Ovinos de lana [General para rubro Ovinos de lana],Consultoría COC-2016-0429,Sistemas productivos intensivos,"Esta fotografía está asociada a la Consultoría COC-2016-0429 “Mejorando la competitividad de la cadena de valor ovina a través de la innovación en la intervención y transformación del proceso productivo artesanal de la lana, asociada a la elaboración de textilería con identidad territorial”.",Región de La Araucanía,Malleco,Región de La Araucanía,Región de La Araucanía,Ovinos de lana,Otros productos (elaborados),Textiles,Calidad || Extensión y difusión tecnológica || Gestión || Artesanía / producto artesanal || Manejo productivo
33,COC-2016-0429_128.JPG,Fotografías,Fotografía,Fundación para la Innovación Agraria (FIA),Victoria,2016,1 Fotografía.,imagen/jpg,3264 x 2448 píxeles,"1,68 MB",OVINOS || IDENTIDAD TERRITORIAL || PRODUCCIÓN ARTESANAL || LANA || TEXTIL || PRODUCTOS || COMPETITIVIDAD,Fotografías,Consultorías,iag,COC-2016-0429,Victoria,Convocatoria Nacional 2016 Consultorías para la innovación,Procesos Innovadores,Región de La Araucanía,General para rubro Ovinos de lana [General para rubro Ovinos de lana],Consultoría COC-2016-0429,Sistemas productivos intensivos,"Esta fotografía está asociada a la Consultoría COC-2016-0429 “Mejorando la competitividad de la cadena de valor ovina a través de la innovación en la intervención y transformación del proceso productivo artesanal de la lana, asociada a la elaboración de textilería con identidad territorial”.",Región de La Araucanía,Malleco,Región de La Araucanía,Región de La Araucanía,Ovinos de lana,Otros productos (elaborados),Textiles,Calidad || Extensión y difusión tecnológica || Gestión || Artesanía / producto artesanal || Manejo productivo
34,COC-2016-0429_129.JPG,Fotografías,Fotografía,Fundación para la Innovación Agraria (FIA),Victoria,2016,1 Fotografía.,imagen/jpg,3264 x 2448 píxeles,"2,04 MB",OVINOS || IDENTIDAD TERRITORIAL || PRODUCCIÓN ARTESANAL || LANA || TEXTIL || PRODUCTOS || COMPETITIVIDAD,Fotografías,Consultorías,iag,COC-2016-0429,Victoria,Convocatoria Nacional 2016 Consultorías para la innovación,Procesos Innovadores,Región de La Araucanía,General para rubro Ovinos de lana [General para rubro Ovinos de lana],Consultoría COC-2016-0429,Sistemas productivos intensivos,"Esta fotografía está asociada a la Consultoría COC-2016-0429 “Mejorando la competitividad de la cadena de valor ovina a través de la innovación en la intervención y transformación del proceso productivo artesanal de la lana, asociada a la elaboración de textilería con identidad territorial”.",Región de La Araucanía,Malleco,Región de La Araucanía,Región de La Araucanía,Ovinos de lana,Otros productos (elaborados),Textiles,Calidad || Extensión y difusión tecnológica || Gestión || Artesanía / producto artesanal || Manejo productivo
35,COC-2016-0429_13.JPG,Fotografías,Fotografía,Fundación para la Innovación Agraria (FIA),Victoria,2016,1 Fotografía.,imagen/jpg,3264 x 2448 píxeles,"2,60 MB",OVINOS || IDENTIDAD TERRITORIAL || PRODUCCIÓN ARTESANAL || LANA || TEXTIL || PRODUCTOS || COMPETITIVIDAD,Fotografías,Consultorías,iag,COC-2016-0429,Victoria,Convocatoria Nacional 2016 Consultorías para la innovación,Procesos Innovadores,Región de La Araucanía,General para rubro Ovinos de lana [General para rubro Ovinos de lana],Consultoría COC-2016-0429,Sistemas productivos intensivos,"Esta fotografía está asociada a la Consultoría COC-2016-0429 “Mejorando la competitividad de la cadena de valor ovina a través de la innovación en la intervención y transformación del proceso productivo artesanal de la lana, asociada a la elaboración de textilería con identidad territorial”.",Región de La Araucanía,Malleco,Región de La Araucanía,Región de La Araucanía,Ovinos de lana,Otros productos (elaborados),Textiles,Calidad || Extensión y difusión tecnológica || Gestión || Artesanía / producto artesanal || Manejo productivo
36,COC-2016-0429_130.JPG,Fotografías,Fotografía,Fundación para la Innovación Agraria (FIA),Victoria,2016,1 Fotografía.,imagen/jpg,3264 x 2448 píxeles,"1,58 MB",OVINOS || IDENTIDAD TERRITORIAL || PRODUCCIÓN ARTESANAL || LANA || TEXTIL || PRODUCTOS || COMPETITIVIDAD,Fotografías,Consultorías,iag,COC-2016-0429,Victoria,Convocatoria Nacional 2016 Consultorías para la innovación,Procesos Innovadores,Región de La Araucanía,General para rubro Ovinos de lana [General para rubro Ovinos de lana],Consultoría COC-2016-0429,Sistemas productivos intensivos,"Esta fotografía está asociada a la Consultoría COC-2016-0429 “Mejorando la competitividad de la cadena de valor ovina a través de la innovación en la intervención y transformación del proceso productivo artesanal de la lana, asociada a la elaboración de textilería con identidad territorial”.",Región de La Araucanía,Malleco,Región de La Araucanía,Región de La Araucanía,Ovinos de lana,Otros productos (elaborados),Textiles,Calidad || Extensión y difusión tecnológica || Gestión || Artesanía / producto artesanal || Manejo productivo
37,COC-2016-0429_131.JPG,Fotografías,Fotografía,Fundación para la Innovación Agraria (FIA),Victoria,2016,1 Fotografía.,imagen/jpg,3264 x 2448 píxeles,"1,83 MB",OVINOS || IDENTIDAD TERRITORIAL || PRODUCCIÓN ARTESANAL || LANA || TEXTIL || PRODUCTOS || COMPETITIVIDAD,Fotografías,Consultorías,iag,COC-2016-0429,Victoria,Convocatoria Nacional 2016 Consultorías para la innovación,Procesos Innovadores,Región de La Araucanía,General para rubro Ovinos de lana [General para rubro Ovinos de lana],Consultoría COC-2016-0429,Sistemas productivos intensivos,"Esta fotografía está asociada a la Consultoría COC-2016-0429 “Mejorando la competitividad de la cadena de valor ovina a través de la innovación en la intervención y transformación del proceso productivo artesanal de la lana, asociada a la elaboración de textilería con identidad territorial”.",Región de La Araucanía,Malleco,Región de La Araucanía,Región de La Araucanía,Ovinos de lana,Otros productos (elaborados),Textiles,Calidad || Extensión y difusión tecnológica || Gestión || Artesanía / producto artesanal || Manejo productivo
38,COC-2016-0429_132.JPG,Fotografías,Fotografía,Fundación para la Innovación Agraria (FIA),Victoria,2016,1 Fotografía.,imagen/jpg,3264 x 2448 píxeles,"2,10 MB",OVINOS || IDENTIDAD TERRITORIAL || PRODUCCIÓN ARTESANAL || LANA || TEXTIL || PRODUCTOS || COMPETITIVIDAD,Fotografías,Consultorías,iag,COC-2016-0429,Victoria,Convocatoria Nacional 2016 Consultorías para la innovación,Procesos Innovadores,Región de La Araucanía,General para rubro Ovinos de lana [General para rubro Ovinos de lana],Consultoría COC-2016-0429,Sistemas productivos intensivos,"Esta fotografía está asociada a la Consultoría COC-2016-0429 “Mejorando la competitividad de la cadena de valor ovina a través de la innovación en la intervención y transformación del proceso productivo artesanal de la lana, asociada a la elaboración de textilería con identidad territorial”.",Región de La Araucanía,Malleco,Región de La Araucanía,Región de La Araucanía,Ovinos de lana,Otros productos (elaborados),Textiles,Calidad || Extensión y difusión tecnológica || Gestión || Artesanía / producto artesanal || Manejo productivo
39,COC-2016-0429_133.JPG,Fotografías,Fotografía,Fundación para la Innovación Agraria (FIA),Victoria,2016,1 Fotografía.,imagen/jpg,2448 x 3264 píxeles,"1,96 MB",OVINOS || IDENTIDAD TERRITORIAL || PRODUCCIÓN ARTESANAL || LANA || TEXTIL || PRODUCTOS || COMPETITIVIDAD,Fotografías,Consultorías,iag,COC-2016-0429,Victoria,Convocatoria Nacional 2016 Consultorías para la innovación,Procesos Innovadores,Región de La Araucanía,General para rubro Ovinos de lana [General para rubro Ovinos de lana],Consultoría COC-2016-0429,Sistemas productivos intensivos,"Esta fotografía está asociada a la Consultoría COC-2016-0429 “Mejorando la competitividad de la cadena de valor ovina a través de la innovación en la intervención y transformación del proceso productivo artesanal de la lana, asociada a la elaboración de textilería con identidad territorial”.",Región de La Araucanía,Malleco,Región de La Araucanía,Región de La Araucanía,Ovinos de lana,Otros productos (elaborados),Textiles,Calidad || Extensión y difusión tecnológica || Gestión || Artesanía / producto artesanal || Manejo productivo
40,COC-2016-0429_134.JPG,Fotografías,Fotografía,Fundación para la Innovación Agraria (FIA),Victoria,2016,1 Fotografía.,imagen/jpg,3264 x 2448 píxeles,"1,74 MB",OVINOS || IDENTIDAD TERRITORIAL || PRODUCCIÓN ARTESANAL || LANA || TEXTIL || PRODUCTOS || COMPETITIVIDAD,Fotografías,Consultorías,iag,COC-2016-0429,Victoria,Convocatoria Nacional 2016 Consultorías para la innovación,Procesos Innovadores,Región de La Araucanía,General para rubro Ovinos de lana [General para rubro Ovinos de lana],Consultoría COC-2016-0429,Sistemas productivos intensivos,"Esta fotografía está asociada a la Consultoría COC-2016-0429 “Mejorando la competitividad de la cadena de valor ovina a través de la innovación en la intervención y transformación del proceso productivo artesanal de la lana, asociada a la elaboración de textilería con identidad territorial”.",Región de La Araucanía,Malleco,Región de La Araucanía,Región de La Araucanía,Ovinos de lana,Otros productos (elaborados),Textiles,Calidad || Extensión y difusión tecnológica || Gestión || Artesanía / producto artesanal || Manejo productivo
41,COC-2016-0429_135.JPG,Fotografías,Fotografía,Fundación para la Innovación Agraria (FIA),Victoria,2016,1 Fotografía.,imagen/jpg,3264 x 2448 píxeles,"2,16 MB",OVINOS || IDENTIDAD TERRITORIAL || PRODUCCIÓN ARTESANAL || LANA || TEXTIL || PRODUCTOS || COMPETITIVIDAD,Fotografías,Consultorías,iag,COC-2016-0429,Victoria,Convocatoria Nacional 2016 Consultorías para la innovación,Procesos Innovadores,Región de La Araucanía,General para rubro Ovinos de lana [General para rubro Ovinos de lana],Consultoría COC-2016-0429,Sistemas productivos intensivos,"Esta fotografía está asociada a la Consultoría COC-2016-0429 “Mejorando la competitividad de la cadena de valor ovina a través de la innovación en la intervención y transformación del proceso productivo artesanal de la lana, asociada a la elaboración de textilería con identidad territorial”.",Región de La Araucanía,Malleco,Región de La Araucanía,Región de La Araucanía,Ovinos de lana,Otros productos (elaborados),Textiles,Calidad || Extensión y difusión tecnológica || Gestión || Artesanía / producto artesanal || Manejo productivo
42,COC-2016-0429_136.JPG,Fotografías,Fotografía,Fundación para la Innovación Agraria (FIA),Victoria,2016,1 Fotografía.,imagen/jpg,3264 x 2448 píxeles,"2,04 MB",OVINOS || IDENTIDAD TERRITORIAL || PRODUCCIÓN ARTESANAL || LANA || TEXTIL || PRODUCTOS || COMPETITIVIDAD,Fotografías,Consultorías,iag,COC-2016-0429,Victoria,Convocatoria Nacional 2016 Consultorías para la innovación,Procesos Innovadores,Región de La Araucanía,General para rubro Ovinos de lana [General para rubro Ovinos de lana],Consultoría COC-2016-0429,Sistemas productivos intensivos,"Esta fotografía está asociada a la Consultoría COC-2016-0429 “Mejorando la competitividad de la cadena de valor ovina a través de la innovación en la intervención y transformación del proceso productivo artesanal de la lana, asociada a la elaboración de textilería con identidad territorial”.",Región de La Araucanía,Malleco,Región de La Araucanía,Región de La Araucanía,Ovinos de lana,Otros productos (elaborados),Textiles,Calidad || Extensión y difusión tecnológica || Gestión || Artesanía / producto artesanal || Manejo productivo
43,COC-2016-0429_137.JPG,Fotografías,Fotografía,Fundación para la Innovación Agraria (FIA),Victoria,2016,1 Fotografía.,imagen/jpg,3264 x 2448 píxeles,"1,91 MB",OVINOS || IDENTIDAD TERRITORIAL || PRODUCCIÓN ARTESANAL || LANA || TEXTIL || PRODUCTOS || COMPETITIVIDAD,Fotografías,Consultorías,iag,COC-2016-0429,Victoria,Convocatoria Nacional 2016 Consultorías para la innovación,Procesos Innovadores,Región de La Araucanía,General para rubro Ovinos de lana [General para rubro Ovinos de lana],Consultoría COC-2016-0429,Sistemas productivos intensivos,"Esta fotografía está asociada a la Consultoría COC-2016-0429 “Mejorando la competitividad de la cadena de valor ovina a través de la innovación en la intervención y transformación del proceso productivo artesanal de la lana, asociada a la elaboración de textilería con identidad territorial”.",Región de La Araucanía,Malleco,Región de La Araucanía,Región de La Araucanía,Ovinos de lana,Otros productos (elaborados),Textiles,Calidad || Extensión y difusión tecnológica || Gestión || Artesanía / producto artesanal || Manejo productivo
44,COC-2016-0429_138.JPG,Fotografías,Fotografía,Fundación para la Innovación Agraria (FIA),Victoria,2016,1 Fotografía.,imagen/jpg,3264 x 2448 píxeles,"2,16 MB",OVINOS || IDENTIDAD TERRITORIAL || PRODUCCIÓN ARTESANAL || LANA || TEXTIL || PRODUCTOS || COMPETITIVIDAD,Fotografías,Consultorías,iag,COC-2016-0429,Victoria,Convocatoria Nacional 2016 Consultorías para la innovación,Procesos Innovadores,Región de La Araucanía,General para rubro Ovinos de lana [General para rubro Ovinos de lana],Consultoría COC-2016-0429,Sistemas productivos intensivos,"Esta fotografía está asociada a la Consultoría COC-2016-0429 “Mejorando la competitividad de la cadena de valor ovina a través de la innovación en la intervención y transformación del proceso productivo artesanal de la lana, asociada a la elaboración de textilería con identidad territorial”.",Región de La Araucanía,Malleco,Región de La Araucanía,Región de La Araucanía,Ovinos de lana,Otros productos (elaborados),Textiles,Calidad || Extensión y difusión tecnológica || Gestión || Artesanía / producto artesanal || Manejo productivo
45,COC-2016-0429_139.JPG,Fotografías,Fotografía,Fundación para la Innovación Agraria (FIA),Victoria,2016,1 Fotografía.,imagen/jpg,3264 x 2448 píxeles,"2,58 MB",OVINOS || IDENTIDAD TERRITORIAL || PRODUCCIÓN ARTESANAL || LANA || TEXTIL || PRODUCTOS || COMPETITIVIDAD,Fotografías,Consultorías,iag,COC-2016-0429,Victoria,Convocatoria Nacional 2016 Consultorías para la innovación,Procesos Innovadores,Región de La Araucanía,General para rubro Ovinos de lana [General para rubro Ovinos de lana],Consultoría COC-2016-0429,Sistemas productivos intensivos,"Esta fotografía está asociada a la Consultoría COC-2016-0429 “Mejorando la competitividad de la cadena de valor ovina a través de la innovación en la intervención y transformación del proceso productivo artesanal de la lana, asociada a la elaboración de textilería con identidad territorial”.",Región de La Araucanía,Malleco,Región de La Araucanía,Región de La Araucanía,Ovinos de lana,Otros productos (elaborados),Textiles,Calidad || Extensión y difusión tecnológica || Gestión || Artesanía / producto artesanal || Manejo productivo
46,COC-2016-0429_14.JPG,Fotografías,Fotografía,Fundación para la Innovación Agraria (FIA),Victoria,2016,1 Fotografía.,imagen/jpg,3264 x 2448 píxeles,"1,88 MB",OVINOS || IDENTIDAD TERRITORIAL || PRODUCCIÓN ARTESANAL || LANA || TEXTIL || PRODUCTOS || COMPETITIVIDAD,Fotografías,Consultorías,iag,COC-2016-0429,Victoria,Convocatoria Nacional 2016 Consultorías para la innovación,Procesos Innovadores,Región de La Araucanía,General para rubro Ovinos de lana [General para rubro Ovinos de lana],Consultoría COC-2016-0429,Sistemas productivos intensivos,"Esta fotografía está asociada a la Consultoría COC-2016-0429 “Mejorando la competitividad de la cadena de valor ovina a través de la innovación en la intervención y transformación del proceso productivo artesanal de la lana, asociada a la elaboración de textilería con identidad territorial”.",Región de La Araucanía,Malleco,Región de La Araucanía,Región de La Araucanía,Ovinos de lana,Otros productos (elaborados),Textiles,Calidad || Extensión y difusión tecnológica || Gestión || Artesanía / producto artesanal || Manejo productivo
47,COC-2016-0429_140.JPG,Fotografías,Fotografía,Fundación para la Innovación Agraria (FIA),Victoria,2016,1 Fotografía.,imagen/jpg,3264 x 2448 píxeles,"2,77 MB",OVINOS || IDENTIDAD TERRITORIAL || PRODUCCIÓN ARTESANAL || LANA || TEXTIL || PRODUCTOS || COMPETITIVIDAD,Fotografías,Consultorías,iag,COC-2016-0429,Victoria,Convocatoria Nacional 2016 Consultorías para la innovación,Procesos Innovadores,Región de La Araucanía,General para rubro Ovinos de lana [General para rubro Ovinos de lana],Consultoría COC-2016-0429,Sistemas productivos intensivos,"Esta fotografía está asociada a la Consultoría COC-2016-0429 “Mejorando la competitividad de la cadena de valor ovina a través de la innovación en la intervención y transformación del proceso productivo artesanal de la lana, asociada a la elaboración de textilería con identidad territorial”.",Región de La Araucanía,Malleco,Región de La Araucanía,Región de La Araucanía,Ovinos de lana,Otros productos (elaborados),Textiles,Calidad || Extensión y difusión tecnológica || Gestión || Artesanía / producto artesanal || Manejo productivo
48,COC-2016-0429_141.JPG,Fotografías,Fotografía,Fundación para la Innovación Agraria (FIA),Victoria,2016,1 Fotografía.,imagen/jpg,3264 x 2448 píxeles,"2,91 MB",OVINOS || IDENTIDAD TERRITORIAL || PRODUCCIÓN ARTESANAL || LANA || TEXTIL || PRODUCTOS || COMPETITIVIDAD,Fotografías,Consultorías,iag,COC-2016-0429,Victoria,Convocatoria Nacional 2016 Consultorías para la innovación,Procesos Innovadores,Región de La Araucanía,General para rubro Ovinos de lana [General para rubro Ovinos de lana],Consultoría COC-2016-0429,Sistemas productivos intensivos,"Esta fotografía está asociada a la Consultoría COC-2016-0429 “Mejorando la competitividad de la cadena de valor ovina a través de la innovación en la intervención y transformación del proceso productivo artesanal de la lana, asociada a la elaboración de textilería con identidad territorial”.",Región de La Araucanía,Malleco,Región de La Araucanía,Región de La Araucanía,Ovinos de lana,Otros productos (elaborados),Textiles,Calidad || Extensión y difusión tecnológica || Gestión || Artesanía / producto artesanal || Manejo productivo
49,COC-2016-0429_142.JPG,Fotografías,Fotografía,Fundación para la Innovación Agraria (FIA),Victoria,2016,1 Fotografía.,imagen/jpg,3264 x 2448 píxeles,"2,78 MB",OVINOS || IDENTIDAD TERRITORIAL || PRODUCCIÓN ARTESANAL || LANA || TEXTIL || PRODUCTOS || COMPETITIVIDAD,Fotografías,Consultorías,iag,COC-2016-0429,Victoria,Convocatoria Nacional 2016 Consultorías para la innovación,Procesos Innovadores,Región de La Araucanía,General para rubro Ovinos de lana [General para rubro Ovinos de lana],Consultoría COC-2016-0429,Sistemas productivos intensivos,"Esta fotografía está asociada a la Consultoría COC-2016-0429 “Mejorando la competitividad de la cadena de valor ovina a través de la innovación en la intervención y transformación del proceso productivo artesanal de la lana, asociada a la elaboración de textilería con identidad territorial”.",Región de La Araucanía,Malleco,Región de La Araucanía,Región de La Araucanía,Ovinos de lana,Otros productos (elaborados),Textiles,Calidad || Extensión y difusión tecnológica || Gestión || Artesanía / producto artesanal || Manejo productivo
50,COC-2016-0429_143.JPG,Fotografías,Fotografía,Fundación para la Innovación Agraria (FIA),Victoria,2016,1 Fotografía.,imagen/jpg,3264 x 2448 píxeles,"1,98 MB",OVINOS || IDENTIDAD TERRITORIAL || PRODUCCIÓN ARTESANAL || LANA || TEXTIL || PRODUCTOS || COMPETITIVIDAD,Fotografías,Consultorías,iag,COC-2016-0429,Victoria,Convocatoria Nacional 2016 Consultorías para la innovación,Procesos Innovadores,Región de La Araucanía,General para rubro Ovinos de lana [General para rubro Ovinos de lana],Consultoría COC-2016-0429,Sistemas productivos intensivos,"Esta fotografía está asociada a la Consultoría COC-2016-0429 “Mejorando la competitividad de la cadena de valor ovina a través de la innovación en la intervención y transformación del proceso productivo artesanal de la lana, asociada a la elaboración de textilería con identidad territorial”.",Región de La Araucanía,Malleco,Región de La Araucanía,Región de La Araucanía,Ovinos de lana,Otros productos (elaborados),Textiles,Calidad || Extensión y difusión tecnológica || Gestión || Artesanía / producto artesanal || Manejo productivo
51,COC-2016-0429_144.JPG,Fotografías,Fotografía,Fundación para la Innovación Agraria (FIA),Victoria,2016,1 Fotografía.,imagen/jpg,3264 x 2448 píxeles,"1,80 MB",OVINOS || IDENTIDAD TERRITORIAL || PRODUCCIÓN ARTESANAL || LANA || TEXTIL || PRODUCTOS || COMPETITIVIDAD,Fotografías,Consultorías,iag,COC-2016-0429,Victoria,Convocatoria Nacional 2016 Consultorías para la innovación,Procesos Innovadores,Región de La Araucanía,General para rubro Ovinos de lana [General para rubro Ovinos de lana],Consultoría COC-2016-0429,Sistemas productivos intensivos,"Esta fotografía está asociada a la Consultoría COC-2016-0429 “Mejorando la competitividad de la cadena de valor ovina a través de la innovación en la intervención y transformación del proceso productivo artesanal de la lana, asociada a la elaboración de textilería con identidad territorial”.",Región de La Araucanía,Malleco,Región de La Araucanía,Región de La Araucanía,Ovinos de lana,Otros productos (elaborados),Textiles,Calidad || Extensión y difusión tecnológica || Gestión || Artesanía / producto artesanal || Manejo productivo
52,COC-2016-0429_145.JPG,Fotografías,Fotografía,Fundación para la Innovación Agraria (FIA),Victoria,2016,1 Fotografía.,imagen/jpg,3264 x 2448 píxeles,"1,88 MB",OVINOS || IDENTIDAD TERRITORIAL || PRODUCCIÓN ARTESANAL || LANA || TEXTIL || PRODUCTOS || COMPETITIVIDAD,Fotografías,Consultorías,iag,COC-2016-0429,Victoria,Convocatoria Nacional 2016 Consultorías para la innovación,Procesos Innovadores,Región de La Araucanía,General para rubro Ovinos de lana [General para rubro Ovinos de lana],Consultoría COC-2016-0429,Sistemas productivos intensivos,"Esta fotografía está asociada a la Consultoría COC-2016-0429 “Mejorando la competitividad de la cadena de valor ovina a través de la innovación en la intervención y transformación del proceso productivo artesanal de la lana, asociada a la elaboración de textilería con identidad territorial”.",Región de La Araucanía,Malleco,Región de La Araucanía,Región de La Araucanía,Ovinos de lana,Otros productos (elaborados),Textiles,Calidad || Extensión y difusión tecnológica || Gestión || Artesanía / producto artesanal || Manejo productivo
53,COC-2016-0429_146.JPG,Fotografías,Fotografía,Fundación para la Innovación Agraria (FIA),Victoria,2016,1 Fotografía.,imagen/jpg,3264 x 2448 píxeles,"2,71 MB",OVINOS || IDENTIDAD TERRITORIAL || PRODUCCIÓN ARTESANAL || LANA || TEXTIL || PRODUCTOS || COMPETITIVIDAD,Fotografías,Consultorías,iag,COC-2016-0429,Victoria,Convocatoria Nacional 2016 Consultorías para la innovación,Procesos Innovadores,Región de La Araucanía,General para rubro Ovinos de lana [General para rubro Ovinos de lana],Consultoría COC-2016-0429,Sistemas productivos intensivos,"Esta fotografía está asociada a la Consultoría COC-2016-0429 “Mejorando la competitividad de la cadena de valor ovina a través de la innovación en la intervención y transformación del proceso productivo artesanal de la lana, asociada a la elaboración de textilería con identidad territorial”.",Región de La Araucanía,Malleco,Región de La Araucanía,Región de La Araucanía,Ovinos de lana,Otros productos (elaborados),Textiles,Calidad || Extensión y difusión tecnológica || Gestión || Artesanía / producto artesanal || Manejo productivo
54,COC-2016-0429_147.JPG,Fotografías,Fotografía,Fundación para la Innovación Agraria (FIA),Victoria,2016,1 Fotografía.,imagen/jpg,3264 x 2448 píxeles,"1,67 MB",OVINOS || IDENTIDAD TERRITORIAL || PRODUCCIÓN ARTESANAL || LANA || TEXTIL || PRODUCTOS || COMPETITIVIDAD,Fotografías,Consultorías,iag,COC-2016-0429,Victoria,Convocatoria Nacional 2016 Consultorías para la innovación,Procesos Innovadores,Región de La Araucanía,General para rubro Ovinos de lana [General para rubro Ovinos de lana],Consultoría COC-2016-0429,Sistemas productivos intensivos,"Esta fotografía está asociada a la Consultoría COC-2016-0429 “Mejorando la competitividad de la cadena de valor ovina a través de la innovación en la intervención y transformación del proceso productivo artesanal de la lana, asociada a la elaboración de textilería con identidad territorial”.",Región de La Araucanía,Malleco,Región de La Araucanía,Región de La Araucanía,Ovinos de lana,Otros productos (elaborados),Textiles,Calidad || Extensión y difusión tecnológica || Gestión || Artesanía / producto artesanal || Manejo productivo
55,COC-2016-0429_148.JPG,Fotografías,Fotografía,Fundación para la Innovación Agraria (FIA),Victoria,2016,1 Fotografía.,imagen/jpg,3264 x 2448 píxeles,"2,59 MB",OVINOS || IDENTIDAD TERRITORIAL || PRODUCCIÓN ARTESANAL || LANA || TEXTIL || PRODUCTOS || COMPETITIVIDAD,Fotografías,Consultorías,iag,COC-2016-0429,Victoria,Convocatoria Nacional 2016 Consultorías para la innovación,Procesos Innovadores,Región de La Araucanía,General para rubro Ovinos de lana [General para rubro Ovinos de lana],Consultoría COC-2016-0429,Sistemas productivos intensivos,"Esta fotografía está asociada a la Consultoría COC-2016-0429 “Mejorando la competitividad de la cadena de valor ovina a través de la innovación en la intervención y transformación del proceso productivo artesanal de la lana, asociada a la elaboración de textilería con identidad territorial”.",Región de La Araucanía,Malleco,Región de La Araucanía,Región de La Araucanía,Ovinos de lana,Otros productos (elaborados),Textiles,Calidad || Extensión y difusión tecnológica || Gestión || Artesanía / producto artesanal || Manejo productivo
56,COC-2016-0429_149.JPG,Fotografías,Fotografía,Fundación para la Innovación Agraria (FIA),Victoria,2016,1 Fotografía.,imagen/jpg,3264 x 2448 píxeles,"1,97 MB",OVINOS || IDENTIDAD TERRITORIAL || PRODUCCIÓN ARTESANAL || LANA || TEXTIL || PRODUCTOS || COMPETITIVIDAD,Fotografías,Consultorías,iag,COC-2016-0429,Victoria,Convocatoria Nacional 2016 Consultorías para la innovación,Procesos Innovadores,Región de La Araucanía,General para rubro Ovinos de lana [General para rubro Ovinos de lana],Consultoría COC-2016-0429,Sistemas productivos intensivos,"Esta fotografía está asociada a la Consultoría COC-2016-0429 “Mejorando la competitividad de la cadena de valor ovina a través de la innovación en la intervención y transformación del proceso productivo artesanal de la lana, asociada a la elaboración de textilería con identidad territorial”.",Región de La Araucanía,Malleco,Región de La Araucanía,Región de La Araucanía,Ovinos de lana,Otros productos (elaborados),Textiles,Calidad || Extensión y difusión tecnológica || Gestión || Artesanía / producto artesanal || Manejo productivo
57,COC-2016-0429_15.JPG,Fotografías,Fotografía,Fundación para la Innovación Agraria (FIA),Victoria,2016,1 Fotografía.,imagen/jpg,3264 x 2448 píxeles,"2,15 MB",OVINOS || IDENTIDAD TERRITORIAL || PRODUCCIÓN ARTESANAL || LANA || TEXTIL || PRODUCTOS || COMPETITIVIDAD,Fotografías,Consultorías,iag,COC-2016-0429,Victoria,Convocatoria Nacional 2016 Consultorías para la innovación,Procesos Innovadores,Región de La Araucanía,General para rubro Ovinos de lana [General para rubro Ovinos de lana],Consultoría COC-2016-0429,Sistemas productivos intensivos,"Esta fotografía está asociada a la Consultoría COC-2016-0429 “Mejorando la competitividad de la cadena de valor ovina a través de la innovación en la intervención y transformación del proceso productivo artesanal de la lana, asociada a la elaboración de textilería con identidad territorial”.",Región de La Araucanía,Malleco,Región de La Araucanía,Región de La Araucanía,Ovinos de lana,Otros productos (elaborados),Textiles,Calidad || Extensión y difusión tecnológica || Gestión || Artesanía / producto artesanal || Manejo productivo
58,COC-2016-0429_150.JPG,Fotografías,Fotografía,Fundación para la Innovación Agraria (FIA),Victoria,2016,1 Fotografía.,imagen/jpg,3264 x 2448 píxeles,"2,73 MB",OVINOS || IDENTIDAD TERRITORIAL || PRODUCCIÓN ARTESANAL || LANA || TEXTIL || PRODUCTOS || COMPETITIVIDAD,Fotografías,Consultorías,iag,COC-2016-0429,Victoria,Convocatoria Nacional 2016 Consultorías para la innovación,Procesos Innovadores,Región de La Araucanía,General para rubro Ovinos de lana [General para rubro Ovinos de lana],Consultoría COC-2016-0429,Sistemas productivos intensivos,"Esta fotografía está asociada a la Consultoría COC-2016-0429 “Mejorando la competitividad de la cadena de valor ovina a través de la innovación en la intervención y transformación del proceso productivo artesanal de la lana, asociada a la elaboración de textilería con identidad territorial”.",Región de La Araucanía,Malleco,Región de La Araucanía,Región de La Araucanía,Ovinos de lana,Otros productos (elaborados),Textiles,Calidad || Extensión y difusión tecnológica || Gestión || Artesanía / producto artesanal || Manejo productivo
59,COC-2016-0429_151.JPG,Fotografías,Fotografía,Fundación para la Innovación Agraria (FIA),Victoria,2016,1 Fotografía.,imagen/jpg,3264 x 2448 píxeles,"2,32 MB",OVINOS || IDENTIDAD TERRITORIAL || PRODUCCIÓN ARTESANAL || LANA || TEXTIL || PRODUCTOS || COMPETITIVIDAD,Fotografías,Consultorías,iag,COC-2016-0429,Victoria,Convocatoria Nacional 2016 Consultorías para la innovación,Procesos Innovadores,Región de La Araucanía,General para rubro Ovinos de lana [General para rubro Ovinos de lana],Consultoría COC-2016-0429,Sistemas productivos intensivos,"Esta fotografía está asociada a la Consultoría COC-2016-0429 “Mejorando la competitividad de la cadena de valor ovina a través de la innovación en la intervención y transformación del proceso productivo artesanal de la lana, asociada a la elaboración de textilería con identidad territorial”.",Región de La Araucanía,Malleco,Región de La Araucanía,Región de La Araucanía,Ovinos de lana,Otros productos (elaborados),Textiles,Calidad || Extensión y difusión tecnológica || Gestión || Artesanía / producto artesanal || Manejo productivo
60,COC-2016-0429_152.JPG,Fotografías,Fotografía,Fundación para la Innovación Agraria (FIA),Victoria,2016,1 Fotografía.,imagen/jpg,3264 x 2448 píxeles,"2,06 MB",OVINOS || IDENTIDAD TERRITORIAL || PRODUCCIÓN ARTESANAL || LANA || TEXTIL || PRODUCTOS || COMPETITIVIDAD,Fotografías,Consultorías,iag,COC-2016-0429,Victoria,Convocatoria Nacional 2016 Consultorías para la innovación,Procesos Innovadores,Región de La Araucanía,General para rubro Ovinos de lana [General para rubro Ovinos de lana],Consultoría COC-2016-0429,Sistemas productivos intensivos,"Esta fotografía está asociada a la Consultoría COC-2016-0429 “Mejorando la competitividad de la cadena de valor ovina a través de la innovación en la intervención y transformación del proceso productivo artesanal de la lana, asociada a la elaboración de textilería con identidad territorial”.",Región de La Araucanía,Malleco,Región de La Araucanía,Región de La Araucanía,Ovinos de lana,Otros productos (elaborados),Textiles,Calidad || Extensión y difusión tecnológica || Gestión || Artesanía / producto artesanal || Manejo productivo
61,COC-2016-0429_153.JPG,Fotografías,Fotografía,Fundación para la Innovación Agraria (FIA),Victoria,2016,1 Fotografía.,imagen/jpg,3264 x 2448 píxeles,"2,04 MB",OVINOS || IDENTIDAD TERRITORIAL || PRODUCCIÓN ARTESANAL || LANA || TEXTIL || PRODUCTOS || COMPETITIVIDAD,Fotografías,Consultorías,iag,COC-2016-0429,Victoria,Convocatoria Nacional 2016 Consultorías para la innovación,Procesos Innovadores,Región de La Araucanía,General para rubro Ovinos de lana [General para rubro Ovinos de lana],Consultoría COC-2016-0429,Sistemas productivos intensivos,"Esta fotografía está asociada a la Consultoría COC-2016-0429 “Mejorando la competitividad de la cadena de valor ovina a través de la innovación en la intervención y transformación del proceso productivo artesanal de la lana, asociada a la elaboración de textilería con identidad territorial”.",Región de La Araucanía,Malleco,Región de La Araucanía,Región de La Araucanía,Ovinos de lana,Otros productos (elaborados),Textiles,Calidad || Extensión y difusión tecnológica || Gestión || Artesanía / producto artesanal || Manejo productivo
62,COC-2016-0429_154.JPG,Fotografías,Fotografía,Fundación para la Innovación Agraria (FIA),Victoria,2016,1 Fotografía.,imagen/jpg,3264 x 2448 píxeles,"2,27 MB",OVINOS || IDENTIDAD TERRITORIAL || PRODUCCIÓN ARTESANAL || LANA || TEXTIL || PRODUCTOS || COMPETITIVIDAD,Fotografías,Consultorías,iag,COC-2016-0429,Victoria,Convocatoria Nacional 2016 Consultorías para la innovación,Procesos Innovadores,Región de La Araucanía,General para rubro Ovinos de lana [General para rubro Ovinos de lana],Consultoría COC-2016-0429,Sistemas productivos intensivos,"Esta fotografía está asociada a la Consultoría COC-2016-0429 “Mejorando la competitividad de la cadena de valor ovina a través de la innovación en la intervención y transformación del proceso productivo artesanal de la lana, asociada a la elaboración de textilería con identidad territorial”.",Región de La Araucanía,Malleco,Región de La Araucanía,Región de La Araucanía,Ovinos de lana,Otros productos (elaborados),Textiles,Calidad || Extensión y difusión tecnológica || Gestión || Artesanía / producto artesanal || Manejo productivo
63,COC-2016-0429_155.JPG,Fotografías,Fotografía,Fundación para la Innovación Agraria (FIA),Victoria,2016,1 Fotografía.,imagen/jpg,3264 x 2448 píxeles,"2,56 MB",OVINOS || IDENTIDAD TERRITORIAL || PRODUCCIÓN ARTESANAL || LANA || TEXTIL || PRODUCTOS || COMPETITIVIDAD,Fotografías,Consultorías,iag,COC-2016-0429,Victoria,Convocatoria Nacional 2016 Consultorías para la innovación,Procesos Innovadores,Región de La Araucanía,General para rubro Ovinos de lana [General para rubro Ovinos de lana],Consultoría COC-2016-0429,Sistemas productivos intensivos,"Esta fotografía está asociada a la Consultoría COC-2016-0429 “Mejorando la competitividad de la cadena de valor ovina a través de la innovación en la intervención y transformación del proceso productivo artesanal de la lana, asociada a la elaboración de textilería con identidad territorial”.",Región de La Araucanía,Malleco,Región de La Araucanía,Región de La Araucanía,Ovinos de lana,Otros productos (elaborados),Textiles,Calidad || Extensión y difusión tecnológica || Gestión || Artesanía / producto artesanal || Manejo productivo
64,COC-2016-0429_156.JPG,Fotografías,Fotografía,Fundación para la Innovación Agraria (FIA),Victoria,2016,1 Fotografía.,imagen/jpg,3264 x 2448 píxeles,"2,31 MB",OVINOS || IDENTIDAD TERRITORIAL || PRODUCCIÓN ARTESANAL || LANA || TEXTIL || PRODUCTOS || COMPETITIVIDAD,Fotografías,Consultorías,iag,COC-2016-0429,Victoria,Convocatoria Nacional 2016 Consultorías para la innovación,Procesos Innovadores,Región de La Araucanía,General para rubro Ovinos de lana [General para rubro Ovinos de lana],Consultoría COC-2016-0429,Sistemas productivos intensivos,"Esta fotografía está asociada a la Consultoría COC-2016-0429 “Mejorando la competitividad de la cadena de valor ovina a través de la innovación en la intervención y transformación del proceso productivo artesanal de la lana, asociada a la elaboración de textilería con identidad territorial”.",Región de La Araucanía,Malleco,Región de La Araucanía,Región de La Araucanía,Ovinos de lana,Otros productos (elaborados),Textiles,Calidad || Extensión y difusión tecnológica || Gestión || Artesanía / producto artesanal || Manejo productivo
65,COC-2016-0429_157.JPG,Fotografías,Fotografía,Fundación para la Innovación Agraria (FIA),Victoria,2016,1 Fotografía.,imagen/jpg,3264 x 2448 píxeles,"2,04 MB",OVINOS || IDENTIDAD TERRITORIAL || PRODUCCIÓN ARTESANAL || LANA || TEXTIL || PRODUCTOS || COMPETITIVIDAD,Fotografías,Consultorías,iag,COC-2016-0429,Victoria,Convocatoria Nacional 2016 Consultorías para la innovación,Procesos Innovadores,Región de La Araucanía,General para rubro Ovinos de lana [General para rubro Ovinos de lana],Consultoría COC-2016-0429,Sistemas productivos intensivos,"Esta fotografía está asociada a la Consultoría COC-2016-0429 “Mejorando la competitividad de la cadena de valor ovina a través de la innovación en la intervención y transformación del proceso productivo artesanal de la lana, asociada a la elaboración de textilería con identidad territorial”.",Región de La Araucanía,Malleco,Región de La Araucanía,Región de La Araucanía,Ovinos de lana,Otros productos (elaborados),Textiles,Calidad || Extensión y difusión tecnológica || Gestión || Artesanía / producto artesanal || Manejo productivo
66,COC-2016-0429_158.JPG,Fotografías,Fotografía,Fundación para la Innovación Agraria (FIA),Victoria,2016,1 Fotografía.,imagen/jpg,3264 x 2448 píxeles,"2,48 MB",OVINOS || IDENTIDAD TERRITORIAL || PRODUCCIÓN ARTESANAL || LANA || TEXTIL || PRODUCTOS || COMPETITIVIDAD,Fotografías,Consultorías,iag,COC-2016-0429,Victoria,Convocatoria Nacional 2016 Consultorías para la innovación,Procesos Innovadores,Región de La Araucanía,General para rubro Ovinos de lana [General para rubro Ovinos de lana],Consultoría COC-2016-0429,Sistemas productivos intensivos,"Esta fotografía está asociada a la Consultoría COC-2016-0429 “Mejorando la competitividad de la cadena de valor ovina a través de la innovación en la intervención y transformación del proceso productivo artesanal de la lana, asociada a la elaboración de textilería con identidad territorial”.",Región de La Araucanía,Malleco,Región de La Araucanía,Región de La Araucanía,Ovinos de lana,Otros productos (elaborados),Textiles,Calidad || Extensión y difusión tecnológica || Gestión || Artesanía / producto artesanal || Manejo productivo
67,COC-2016-0429_159.JPG,Fotografías,Fotografía,Fundación para la Innovación Agraria (FIA),Victoria,2016,1 Fotografía.,imagen/jpg,3264 x 2448 píxeles,"2,72 MB",OVINOS || IDENTIDAD TERRITORIAL || PRODUCCIÓN ARTESANAL || LANA || TEXTIL || PRODUCTOS || COMPETITIVIDAD,Fotografías,Consultorías,iag,COC-2016-0429,Victoria,Convocatoria Nacional 2016 Consultorías para la innovación,Procesos Innovadores,Región de La Araucanía,General para rubro Ovinos de lana [General para rubro Ovinos de lana],Consultoría COC-2016-0429,Sistemas productivos intensivos,"Esta fotografía está asociada a la Consultoría COC-2016-0429 “Mejorando la competitividad de la cadena de valor ovina a través de la innovación en la intervención y transformación del proceso productivo artesanal de la lana, asociada a la elaboración de textilería con identidad territorial”.",Región de La Araucanía,Malleco,Región de La Araucanía,Región de La Araucanía,Ovinos de lana,Otros productos (elaborados),Textiles,Calidad || Extensión y difusión tecnológica || Gestión || Artesanía / producto artesanal || Manejo productivo
68,COC-2016-0429_16.JPG,Fotografías,Fotografía,Fundación para la Innovación Agraria (FIA),Victoria,2016,1 Fotografía.,imagen/jpg,3264 x 2448 píxeles,"2,16 MB",OVINOS || IDENTIDAD TERRITORIAL || PRODUCCIÓN ARTESANAL || LANA || TEXTIL || PRODUCTOS || COMPETITIVIDAD,Fotografías,Consultorías,iag,COC-2016-0429,Victoria,Convocatoria Nacional 2016 Consultorías para la innovación,Procesos Innovadores,Región de La Araucanía,General para rubro Ovinos de lana [General para rubro Ovinos de lana],Consultoría COC-2016-0429,Sistemas productivos intensivos,"Esta fotografía está asociada a la Consultoría COC-2016-0429 “Mejorando la competitividad de la cadena de valor ovina a través de la innovación en la intervención y transformación del proceso productivo artesanal de la lana, asociada a la elaboración de textilería con identidad territorial”.",Región de La Araucanía,Malleco,Región de La Araucanía,Región de La Araucanía,Ovinos de lana,Otros productos (elaborados),Textiles,Calidad || Extensión y difusión tecnológica || Gestión || Artesanía / producto artesanal || Manejo productivo
69,COC-2016-0429_160.JPG,Fotografías,Fotografía,Fundación para la Innovación Agraria (FIA),Victoria,2016,1 Fotografía.,imagen/jpg,3264 x 2448 píxeles,"2,09 MB",OVINOS || IDENTIDAD TERRITORIAL || PRODUCCIÓN ARTESANAL || LANA || TEXTIL || PRODUCTOS || COMPETITIVIDAD,Fotografías,Consultorías,iag,COC-2016-0429,Victoria,Convocatoria Nacional 2016 Consultorías para la innovación,Procesos Innovadores,Región de La Araucanía,General para rubro Ovinos de lana [General para rubro Ovinos de lana],Consultoría COC-2016-0429,Sistemas productivos intensivos,"Esta fotografía está asociada a la Consultoría COC-2016-0429 “Mejorando la competitividad de la cadena de valor ovina a través de la innovación en la intervención y transformación del proceso productivo artesanal de la lana, asociada a la elaboración de textilería con identidad territorial”.",Región de La Araucanía,Malleco,Región de La Araucanía,Región de La Araucanía,Ovinos de lana,Otros productos (elaborados),Textiles,Calidad || Extensión y difusión tecnológica || Gestión || Artesanía / producto artesanal || Manejo productivo
70,COC-2016-0429_161.JPG,Fotografías,Fotografía,Fundación para la Innovación Agraria (FIA),Victoria,2016,1 Fotografía.,imagen/jpg,1920 x 1080 píxeles,"1,36 MB",OVINOS || IDENTIDAD TERRITORIAL || PRODUCCIÓN ARTESANAL || LANA || TEXTIL || PRODUCTOS || COMPETITIVIDAD,Fotografías,Consultorías,iag,COC-2016-0429,Victoria,Convocatoria Nacional 2016 Consultorías para la innovación,Procesos Innovadores,Región de La Araucanía,General para rubro Ovinos de lana [General para rubro Ovinos de lana],Consultoría COC-2016-0429,Sistemas productivos intensivos,"Esta fotografía está asociada a la Consultoría COC-2016-0429 “Mejorando la competitividad de la cadena de valor ovina a través de la innovación en la intervención y transformación del proceso productivo artesanal de la lana, asociada a la elaboración de textilería con identidad territorial”.",Región de La Araucanía,Malleco,Región de La Araucanía,Región de La Araucanía,Ovinos de lana,Otros productos (elaborados),Textiles,Calidad || Extensión y difusión tecnológica || Gestión || Artesanía / producto artesanal || Manejo productivo
71,COC-2016-0429_162.JPG,Fotografías,Fotografía,Fundación para la Innovación Agraria (FIA),Victoria,2016,1 Fotografía.,imagen/jpg,3264 x 2448 píxeles,"2,52 MB",OVINOS || IDENTIDAD TERRITORIAL || PRODUCCIÓN ARTESANAL || LANA || TEXTIL || PRODUCTOS || COMPETITIVIDAD,Fotografías,Consultorías,iag,COC-2016-0429,Victoria,Convocatoria Nacional 2016 Consultorías para la innovación,Procesos Innovadores,Región de La Araucanía,General para rubro Ovinos de lana [General para rubro Ovinos de lana],Consultoría COC-2016-0429,Sistemas productivos intensivos,"Esta fotografía está asociada a la Consultoría COC-2016-0429 “Mejorando la competitividad de la cadena de valor ovina a través de la innovación en la intervención y transformación del proceso productivo artesanal de la lana, asociada a la elaboración de textilería con identidad territorial”.",Región de La Araucanía,Malleco,Región de La Araucanía,Región de La Araucanía,Ovinos de lana,Otros productos (elaborados),Textiles,Calidad || Extensión y difusión tecnológica || Gestión || Artesanía / producto artesanal || Manejo productivo
72,COC-2016-0429_163.JPG,Fotografías,Fotografía,Fundación para la Innovación Agraria (FIA),Victoria,2016,1 Fotografía.,imagen/jpg,3264 x 2448 píxeles,"3,09 MB",OVINOS || IDENTIDAD TERRITORIAL || PRODUCCIÓN ARTESANAL || LANA || TEXTIL || PRODUCTOS || COMPETITIVIDAD,Fotografías,Consultorías,iag,COC-2016-0429,Victoria,Convocatoria Nacional 2016 Consultorías para la innovación,Procesos Innovadores,Región de La Araucanía,General para rubro Ovinos de lana [General para rubro Ovinos de lana],Consultoría COC-2016-0429,Sistemas productivos intensivos,"Esta fotografía está asociada a la Consultoría COC-2016-0429 “Mejorando la competitividad de la cadena de valor ovina a través de la innovación en la intervención y transformación del proceso productivo artesanal de la lana, asociada a la elaboración de textilería con identidad territorial”.",Región de La Araucanía,Malleco,Región de La Araucanía,Región de La Araucanía,Ovinos de lana,Otros productos (elaborados),Textiles,Calidad || Extensión y difusión tecnológica || Gestión || Artesanía / producto artesanal || Manejo productivo
73,COC-2016-0429_164.JPG,Fotografías,Fotografía,Fundación para la Innovación Agraria (FIA),Victoria,2016,1 Fotografía.,imagen/jpg,3264 x 2448 píxeles,"2,66 MB",OVINOS || IDENTIDAD TERRITORIAL || PRODUCCIÓN ARTESANAL || LANA || TEXTIL || PRODUCTOS || COMPETITIVIDAD,Fotografías,Consultorías,iag,COC-2016-0429,Victoria,Convocatoria Nacional 2016 Consultorías para la innovación,Procesos Innovadores,Región de La Araucanía,General para rubro Ovinos de lana [General para rubro Ovinos de lana],Consultoría COC-2016-0429,Sistemas productivos intensivos,"Esta fotografía está asociada a la Consultoría COC-2016-0429 “Mejorando la competitividad de la cadena de valor ovina a través de la innovación en la intervención y transformación del proceso productivo artesanal de la lana, asociada a la elaboración de textilería con identidad territorial”.",Región de La Araucanía,Malleco,Región de La Araucanía,Región de La Araucanía,Ovinos de lana,Otros productos (elaborados),Textiles,Calidad || Extensión y difusión tecnológica || Gestión || Artesanía / producto artesanal || Manejo productivo
74,COC-2016-0429_165.JPG,Fotografías,Fotografía,Fundación para la Innovación Agraria (FIA),Victoria,2016,1 Fotografía.,imagen/jpg,3264 x 2448 píxeles,"2,05 MB",OVINOS || IDENTIDAD TERRITORIAL || PRODUCCIÓN ARTESANAL || LANA || TEXTIL || PRODUCTOS || COMPETITIVIDAD,Fotografías,Consultorías,iag,COC-2016-0429,Victoria,Convocatoria Nacional 2016 Consultorías para la innovación,Procesos Innovadores,Región de La Araucanía,General para rubro Ovinos de lana [General para rubro Ovinos de lana],Consultoría COC-2016-0429,Sistemas productivos intensivos,"Esta fotografía está asociada a la Consultoría COC-2016-0429 “Mejorando la competitividad de la cadena de valor ovina a través de la innovación en la intervención y transformación del proceso productivo artesanal de la lana, asociada a la elaboración de textilería con identidad territorial”.",Región de La Araucanía,Malleco,Región de La Araucanía,Región de La Araucanía,Ovinos de lana,Otros productos (elaborados),Textiles,Calidad || Extensión y difusión tecnológica || Gestión || Artesanía / producto artesanal || Manejo productivo
75,COC-2016-0429_166.JPG,Fotografías,Fotografía,Fundación para la Innovación Agraria (FIA),Victoria,2016,1 Fotografía.,imagen/jpg,3264 x 2448 píxeles,"2,39 MB",OVINOS || IDENTIDAD TERRITORIAL || PRODUCCIÓN ARTESANAL || LANA || TEXTIL || PRODUCTOS || COMPETITIVIDAD,Fotografías,Consultorías,iag,COC-2016-0429,Victoria,Convocatoria Nacional 2016 Consultorías para la innovación,Procesos Innovadores,Región de La Araucanía,General para rubro Ovinos de lana [General para rubro Ovinos de lana],Consultoría COC-2016-0429,Sistemas productivos intensivos,"Esta fotografía está asociada a la Consultoría COC-2016-0429 “Mejorando la competitividad de la cadena de valor ovina a través de la innovación en la intervención y transformación del proceso productivo artesanal de la lana, asociada a la elaboración de textilería con identidad territorial”.",Región de La Araucanía,Malleco,Región de La Araucanía,Región de La Araucanía,Ovinos de lana,Otros productos (elaborados),Textiles,Calidad || Extensión y difusión tecnológica || Gestión || Artesanía / producto artesanal || Manejo productivo
76,COC-2016-0429_167.JPG,Fotografías,Fotografía,Fundación para la Innovación Agraria (FIA),Victoria,2016,1 Fotografía.,imagen/jpg,3264 x 2448 píxeles,"2,57 MB",OVINOS || IDENTIDAD TERRITORIAL || PRODUCCIÓN ARTESANAL || LANA || TEXTIL || PRODUCTOS || COMPETITIVIDAD,Fotografías,Consultorías,iag,COC-2016-0429,Victoria,Convocatoria Nacional 2016 Consultorías para la innovación,Procesos Innovadores,Región de La Araucanía,General para rubro Ovinos de lana [General para rubro Ovinos de lana],Consultoría COC-2016-0429,Sistemas productivos intensivos,"Esta fotografía está asociada a la Consultoría COC-2016-0429 “Mejorando la competitividad de la cadena de valor ovina a través de la innovación en la intervención y transformación del proceso productivo artesanal de la lana, asociada a la elaboración de textilería con identidad territorial”.",Región de La Araucanía,Malleco,Región de La Araucanía,Región de La Araucanía,Ovinos de lana,Otros productos (elaborados),Textiles,Calidad || Extensión y difusión tecnológica || Gestión || Artesanía / producto artesanal || Manejo productivo
77,COC-2016-0429_168.JPG,Fotografías,Fotografía,Fundación para la Innovación Agraria (FIA),Victoria,2016,1 Fotografía.,imagen/jpg,3264 x 2448 píxeles,"3,05 MB",OVINOS || IDENTIDAD TERRITORIAL || PRODUCCIÓN ARTESANAL || LANA || TEXTIL || PRODUCTOS || COMPETITIVIDAD,Fotografías,Consultorías,iag,COC-2016-0429,Victoria,Convocatoria Nacional 2016 Consultorías para la innovación,Procesos Innovadores,Región de La Araucanía,General para rubro Ovinos de lana [General para rubro Ovinos de lana],Consultoría COC-2016-0429,Sistemas productivos intensivos,"Esta fotografía está asociada a la Consultoría COC-2016-0429 “Mejorando la competitividad de la cadena de valor ovina a través de la innovación en la intervención y transformación del proceso productivo artesanal de la lana, asociada a la elaboración de textilería con identidad territorial”.",Región de La Araucanía,Malleco,Región de La Araucanía,Región de La Araucanía,Ovinos de lana,Otros productos (elaborados),Textiles,Calidad || Extensión y difusión tecnológica || Gestión || Artesanía / producto artesanal || Manejo productivo
78,COC-2016-0429_169.JPG,Fotografías,Fotografía,Fundación para la Innovación Agraria (FIA),Victoria,2016,1 Fotografía.,imagen/jpg,3264 x 2448 píxeles,"2,49 MB",OVINOS || IDENTIDAD TERRITORIAL || PRODUCCIÓN ARTESANAL || LANA || TEXTIL || PRODUCTOS || COMPETITIVIDAD,Fotografías,Consultorías,iag,COC-2016-0429,Victoria,Convocatoria Nacional 2016 Consultorías para la innovación,Procesos Innovadores,Región de La Araucanía,General para rubro Ovinos de lana [General para rubro Ovinos de lana],Consultoría COC-2016-0429,Sistemas productivos intensivos,"Esta fotografía está asociada a la Consultoría COC-2016-0429 “Mejorando la competitividad de la cadena de valor ovina a través de la innovación en la intervención y transformación del proceso productivo artesanal de la lana, asociada a la elaboración de textilería con identidad territorial”.",Región de La Araucanía,Malleco,Región de La Araucanía,Región de La Araucanía,Ovinos de lana,Otros productos (elaborados),Textiles,Calidad || Extensión y difusión tecnológica || Gestión || Artesanía / producto artesanal || Manejo productivo
79,COC-2016-0429_17.JPG,Fotografías,Fotografía,Fundación para la Innovación Agraria (FIA),Victoria,2016,1 Fotografía.,imagen/jpg,3264 x 2448 píxeles,"2,60 MB",OVINOS || IDENTIDAD TERRITORIAL || PRODUCCIÓN ARTESANAL || LANA || TEXTIL || PRODUCTOS || COMPETITIVIDAD,Fotografías,Consultorías,iag,COC-2016-0429,Victoria,Convocatoria Nacional 2016 Consultorías para la innovación,Procesos Innovadores,Región de La Araucanía,General para rubro Ovinos de lana [General para rubro Ovinos de lana],Consultoría COC-2016-0429,Sistemas productivos intensivos,"Esta fotografía está asociada a la Consultoría COC-2016-0429 “Mejorando la competitividad de la cadena de valor ovina a través de la innovación en la intervención y transformación del proceso productivo artesanal de la lana, asociada a la elaboración de textilería con identidad territorial”.",Región de La Araucanía,Malleco,Región de La Araucanía,Región de La Araucanía,Ovinos de lana,Otros productos (elaborados),Textiles,Calidad || Extensión y difusión tecnológica || Gestión || Artesanía / producto artesanal || Manejo productivo
80,COC-2016-0429_170.JPG,Fotografías,Fotografía,Fundación para la Innovación Agraria (FIA),Victoria,2016,1 Fotografía.,imagen/jpg,3264 x 2448 píxeles,"2,67 MB",OVINOS || IDENTIDAD TERRITORIAL || PRODUCCIÓN ARTESANAL || LANA || TEXTIL || PRODUCTOS || COMPETITIVIDAD,Fotografías,Consultorías,iag,COC-2016-0429,Victoria,Convocatoria Nacional 2016 Consultorías para la innovación,Procesos Innovadores,Región de La Araucanía,General para rubro Ovinos de lana [General para rubro Ovinos de lana],Consultoría COC-2016-0429,Sistemas productivos intensivos,"Esta fotografía está asociada a la Consultoría COC-2016-0429 “Mejorando la competitividad de la cadena de valor ovina a través de la innovación en la intervención y transformación del proceso productivo artesanal de la lana, asociada a la elaboración de textilería con identidad territorial”.",Región de La Araucanía,Malleco,Región de La Araucanía,Región de La Araucanía,Ovinos de lana,Otros productos (elaborados),Textiles,Calidad || Extensión y difusión tecnológica || Gestión || Artesanía / producto artesanal || Manejo productivo
81,COC-2016-0429_171.JPG,Fotografías,Fotografía,Fundación para la Innovación Agraria (FIA),Victoria,2016,1 Fotografía.,imagen/jpg,3264 x 2448 píxeles,"2,82 MB",OVINOS || IDENTIDAD TERRITORIAL || PRODUCCIÓN ARTESANAL || LANA || TEXTIL || PRODUCTOS || COMPETITIVIDAD,Fotografías,Consultorías,iag,COC-2016-0429,Victoria,Convocatoria Nacional 2016 Consultorías para la innovación,Procesos Innovadores,Región de La Araucanía,General para rubro Ovinos de lana [General para rubro Ovinos de lana],Consultoría COC-2016-0429,Sistemas productivos intensivos,"Esta fotografía está asociada a la Consultoría COC-2016-0429 “Mejorando la competitividad de la cadena de valor ovina a través de la innovación en la intervención y transformación del proceso productivo artesanal de la lana, asociada a la elaboración de textilería con identidad territorial”.",Región de La Araucanía,Malleco,Región de La Araucanía,Región de La Araucanía,Ovinos de lana,Otros productos (elaborados),Textiles,Calidad || Extensión y difusión tecnológica || Gestión || Artesanía / producto artesanal || Manejo productivo
82,COC-2016-0429_172.JPG,Fotografías,Fotografía,Fundación para la Innovación Agraria (FIA),Victoria,2016,1 Fotografía.,imagen/jpg,3264 x 2448 píxeles,"2,52 MB",OVINOS || IDENTIDAD TERRITORIAL || PRODUCCIÓN ARTESANAL || LANA || TEXTIL || PRODUCTOS || COMPETITIVIDAD,Fotografías,Consultorías,iag,COC-2016-0429,Victoria,Convocatoria Nacional 2016 Consultorías para la innovación,Procesos Innovadores,Región de La Araucanía,General para rubro Ovinos de lana [General para rubro Ovinos de lana],Consultoría COC-2016-0429,Sistemas productivos intensivos,"Esta fotografía está asociada a la Consultoría COC-2016-0429 “Mejorando la competitividad de la cadena de valor ovina a través de la innovación en la intervención y transformación del proceso productivo artesanal de la lana, asociada a la elaboración de textilería con identidad territorial”.",Región de La Araucanía,Malleco,Región de La Araucanía,Región de La Araucanía,Ovinos de lana,Otros productos (elaborados),Textiles,Calidad || Extensión y difusión tecnológica || Gestión || Artesanía / producto artesanal || Manejo productivo
83,COC-2016-0429_173.JPG,Fotografías,Fotografía,Fundación para la Innovación Agraria (FIA),Victoria,2016,1 Fotografía.,imagen/jpg,3264 x 2448 píxeles,"2,47 MB",OVINOS || IDENTIDAD TERRITORIAL || PRODUCCIÓN ARTESANAL || LANA || TEXTIL || PRODUCTOS || COMPETITIVIDAD,Fotografías,Consultorías,iag,COC-2016-0429,Victoria,Convocatoria Nacional 2016 Consultorías para la innovación,Procesos Innovadores,Región de La Araucanía,General para rubro Ovinos de lana [General para rubro Ovinos de lana],Consultoría COC-2016-0429,Sistemas productivos intensivos,"Esta fotografía está asociada a la Consultoría COC-2016-0429 “Mejorando la competitividad de la cadena de valor ovina a través de la innovación en la intervención y transformación del proceso productivo artesanal de la lana, asociada a la elaboración de textilería con identidad territorial”.",Región de La Araucanía,Malleco,Región de La Araucanía,Región de La Araucanía,Ovinos de lana,Otros productos (elaborados),Textiles,Calidad || Extensión y difusión tecnológica || Gestión || Artesanía / producto artesanal || Manejo productivo
84,COC-2016-0429_174.JPG,Fotografías,Fotografía,Fundación para la Innovación Agraria (FIA),Victoria,2016,1 Fotografía.,imagen/jpg,3264 x 2448 píxeles,"2,73 MB",OVINOS || IDENTIDAD TERRITORIAL || PRODUCCIÓN ARTESANAL || LANA || TEXTIL || PRODUCTOS || COMPETITIVIDAD,Fotografías,Consultorías,iag,COC-2016-0429,Victoria,Convocatoria Nacional 2016 Consultorías para la innovación,Procesos Innovadores,Región de La Araucanía,General para rubro Ovinos de lana [General para rubro Ovinos de lana],Consultoría COC-2016-0429,Sistemas productivos intensivos,"Esta fotografía está asociada a la Consultoría COC-2016-0429 “Mejorando la competitividad de la cadena de valor ovina a través de la innovación en la intervención y transformación del proceso productivo artesanal de la lana, asociada a la elaboración de textilería con identidad territorial”.",Región de La Araucanía,Malleco,Región de La Araucanía,Región de La Araucanía,Ovinos de lana,Otros productos (elaborados),Textiles,Calidad || Extensión y difusión tecnológica || Gestión || Artesanía / producto artesanal || Manejo productivo
85,COC-2016-0429_175.JPG,Fotografías,Fotografía,Fundación para la Innovación Agraria (FIA),Victoria,2016,1 Fotografía.,imagen/jpg,3264 x 2448 píxeles,"2,64 MB",OVINOS || IDENTIDAD TERRITORIAL || PRODUCCIÓN ARTESANAL || LANA || TEXTIL || PRODUCTOS || COMPETITIVIDAD,Fotografías,Consultorías,iag,COC-2016-0429,Victoria,Convocatoria Nacional 2016 Consultorías para la innovación,Procesos Innovadores,Región de La Araucanía,General para rubro Ovinos de lana [General para rubro Ovinos de lana],Consultoría COC-2016-0429,Sistemas productivos intensivos,"Esta fotografía está asociada a la Consultoría COC-2016-0429 “Mejorando la competitividad de la cadena de valor ovina a través de la innovación en la intervención y transformación del proceso productivo artesanal de la lana, asociada a la elaboración de textilería con identidad territorial”.",Región de La Araucanía,Malleco,Región de La Araucanía,Región de La Araucanía,Ovinos de lana,Otros productos (elaborados),Textiles,Calidad || Extensión y difusión tecnológica || Gestión || Artesanía / producto artesanal || Manejo productivo
86,COC-2016-0429_176.JPG,Fotografías,Fotografía,Fundación para la Innovación Agraria (FIA),Victoria,2016,1 Fotografía.,imagen/jpg,3264 x 2448 píxeles,"3,08 MB",OVINOS || IDENTIDAD TERRITORIAL || PRODUCCIÓN ARTESANAL || LANA || TEXTIL || PRODUCTOS || COMPETITIVIDAD,Fotografías,Consultorías,iag,COC-2016-0429,Victoria,Convocatoria Nacional 2016 Consultorías para la innovación,Procesos Innovadores,Región de La Araucanía,General para rubro Ovinos de lana [General para rubro Ovinos de lana],Consultoría COC-2016-0429,Sistemas productivos intensivos,"Esta fotografía está asociada a la Consultoría COC-2016-0429 “Mejorando la competitividad de la cadena de valor ovina a través de la innovación en la intervención y transformación del proceso productivo artesanal de la lana, asociada a la elaboración de textilería con identidad territorial”.",Región de La Araucanía,Malleco,Región de La Araucanía,Región de La Araucanía,Ovinos de lana,Otros productos (elaborados),Textiles,Calidad || Extensión y difusión tecnológica || Gestión || Artesanía / producto artesanal || Manejo productivo
87,COC-2016-0429_177.JPG,Fotografías,Fotografía,Fundación para la Innovación Agraria (FIA),Victoria,2016,1 Fotografía.,imagen/jpg,3264 x 2448 píxeles,"2,80 MB",OVINOS || IDENTIDAD TERRITORIAL || PRODUCCIÓN ARTESANAL || LANA || TEXTIL || PRODUCTOS || COMPETITIVIDAD,Fotografías,Consultorías,iag,COC-2016-0429,Victoria,Convocatoria Nacional 2016 Consultorías para la innovación,Procesos Innovadores,Región de La Araucanía,General para rubro Ovinos de lana [General para rubro Ovinos de lana],Consultoría COC-2016-0429,Sistemas productivos intensivos,"Esta fotografía está asociada a la Consultoría COC-2016-0429 “Mejorando la competitividad de la cadena de valor ovina a través de la innovación en la intervención y transformación del proceso productivo artesanal de la lana, asociada a la elaboración de textilería con identidad territorial”.",Región de La Araucanía,Malleco,Región de La Araucanía,Región de La Araucanía,Ovinos de lana,Otros productos (elaborados),Textiles,Calidad || Extensión y difusión tecnológica || Gestión || Artesanía / producto artesanal || Manejo productivo
88,COC-2016-0429_178.JPG,Fotografías,Fotografía,Fundación para la Innovación Agraria (FIA),Victoria,2016,1 Fotografía.,imagen/jpg,3264 x 2448 píxeles,"2,02 MB",OVINOS || IDENTIDAD TERRITORIAL || PRODUCCIÓN ARTESANAL || LANA || TEXTIL || PRODUCTOS || COMPETITIVIDAD,Fotografías,Consultorías,iag,COC-2016-0429,Victoria,Convocatoria Nacional 2016 Consultorías para la innovación,Procesos Innovadores,Región de La Araucanía,General para rubro Ovinos de lana [General para rubro Ovinos de lana],Consultoría COC-2016-0429,Sistemas productivos intensivos,"Esta fotografía está asociada a la Consultoría COC-2016-0429 “Mejorando la competitividad de la cadena de valor ovina a través de la innovación en la intervención y transformación del proceso productivo artesanal de la lana, asociada a la elaboración de textilería con identidad territorial”.",Región de La Araucanía,Malleco,Región de La Araucanía,Región de La Araucanía,Ovinos de lana,Otros productos (elaborados),Textiles,Calidad || Extensión y difusión tecnológica || Gestión || Artesanía / producto artesanal || Manejo productivo
89,COC-2016-0429_179.JPG,Fotografías,Fotografía,Fundación para la Innovación Agraria (FIA),Victoria,2016,1 Fotografía.,imagen/jpg,3264 x 2448 píxeles,"2,52 MB",OVINOS || IDENTIDAD TERRITORIAL || PRODUCCIÓN ARTESANAL || LANA || TEXTIL || PRODUCTOS || COMPETITIVIDAD,Fotografías,Consultorías,iag,COC-2016-0429,Victoria,Convocatoria Nacional 2016 Consultorías para la innovación,Procesos Innovadores,Región de La Araucanía,General para rubro Ovinos de lana [General para rubro Ovinos de lana],Consultoría COC-2016-0429,Sistemas productivos intensivos,"Esta fotografía está asociada a la Consultoría COC-2016-0429 “Mejorando la competitividad de la cadena de valor ovina a través de la innovación en la intervención y transformación del proceso productivo artesanal de la lana, asociada a la elaboración de textilería con identidad territorial”.",Región de La Araucanía,Malleco,Región de La Araucanía,Región de La Araucanía,Ovinos de lana,Otros productos (elaborados),Textiles,Calidad || Extensión y difusión tecnológica || Gestión || Artesanía / producto artesanal || Manejo productivo
90,COC-2016-0429_18.JPG,Fotografías,Fotografía,Fundación para la Innovación Agraria (FIA),Victoria,2016,1 Fotografía.,imagen/jpg,3264 x 2448 píxeles,"2,37 MB",OVINOS || IDENTIDAD TERRITORIAL || PRODUCCIÓN ARTESANAL || LANA || TEXTIL || PRODUCTOS || COMPETITIVIDAD,Fotografías,Consultorías,iag,COC-2016-0429,Victoria,Convocatoria Nacional 2016 Consultorías para la innovación,Procesos Innovadores,Región de La Araucanía,General para rubro Ovinos de lana [General para rubro Ovinos de lana],Consultoría COC-2016-0429,Sistemas productivos intensivos,"Esta fotografía está asociada a la Consultoría COC-2016-0429 “Mejorando la competitividad de la cadena de valor ovina a través de la innovación en la intervención y transformación del proceso productivo artesanal de la lana, asociada a la elaboración de textilería con identidad territorial”.",Región de La Araucanía,Malleco,Región de La Araucanía,Región de La Araucanía,Ovinos de lana,Otros productos (elaborados),Textiles,Calidad || Extensión y difusión tecnológica || Gestión || Artesanía / producto artesanal || Manejo productivo
91,COC-2016-0429_180.JPG,Fotografías,Fotografía,Fundación para la Innovación Agraria (FIA),Victoria,2016,1 Fotografía.,imagen/jpg,3264 x 2448 píxeles,"2,45 MB",OVINOS || IDENTIDAD TERRITORIAL || PRODUCCIÓN ARTESANAL || LANA || TEXTIL || PRODUCTOS || COMPETITIVIDAD,Fotografías,Consultorías,iag,COC-2016-0429,Victoria,Convocatoria Nacional 2016 Consultorías para la innovación,Procesos Innovadores,Región de La Araucanía,General para rubro Ovinos de lana [General para rubro Ovinos de lana],Consultoría COC-2016-0429,Sistemas productivos intensivos,"Esta fotografía está asociada a la Consultoría COC-2016-0429 “Mejorando la competitividad de la cadena de valor ovina a través de la innovación en la intervención y transformación del proceso productivo artesanal de la lana, asociada a la elaboración de textilería con identidad territorial”.",Región de La Araucanía,Malleco,Región de La Araucanía,Región de La Araucanía,Ovinos de lana,Otros productos (elaborados),Textiles,Calidad || Extensión y difusión tecnológica || Gestión || Artesanía / producto artesanal || Manejo productivo
92,COC-2016-0429_181.JPG,Fotografías,Fotografía,Fundación para la Innovación Agraria (FIA),Victoria,2016,1 Fotografía.,imagen/jpg,3264 x 2448 píxeles,"2,48 MB",OVINOS || IDENTIDAD TERRITORIAL || PRODUCCIÓN ARTESANAL || LANA || TEXTIL || PRODUCTOS || COMPETITIVIDAD,Fotografías,Consultorías,iag,COC-2016-0429,Victoria,Convocatoria Nacional 2016 Consultorías para la innovación,Procesos Innovadores,Región de La Araucanía,General para rubro Ovinos de lana [General para rubro Ovinos de lana],Consultoría COC-2016-0429,Sistemas productivos intensivos,"Esta fotografía está asociada a la Consultoría COC-2016-0429 “Mejorando la competitividad de la cadena de valor ovina a través de la innovación en la intervención y transformación del proceso productivo artesanal de la lana, asociada a la elaboración de textilería con identidad territorial”.",Región de La Araucanía,Malleco,Región de La Araucanía,Región de La Araucanía,Ovinos de lana,Otros productos (elaborados),Textiles,Calidad || Extensión y difusión tecnológica || Gestión || Artesanía / producto artesanal || Manejo productivo
93,COC-2016-0429_182.jpg,Fotografías,Fotografía,Fundación para la Innovación Agraria (FIA),Victoria,2016,1 Fotografía.,imagen/jpg,1280 x 960 píxeles,"0,13 MB",OVINOS || IDENTIDAD TERRITORIAL || PRODUCCIÓN ARTESANAL || LANA || TEXTIL || PRODUCTOS || COMPETITIVIDAD,Fotografías,Consultorías,iag,COC-2016-0429,Victoria,Convocatoria Nacional 2016 Consultorías para la innovación,Procesos Innovadores,Región de La Araucanía,General para rubro Ovinos de lana [General para rubro Ovinos de lana],Consultoría COC-2016-0429,Sistemas productivos intensivos,"Esta fotografía está asociada a la Consultoría COC-2016-0429 “Mejorando la competitividad de la cadena de valor ovina a través de la innovación en la intervención y transformación del proceso productivo artesanal de la lana, asociada a la elaboración de textilería con identidad territorial”.",Región de La Araucanía,Malleco,Región de La Araucanía,Región de La Araucanía,Ovinos de lana,Otros productos (elaborados),Textiles,Calidad || Extensión y difusión tecnológica || Gestión || Artesanía / producto artesanal || Manejo productivo
94,COC-2016-0429_183.jpg,Fotografías,Fotografía,Fundación para la Innovación Agraria (FIA),Victoria,2016,1 Fotografía.,imagen/jpg,960 x 1280 píxeles,"0,10 MB",OVINOS || IDENTIDAD TERRITORIAL || PRODUCCIÓN ARTESANAL || LANA || TEXTIL || PRODUCTOS || COMPETITIVIDAD,Fotografías,Consultorías,iag,COC-2016-0429,Victoria,Convocatoria Nacional 2016 Consultorías para la innovación,Procesos Innovadores,Región de La Araucanía,General para rubro Ovinos de lana [General para rubro Ovinos de lana],Consultoría COC-2016-0429,Sistemas productivos intensivos,"Esta fotografía está asociada a la Consultoría COC-2016-0429 “Mejorando la competitividad de la cadena de valor ovina a través de la innovación en la intervención y transformación del proceso productivo artesanal de la lana, asociada a la elaboración de textilería con identidad territorial”.",Región de La Araucanía,Malleco,Región de La Araucanía,Región de La Araucanía,Ovinos de lana,Otros productos (elaborados),Textiles,Calidad || Extensión y difusión tecnológica || Gestión || Artesanía / producto artesanal || Manejo productivo
95,COC-2016-0429_184.jpg,Fotografías,Fotografía,Fundación para la Innovación Agraria (FIA),Victoria,2016,1 Fotografía.,imagen/jpg,960 x 1280 píxeles,"0,11 MB",OVINOS || IDENTIDAD TERRITORIAL || PRODUCCIÓN ARTESANAL || LANA || TEXTIL || PRODUCTOS || COMPETITIVIDAD,Fotografías,Consultorías,iag,COC-2016-0429,Victoria,Convocatoria Nacional 2016 Consultorías para la innovación,Procesos Innovadores,Región de La Araucanía,General para rubro Ovinos de lana [General para rubro Ovinos de lana],Consultoría COC-2016-0429,Sistemas productivos intensivos,"Esta fotografía está asociada a la Consultoría COC-2016-0429 “Mejorando la competitividad de la cadena de valor ovina a través de la innovación en la intervención y transformación del proceso productivo artesanal de la lana, asociada a la elaboración de textilería con identidad territorial”.",Región de La Araucanía,Malleco,Región de La Araucanía,Región de La Araucanía,Ovinos de lana,Otros productos (elaborados),Textiles,Calidad || Extensión y difusión tecnológica || Gestión || Artesanía / producto artesanal || Manejo productivo
96,COC-2016-0429_185.jpg,Fotografías,Fotografía,Fundación para la Innovación Agraria (FIA),Victoria,2016,1 Fotografía.,imagen/jpg,960 x 1280 píxeles,"0,10 MB",OVINOS || IDENTIDAD TERRITORIAL || PRODUCCIÓN ARTESANAL || LANA || TEXTIL || PRODUCTOS || COMPETITIVIDAD,Fotografías,Consultorías,iag,COC-2016-0429,Victoria,Convocatoria Nacional 2016 Consultorías para la innovación,Procesos Innovadores,Región de La Araucanía,General para rubro Ovinos de lana [General para rubro Ovinos de lana],Consultoría COC-2016-0429,Sistemas productivos intensivos,"Esta fotografía está asociada a la Consultoría COC-2016-0429 “Mejorando la competitividad de la cadena de valor ovina a través de la innovación en la intervención y transformación del proceso productivo artesanal de la lana, asociada a la elaboración de textilería con identidad territorial”.",Región de La Araucanía,Malleco,Región de La Araucanía,Región de La Araucanía,Ovinos de lana,Otros productos (elaborados),Textiles,Calidad || Extensión y difusión tecnológica || Gestión || Artesanía / producto artesanal || Manejo productivo
97,COC-2016-0429_186.jpg,Fotografías,Fotografía,Fundación para la Innovación Agraria (FIA),Victoria,2016,1 Fotografía.,imagen/jpg,960 x 1280 píxeles,"0,07 MB",OVINOS || IDENTIDAD TERRITORIAL || PRODUCCIÓN ARTESANAL || LANA || TEXTIL || PRODUCTOS || COMPETITIVIDAD,Fotografías,Consultorías,iag,COC-2016-0429,Victoria,Convocatoria Nacional 2016 Consultorías para la innovación,Procesos Innovadores,Región de La Araucanía,General para rubro Ovinos de lana [General para rubro Ovinos de lana],Consultoría COC-2016-0429,Sistemas productivos intensivos,"Esta fotografía está asociada a la Consultoría COC-2016-0429 “Mejorando la competitividad de la cadena de valor ovina a través de la innovación en la intervención y transformación del proceso productivo artesanal de la lana, asociada a la elaboración de textilería con identidad territorial”.",Región de La Araucanía,Malleco,Región de La Araucanía,Región de La Araucanía,Ovinos de lana,Otros productos (elaborados),Textiles,Calidad || Extensión y difusión tecnológica || Gestión || Artesanía / producto artesanal || Manejo productivo
98,COC-2016-0429_187.jpg,Fotografías,Fotografía,Fundación para la Innovación Agraria (FIA),Victoria,2016,1 Fotografía.,imagen/jpg,1280 x 960 píxeles,"0,14 MB",OVINOS || IDENTIDAD TERRITORIAL || PRODUCCIÓN ARTESANAL || LANA || TEXTIL || PRODUCTOS || COMPETITIVIDAD,Fotografías,Consultorías,iag,COC-2016-0429,Victoria,Convocatoria Nacional 2016 Consultorías para la innovación,Procesos Innovadores,Región de La Araucanía,General para rubro Ovinos de lana [General para rubro Ovinos de lana],Consultoría COC-2016-0429,Sistemas productivos intensivos,"Esta fotografía está asociada a la Consultoría COC-2016-0429 “Mejorando la competitividad de la cadena de valor ovina a través de la innovación en la intervención y transformación del proceso productivo artesanal de la lana, asociada a la elaboración de textilería con identidad territorial”.",Región de La Araucanía,Malleco,Región de La Araucanía,Región de La Araucanía,Ovinos de lana,Otros productos (elaborados),Textiles,Calidad || Extensión y difusión tecnológica || Gestión || Artesanía / producto artesanal || Manejo productivo
99,COC-2016-0429_188.jpg,Fotografías,Fotografía,Fundación para la Innovación Agraria (FIA),Victoria,2016,1 Fotografía.,imagen/jpg,960 x 1280 píxeles,"0,07 MB",OVINOS || IDENTIDAD TERRITORIAL || PRODUCCIÓN ARTESANAL || LANA || TEXTIL || PRODUCTOS || COMPETITIVIDAD,Fotografías,Consultorías,iag,COC-2016-0429,Victoria,Convocatoria Nacional 2016 Consultorías para la innovación,Procesos Innovadores,Región de La Araucanía,General para rubro Ovinos de lana [General para rubro Ovinos de lana],Consultoría COC-2016-0429,Sistemas productivos intensivos,"Esta fotografía está asociada a la Consultoría COC-2016-0429 “Mejorando la competitividad de la cadena de valor ovina a través de la innovación en la intervención y transformación del proceso productivo artesanal de la lana, asociada a la elaboración de textilería con identidad territorial”.",Región de La Araucanía,Malleco,Región de La Araucanía,Región de La Araucanía,Ovinos de lana,Otros productos (elaborados),Textiles,Calidad || Extensión y difusión tecnológica || Gestión || Artesanía / producto artesanal || Manejo productivo
100,COC-2016-0429_189.jpg,Fotografías,Fotografía,Fundación para la Innovación Agraria (FIA),Victoria,2016,1 Fotografía.,imagen/jpg,1280 x 960 píxeles,"0,08 MB",OVINOS || IDENTIDAD TERRITORIAL || PRODUCCIÓN ARTESANAL || LANA || TEXTIL || PRODUCTOS || COMPETITIVIDAD,Fotografías,Consultorías,iag,COC-2016-0429,Victoria,Convocatoria Nacional 2016 Consultorías para la innovación,Procesos Innovadores,Región de La Araucanía,General para rubro Ovinos de lana [General para rubro Ovinos de lana],Consultoría COC-2016-0429,Sistemas productivos intensivos,"Esta fotografía está asociada a la Consultoría COC-2016-0429 “Mejorando la competitividad de la cadena de valor ovina a través de la innovación en la intervención y transformación del proceso productivo artesanal de la lana, asociada a la elaboración de textilería con identidad territorial”.",Región de La Araucanía,Malleco,Región de La Araucanía,Región de La Araucanía,Ovinos de lana,Otros productos (elaborados),Textiles,Calidad || Extensión y difusión tecnológica || Gestión || Artesanía / producto artesanal || Manejo productivo
101,COC-2016-0429_19.JPG,Fotografías,Fotografía,Fundación para la Innovación Agraria (FIA),Victoria,2016,1 Fotografía.,imagen/jpg,3264 x 2448 píxeles,"1,98 MB",OVINOS || IDENTIDAD TERRITORIAL || PRODUCCIÓN ARTESANAL || LANA || TEXTIL || PRODUCTOS || COMPETITIVIDAD,Fotografías,Consultorías,iag,COC-2016-0429,Victoria,Convocatoria Nacional 2016 Consultorías para la innovación,Procesos Innovadores,Región de La Araucanía,General para rubro Ovinos de lana [General para rubro Ovinos de lana],Consultoría COC-2016-0429,Sistemas productivos intensivos,"Esta fotografía está asociada a la Consultoría COC-2016-0429 “Mejorando la competitividad de la cadena de valor ovina a través de la innovación en la intervención y transformación del proceso productivo artesanal de la lana, asociada a la elaboración de textilería con identidad territorial”.",Región de La Araucanía,Malleco,Región de La Araucanía,Región de La Araucanía,Ovinos de lana,Otros productos (elaborados),Textiles,Calidad || Extensión y difusión tecnológica || Gestión || Artesanía / producto artesanal || Manejo productivo
102,COC-2016-0429_190.jpg,Fotografías,Fotografía,Fundación para la Innovación Agraria (FIA),Victoria,2016,1 Fotografía.,imagen/jpg,1280 x 960 píxeles,"0,11 MB",OVINOS || IDENTIDAD TERRITORIAL || PRODUCCIÓN ARTESANAL || LANA || TEXTIL || PRODUCTOS || COMPETITIVIDAD,Fotografías,Consultorías,iag,COC-2016-0429,Victoria,Convocatoria Nacional 2016 Consultorías para la innovación,Procesos Innovadores,Región de La Araucanía,General para rubro Ovinos de lana [General para rubro Ovinos de lana],Consultoría COC-2016-0429,Sistemas productivos intensivos,"Esta fotografía está asociada a la Consultoría COC-2016-0429 “Mejorando la competitividad de la cadena de valor ovina a través de la innovación en la intervención y transformación del proceso productivo artesanal de la lana, asociada a la elaboración de textilería con identidad territorial”.",Región de La Araucanía,Malleco,Región de La Araucanía,Región de La Araucanía,Ovinos de lana,Otros productos (elaborados),Textiles,Calidad || Extensión y difusión tecnológica || Gestión || Artesanía / producto artesanal || Manejo productivo
103,COC-2016-0429_191.jpg,Fotografías,Fotografía,Fundación para la Innovación Agraria (FIA),Victoria,2016,1 Fotografía.,imagen/jpg,1280 x 960 píxeles,"0,15 MB",OVINOS || IDENTIDAD TERRITORIAL || PRODUCCIÓN ARTESANAL || LANA || TEXTIL || PRODUCTOS || COMPETITIVIDAD,Fotografías,Consultorías,iag,COC-2016-0429,Victoria,Convocatoria Nacional 2016 Consultorías para la innovación,Procesos Innovadores,Región de La Araucanía,General para rubro Ovinos de lana [General para rubro Ovinos de lana],Consultoría COC-2016-0429,Sistemas productivos intensivos,"Esta fotografía está asociada a la Consultoría COC-2016-0429 “Mejorando la competitividad de la cadena de valor ovina a través de la innovación en la intervención y transformación del proceso productivo artesanal de la lana, asociada a la elaboración de textilería con identidad territorial”.",Región de La Araucanía,Malleco,Región de La Araucanía,Región de La Araucanía,Ovinos de lana,Otros productos (elaborados),Textiles,Calidad || Extensión y difusión tecnológica || Gestión || Artesanía / producto artesanal || Manejo productivo
104,COC-2016-0429_192.jpg,Fotografías,Fotografía,Fundación para la Innovación Agraria (FIA),Victoria,2016,1 Fotografía.,imagen/jpg,1280 x 960 píxeles,"0,16 MB",OVINOS || IDENTIDAD TERRITORIAL || PRODUCCIÓN ARTESANAL || LANA || TEXTIL || PRODUCTOS || COMPETITIVIDAD,Fotografías,Consultorías,iag,COC-2016-0429,Victoria,Convocatoria Nacional 2016 Consultorías para la innovación,Procesos Innovadores,Región de La Araucanía,General para rubro Ovinos de lana [General para rubro Ovinos de lana],Consultoría COC-2016-0429,Sistemas productivos intensivos,"Esta fotografía está asociada a la Consultoría COC-2016-0429 “Mejorando la competitividad de la cadena de valor ovina a través de la innovación en la intervención y transformación del proceso productivo artesanal de la lana, asociada a la elaboración de textilería con identidad territorial”.",Región de La Araucanía,Malleco,Región de La Araucanía,Región de La Araucanía,Ovinos de lana,Otros productos (elaborados),Textiles,Calidad || Extensión y difusión tecnológica || Gestión || Artesanía / producto artesanal || Manejo productivo
105,COC-2016-0429_193.jpg,Fotografías,Fotografía,Fundación para la Innovación Agraria (FIA),Victoria,2016,1 Fotografía.,imagen/jpg,1280 x 960 píxeles,"0,10 MB",OVINOS || IDENTIDAD TERRITORIAL || PRODUCCIÓN ARTESANAL || LANA || TEXTIL || PRODUCTOS || COMPETITIVIDAD,Fotografías,Consultorías,iag,COC-2016-0429,Victoria,Convocatoria Nacional 2016 Consultorías para la innovación,Procesos Innovadores,Región de La Araucanía,General para rubro Ovinos de lana [General para rubro Ovinos de lana],Consultoría COC-2016-0429,Sistemas productivos intensivos,"Esta fotografía está asociada a la Consultoría COC-2016-0429 “Mejorando la competitividad de la cadena de valor ovina a través de la innovación en la intervención y transformación del proceso productivo artesanal de la lana, asociada a la elaboración de textilería con identidad territorial”.",Región de La Araucanía,Malleco,Región de La Araucanía,Región de La Araucanía,Ovinos de lana,Otros productos (elaborados),Textiles,Calidad || Extensión y difusión tecnológica || Gestión || Artesanía / producto artesanal || Manejo productivo
106,COC-2016-0429_194.jpg,Fotografías,Fotografía,Fundación para la Innovación Agraria (FIA),Victoria,2016,1 Fotografía.,imagen/jpg,960 x 1280 píxeles,"0,11 MB",OVINOS || IDENTIDAD TERRITORIAL || PRODUCCIÓN ARTESANAL || LANA || TEXTIL || PRODUCTOS || COMPETITIVIDAD,Fotografías,Consultorías,iag,COC-2016-0429,Victoria,Convocatoria Nacional 2016 Consultorías para la innovación,Procesos Innovadores,Región de La Araucanía,General para rubro Ovinos de lana [General para rubro Ovinos de lana],Consultoría COC-2016-0429,Sistemas productivos intensivos,"Esta fotografía está asociada a la Consultoría COC-2016-0429 “Mejorando la competitividad de la cadena de valor ovina a través de la innovación en la intervención y transformación del proceso productivo artesanal de la lana, asociada a la elaboración de textilería con identidad territorial”.",Región de La Araucanía,Malleco,Región de La Araucanía,Región de La Araucanía,Ovinos de lana,Otros productos (elaborados),Textiles,Calidad || Extensión y difusión tecnológica || Gestión || Artesanía / producto artesanal || Manejo productivo
107,COC-2016-0429_195.jpg,Fotografías,Fotografía,Fundación para la Innovación Agraria (FIA),Victoria,2016,1 Fotografía.,imagen/jpg,960 x 1280 píxeles,"0,09 MB",OVINOS || IDENTIDAD TERRITORIAL || PRODUCCIÓN ARTESANAL || LANA || TEXTIL || PRODUCTOS || COMPETITIVIDAD,Fotografías,Consultorías,iag,COC-2016-0429,Victoria,Convocatoria Nacional 2016 Consultorías para la innovación,Procesos Innovadores,Región de La Araucanía,General para rubro Ovinos de lana [General para rubro Ovinos de lana],Consultoría COC-2016-0429,Sistemas productivos intensivos,"Esta fotografía está asociada a la Consultoría COC-2016-0429 “Mejorando la competitividad de la cadena de valor ovina a través de la innovación en la intervención y transformación del proceso productivo artesanal de la lana, asociada a la elaboración de textilería con identidad territorial”.",Región de La Araucanía,Malleco,Región de La Araucanía,Región de La Araucanía,Ovinos de lana,Otros productos (elaborados),Textiles,Calidad || Extensión y difusión tecnológica || Gestión || Artesanía / producto artesanal || Manejo productivo
108,COC-2016-0429_196.jpg,Fotografías,Fotografía,Fundación para la Innovación Agraria (FIA),Victoria,2016,1 Fotografía.,imagen/jpg,1280 x 960 píxeles,"0,14 MB",OVINOS || IDENTIDAD TERRITORIAL || PRODUCCIÓN ARTESANAL || LANA || TEXTIL || PRODUCTOS || COMPETITIVIDAD,Fotografías,Consultorías,iag,COC-2016-0429,Victoria,Convocatoria Nacional 2016 Consultorías para la innovación,Procesos Innovadores,Región de La Araucanía,General para rubro Ovinos de lana [General para rubro Ovinos de lana],Consultoría COC-2016-0429,Sistemas productivos intensivos,"Esta fotografía está asociada a la Consultoría COC-2016-0429 “Mejorando la competitividad de la cadena de valor ovina a través de la innovación en la intervención y transformación del proceso productivo artesanal de la lana, asociada a la elaboración de textilería con identidad territorial”.",Región de La Araucanía,Malleco,Región de La Araucanía,Región de La Araucanía,Ovinos de lana,Otros productos (elaborados),Textiles,Calidad || Extensión y difusión tecnológica || Gestión || Artesanía / producto artesanal || Manejo productivo
109,COC-2016-0429_197.jpg,Fotografías,Fotografía,Fundación para la Innovación Agraria (FIA),Victoria,2016,1 Fotografía.,imagen/jpg,960 x 1280 píxeles,"0,14 MB",OVINOS || IDENTIDAD TERRITORIAL || PRODUCCIÓN ARTESANAL || LANA || TEXTIL || PRODUCTOS || COMPETITIVIDAD,Fotografías,Consultorías,iag,COC-2016-0429,Victoria,Convocatoria Nacional 2016 Consultorías para la innovación,Procesos Innovadores,Región de La Araucanía,General para rubro Ovinos de lana [General para rubro Ovinos de lana],Consultoría COC-2016-0429,Sistemas productivos intensivos,"Esta fotografía está asociada a la Consultoría COC-2016-0429 “Mejorando la competitividad de la cadena de valor ovina a través de la innovación en la intervención y transformación del proceso productivo artesanal de la lana, asociada a la elaboración de textilería con identidad territorial”.",Región de La Araucanía,Malleco,Región de La Araucanía,Región de La Araucanía,Ovinos de lana,Otros productos (elaborados),Textiles,Calidad || Extensión y difusión tecnológica || Gestión || Artesanía / producto artesanal || Manejo productivo
110,COC-2016-0429_198.jpg,Fotografías,Fotografía,Fundación para la Innovación Agraria (FIA),Victoria,2016,1 Fotografía.,imagen/jpg,1280 x 960 píxeles,"0,14 MB",OVINOS || IDENTIDAD TERRITORIAL || PRODUCCIÓN ARTESANAL || LANA || TEXTIL || PRODUCTOS || COMPETITIVIDAD,Fotografías,Consultorías,iag,COC-2016-0429,Victoria,Convocatoria Nacional 2016 Consultorías para la innovación,Procesos Innovadores,Región de La Araucanía,General para rubro Ovinos de lana [General para rubro Ovinos de lana],Consultoría COC-2016-0429,Sistemas productivos intensivos,"Esta fotografía está asociada a la Consultoría COC-2016-0429 “Mejorando la competitividad de la cadena de valor ovina a través de la innovación en la intervención y transformación del proceso productivo artesanal de la lana, asociada a la elaboración de textilería con identidad territorial”.",Región de La Araucanía,Malleco,Región de La Araucanía,Región de La Araucanía,Ovinos de lana,Otros productos (elaborados),Textiles,Calidad || Extensión y difusión tecnológica || Gestión || Artesanía / producto artesanal || Manejo productivo
111,COC-2016-0429_20.JPG,Fotografías,Fotografía,Fundación para la Innovación Agraria (FIA),Victoria,2016,1 Fotografía.,imagen/jpg,3264 x 2448 píxeles,"1,93 MB",OVINOS || IDENTIDAD TERRITORIAL || PRODUCCIÓN ARTESANAL || LANA || TEXTIL || PRODUCTOS || COMPETITIVIDAD,Fotografías,Consultorías,iag,COC-2016-0429,Victoria,Convocatoria Nacional 2016 Consultorías para la innovación,Procesos Innovadores,Región de La Araucanía,General para rubro Ovinos de lana [General para rubro Ovinos de lana],Consultoría COC-2016-0429,Sistemas productivos intensivos,"Esta fotografía está asociada a la Consultoría COC-2016-0429 “Mejorando la competitividad de la cadena de valor ovina a través de la innovación en la intervención y transformación del proceso productivo artesanal de la lana, asociada a la elaboración de textilería con identidad territorial”.",Región de La Araucanía,Malleco,Región de La Araucanía,Región de La Araucanía,Ovinos de lana,Otros productos (elaborados),Textiles,Calidad || Extensión y difusión tecnológica || Gestión || Artesanía / producto artesanal || Manejo productivo
112,COC-2016-0429_21.JPG,Fotografías,Fotografía,Fundación para la Innovación Agraria (FIA),Victoria,2016,1 Fotografía.,imagen/jpg,3264 x 2448 píxeles,"2,09 MB",OVINOS || IDENTIDAD TERRITORIAL || PRODUCCIÓN ARTESANAL || LANA || TEXTIL || PRODUCTOS || COMPETITIVIDAD,Fotografías,Consultorías,iag,COC-2016-0429,Victoria,Convocatoria Nacional 2016 Consultorías para la innovación,Procesos Innovadores,Región de La Araucanía,General para rubro Ovinos de lana [General para rubro Ovinos de lana],Consultoría COC-2016-0429,Sistemas productivos intensivos,"Esta fotografía está asociada a la Consultoría COC-2016-0429 “Mejorando la competitividad de la cadena de valor ovina a través de la innovación en la intervención y transformación del proceso productivo artesanal de la lana, asociada a la elaboración de textilería con identidad territorial”.",Región de La Araucanía,Malleco,Región de La Araucanía,Región de La Araucanía,Ovinos de lana,Otros productos (elaborados),Textiles,Calidad || Extensión y difusión tecnológica || Gestión || Artesanía / producto artesanal || Manejo productivo
113,COC-2016-0429_22.JPG,Fotografías,Fotografía,Fundación para la Innovación Agraria (FIA),Victoria,2016,1 Fotografía.,imagen/jpg,3264 x 2448 píxeles,"1,67 MB",OVINOS || IDENTIDAD TERRITORIAL || PRODUCCIÓN ARTESANAL || LANA || TEXTIL || PRODUCTOS || COMPETITIVIDAD,Fotografías,Consultorías,iag,COC-2016-0429,Victoria,Convocatoria Nacional 2016 Consultorías para la innovación,Procesos Innovadores,Región de La Araucanía,General para rubro Ovinos de lana [General para rubro Ovinos de lana],Consultoría COC-2016-0429,Sistemas productivos intensivos,"Esta fotografía está asociada a la Consultoría COC-2016-0429 “Mejorando la competitividad de la cadena de valor ovina a través de la innovación en la intervención y transformación del proceso productivo artesanal de la lana, asociada a la elaboración de textilería con identidad territorial”.",Región de La Araucanía,Malleco,Región de La Araucanía,Región de La Araucanía,Ovinos de lana,Otros productos (elaborados),Textiles,Calidad || Extensión y difusión tecnológica || Gestión || Artesanía / producto artesanal || Manejo productivo
114,COC-2016-0429_23.JPG,Fotografías,Fotografía,Fundación para la Innovación Agraria (FIA),Victoria,2016,1 Fotografía.,imagen/jpg,3264 x 2448 píxeles,"2,81 MB",OVINOS || IDENTIDAD TERRITORIAL || PRODUCCIÓN ARTESANAL || LANA || TEXTIL || PRODUCTOS || COMPETITIVIDAD,Fotografías,Consultorías,iag,COC-2016-0429,Victoria,Convocatoria Nacional 2016 Consultorías para la innovación,Procesos Innovadores,Región de La Araucanía,General para rubro Ovinos de lana [General para rubro Ovinos de lana],Consultoría COC-2016-0429,Sistemas productivos intensivos,"Esta fotografía está asociada a la Consultoría COC-2016-0429 “Mejorando la competitividad de la cadena de valor ovina a través de la innovación en la intervención y transformación del proceso productivo artesanal de la lana, asociada a la elaboración de textilería con identidad territorial”.",Región de La Araucanía,Malleco,Región de La Araucanía,Región de La Araucanía,Ovinos de lana,Otros productos (elaborados),Textiles,Calidad || Extensión y difusión tecnológica || Gestión || Artesanía / producto artesanal || Manejo productivo
115,COC-2016-0429_24.JPG,Fotografías,Fotografía,Fundación para la Innovación Agraria (FIA),Victoria,2016,1 Fotografía.,imagen/jpg,3264 x 2448 píxeles,"1,47 MB",OVINOS || IDENTIDAD TERRITORIAL || PRODUCCIÓN ARTESANAL || LANA || TEXTIL || PRODUCTOS || COMPETITIVIDAD,Fotografías,Consultorías,iag,COC-2016-0429,Victoria,Convocatoria Nacional 2016 Consultorías para la innovación,Procesos Innovadores,Región de La Araucanía,General para rubro Ovinos de lana [General para rubro Ovinos de lana],Consultoría COC-2016-0429,Sistemas productivos intensivos,"Esta fotografía está asociada a la Consultoría COC-2016-0429 “Mejorando la competitividad de la cadena de valor ovina a través de la innovación en la intervención y transformación del proceso productivo artesanal de la lana, asociada a la elaboración de textilería con identidad territorial”.",Región de La Araucanía,Malleco,Región de La Araucanía,Región de La Araucanía,Ovinos de lana,Otros productos (elaborados),Textiles,Calidad || Extensión y difusión tecnológica || Gestión || Artesanía / producto artesanal || Manejo productivo
116,COC-2016-0429_25.JPG,Fotografías,Fotografía,Fundación para la Innovación Agraria (FIA),Victoria,2016,1 Fotografía.,imagen/jpg,3264 x 2448 píxeles,"2,72 MB",OVINOS || IDENTIDAD TERRITORIAL || PRODUCCIÓN ARTESANAL || LANA || TEXTIL || PRODUCTOS || COMPETITIVIDAD,Fotografías,Consultorías,iag,COC-2016-0429,Victoria,Convocatoria Nacional 2016 Consultorías para la innovación,Procesos Innovadores,Región de La Araucanía,General para rubro Ovinos de lana [General para rubro Ovinos de lana],Consultoría COC-2016-0429,Sistemas productivos intensivos,"Esta fotografía está asociada a la Consultoría COC-2016-0429 “Mejorando la competitividad de la cadena de valor ovina a través de la innovación en la intervención y transformación del proceso productivo artesanal de la lana, asociada a la elaboración de textilería con identidad territorial”.",Región de La Araucanía,Malleco,Región de La Araucanía,Región de La Araucanía,Ovinos de lana,Otros productos (elaborados),Textiles,Calidad || Extensión y difusión tecnológica || Gestión || Artesanía / producto artesanal || Manejo productivo
117,COC-2016-0429_26.JPG,Fotografías,Fotografía,Fundación para la Innovación Agraria (FIA),Victoria,2016,1 Fotografía.,imagen/jpg,3264 x 2448 píxeles,"1,92 MB",OVINOS || IDENTIDAD TERRITORIAL || PRODUCCIÓN ARTESANAL || LANA || TEXTIL || PRODUCTOS || COMPETITIVIDAD,Fotografías,Consultorías,iag,COC-2016-0429,Victoria,Convocatoria Nacional 2016 Consultorías para la innovación,Procesos Innovadores,Región de La Araucanía,General para rubro Ovinos de lana [General para rubro Ovinos de lana],Consultoría COC-2016-0429,Sistemas productivos intensivos,"Esta fotografía está asociada a la Consultoría COC-2016-0429 “Mejorando la competitividad de la cadena de valor ovina a través de la innovación en la intervención y transformación del proceso productivo artesanal de la lana, asociada a la elaboración de textilería con identidad territorial”.",Región de La Araucanía,Malleco,Región de La Araucanía,Región de La Araucanía,Ovinos de lana,Otros productos (elaborados),Textiles,Calidad || Extensión y difusión tecnológica || Gestión || Artesanía / producto artesanal || Manejo productivo
118,COC-2016-0429_27.JPG,Fotografías,Fotografía,Fundación para la Innovación Agraria (FIA),Victoria,2016,1 Fotografía.,imagen/jpg,3264 x 2448 píxeles,"2,29 MB",OVINOS || IDENTIDAD TERRITORIAL || PRODUCCIÓN ARTESANAL || LANA || TEXTIL || PRODUCTOS || COMPETITIVIDAD,Fotografías,Consultorías,iag,COC-2016-0429,Victoria,Convocatoria Nacional 2016 Consultorías para la innovación,Procesos Innovadores,Región de La Araucanía,General para rubro Ovinos de lana [General para rubro Ovinos de lana],Consultoría COC-2016-0429,Sistemas productivos intensivos,"Esta fotografía está asociada a la Consultoría COC-2016-0429 “Mejorando la competitividad de la cadena de valor ovina a través de la innovación en la intervención y transformación del proceso productivo artesanal de la lana, asociada a la elaboración de textilería con identidad territorial”.",Región de La Araucanía,Malleco,Región de La Araucanía,Región de La Araucanía,Ovinos de lana,Otros productos (elaborados),Textiles,Calidad || Extensión y difusión tecnológica || Gestión || Artesanía / producto artesanal || Manejo productivo
119,COC-2016-0429_28.JPG,Fotografías,Fotografía,Fundación para la Innovación Agraria (FIA),Victoria,2016,1 Fotografía.,imagen/jpg,3264 x 2448 píxeles,"2,61 MB",OVINOS || IDENTIDAD TERRITORIAL || PRODUCCIÓN ARTESANAL || LANA || TEXTIL || PRODUCTOS || COMPETITIVIDAD,Fotografías,Consultorías,iag,COC-2016-0429,Victoria,Convocatoria Nacional 2016 Consultorías para la innovación,Procesos Innovadores,Región de La Araucanía,General para rubro Ovinos de lana [General para rubro Ovinos de lana],Consultoría COC-2016-0429,Sistemas productivos intensivos,"Esta fotografía está asociada a la Consultoría COC-2016-0429 “Mejorando la competitividad de la cadena de valor ovina a través de la innovación en la intervención y transformación del proceso productivo artesanal de la lana, asociada a la elaboración de textilería con identidad territorial”.",Región de La Araucanía,Malleco,Región de La Araucanía,Región de La Araucanía,Ovinos de lana,Otros productos (elaborados),Textiles,Calidad || Extensión y difusión tecnológica || Gestión || Artesanía / producto artesanal || Manejo productivo
120,COC-2016-0429_29.JPG,Fotografías,Fotografía,Fundación para la Innovación Agraria (FIA),Victoria,2016,1 Fotografía.,imagen/jpg,1836 x 3264 píxeles,"0,98 MB",OVINOS || IDENTIDAD TERRITORIAL || PRODUCCIÓN ARTESANAL || LANA || TEXTIL || PRODUCTOS || COMPETITIVIDAD,Fotografías,Consultorías,iag,COC-2016-0429,Victoria,Convocatoria Nacional 2016 Consultorías para la innovación,Procesos Innovadores,Región de La Araucanía,General para rubro Ovinos de lana [General para rubro Ovinos de lana],Consultoría COC-2016-0429,Sistemas productivos intensivos,"Esta fotografía está asociada a la Consultoría COC-2016-0429 “Mejorando la competitividad de la cadena de valor ovina a través de la innovación en la intervención y transformación del proceso productivo artesanal de la lana, asociada a la elaboración de textilería con identidad territorial”.",Región de La Araucanía,Malleco,Región de La Araucanía,Región de La Araucanía,Ovinos de lana,Otros productos (elaborados),Textiles,Calidad || Extensión y difusión tecnológica || Gestión || Artesanía / producto artesanal || Manejo productivo
121,COC-2016-0429_30.JPG,Fotografías,Fotografía,Fundación para la Innovación Agraria (FIA),Victoria,2016,1 Fotografía.,imagen/jpg,1836 x 3264 píxeles,"1,30 MB",OVINOS || IDENTIDAD TERRITORIAL || PRODUCCIÓN ARTESANAL || LANA || TEXTIL || PRODUCTOS || COMPETITIVIDAD,Fotografías,Consultorías,iag,COC-2016-0429,Victoria,Convocatoria Nacional 2016 Consultorías para la innovación,Procesos Innovadores,Región de La Araucanía,General para rubro Ovinos de lana [General para rubro Ovinos de lana],Consultoría COC-2016-0429,Sistemas productivos intensivos,"Esta fotografía está asociada a la Consultoría COC-2016-0429 “Mejorando la competitividad de la cadena de valor ovina a través de la innovación en la intervención y transformación del proceso productivo artesanal de la lana, asociada a la elaboración de textilería con identidad territorial”.",Región de La Araucanía,Malleco,Región de La Araucanía,Región de La Araucanía,Ovinos de lana,Otros productos (elaborados),Textiles,Calidad || Extensión y difusión tecnológica || Gestión || Artesanía / producto artesanal || Manejo productivo
122,COC-2016-0429_31.JPG,Fotografías,Fotografía,Fundación para la Innovación Agraria (FIA),Victoria,2016,1 Fotografía.,imagen/jpg,1836 x 3264 píxeles,"1,21 MB",OVINOS || IDENTIDAD TERRITORIAL || PRODUCCIÓN ARTESANAL || LANA || TEXTIL || PRODUCTOS || COMPETITIVIDAD,Fotografías,Consultorías,iag,COC-2016-0429,Victoria,Convocatoria Nacional 2016 Consultorías para la innovación,Procesos Innovadores,Región de La Araucanía,General para rubro Ovinos de lana [General para rubro Ovinos de lana],Consultoría COC-2016-0429,Sistemas productivos intensivos,"Esta fotografía está asociada a la Consultoría COC-2016-0429 “Mejorando la competitividad de la cadena de valor ovina a través de la innovación en la intervención y transformación del proceso productivo artesanal de la lana, asociada a la elaboración de textilería con identidad territorial”.",Región de La Araucanía,Malleco,Región de La Araucanía,Región de La Araucanía,Ovinos de lana,Otros productos (elaborados),Textiles,Calidad || Extensión y difusión tecnológica || Gestión || Artesanía / producto artesanal || Manejo productivo
123,COC-2016-0429_32.JPG,Fotografías,Fotografía,Fundación para la Innovación Agraria (FIA),Victoria,2016,1 Fotografía.,imagen/jpg,3264 x 2448 píxeles,"2,64 MB",OVINOS || IDENTIDAD TERRITORIAL || PRODUCCIÓN ARTESANAL || LANA || TEXTIL || PRODUCTOS || COMPETITIVIDAD,Fotografías,Consultorías,iag,COC-2016-0429,Victoria,Convocatoria Nacional 2016 Consultorías para la innovación,Procesos Innovadores,Región de La Araucanía,General para rubro Ovinos de lana [General para rubro Ovinos de lana],Consultoría COC-2016-0429,Sistemas productivos intensivos,"Esta fotografía está asociada a la Consultoría COC-2016-0429 “Mejorando la competitividad de la cadena de valor ovina a través de la innovación en la intervención y transformación del proceso productivo artesanal de la lana, asociada a la elaboración de textilería con identidad territorial”.",Región de La Araucanía,Malleco,Región de La Araucanía,Región de La Araucanía,Ovinos de lana,Otros productos (elaborados),Textiles,Calidad || Extensión y difusión tecnológica || Gestión || Artesanía / producto artesanal || Manejo productivo
124,COC-2016-0429_33.JPG,Fotografías,Fotografía,Fundación para la Innovación Agraria (FIA),Victoria,2016,1 Fotografía.,imagen/jpg,3264 x 2448 píxeles,"2,33 MB",OVINOS || IDENTIDAD TERRITORIAL || PRODUCCIÓN ARTESANAL || LANA || TEXTIL || PRODUCTOS || COMPETITIVIDAD,Fotografías,Consultorías,iag,COC-2016-0429,Victoria,Convocatoria Nacional 2016 Consultorías para la innovación,Procesos Innovadores,Región de La Araucanía,General para rubro Ovinos de lana [General para rubro Ovinos de lana],Consultoría COC-2016-0429,Sistemas productivos intensivos,"Esta fotografía está asociada a la Consultoría COC-2016-0429 “Mejorando la competitividad de la cadena de valor ovina a través de la innovación en la intervención y transformación del proceso productivo artesanal de la lana, asociada a la elaboración de textilería con identidad territorial”.",Región de La Araucanía,Malleco,Región de La Araucanía,Región de La Araucanía,Ovinos de lana,Otros productos (elaborados),Textiles,Calidad || Extensión y difusión tecnológica || Gestión || Artesanía / producto artesanal || Manejo productivo
125,COC-2016-0429_34.JPG,Fotografías,Fotografía,Fundación para la Innovación Agraria (FIA),Victoria,2016,1 Fotografía.,imagen/jpg,3264 x 2448 píxeles,"2,38 MB",OVINOS || IDENTIDAD TERRITORIAL || PRODUCCIÓN ARTESANAL || LANA || TEXTIL || PRODUCTOS || COMPETITIVIDAD,Fotografías,Consultorías,iag,COC-2016-0429,Victoria,Convocatoria Nacional 2016 Consultorías para la innovación,Procesos Innovadores,Región de La Araucanía,General para rubro Ovinos de lana [General para rubro Ovinos de lana],Consultoría COC-2016-0429,Sistemas productivos intensivos,"Esta fotografía está asociada a la Consultoría COC-2016-0429 “Mejorando la competitividad de la cadena de valor ovina a través de la innovación en la intervención y transformación del proceso productivo artesanal de la lana, asociada a la elaboración de textilería con identidad territorial”.",Región de La Araucanía,Malleco,Región de La Araucanía,Región de La Araucanía,Ovinos de lana,Otros productos (elaborados),Textiles,Calidad || Extensión y difusión tecnológica || Gestión || Artesanía / producto artesanal || Manejo productivo
126,COC-2016-0429_35.JPG,Fotografías,Fotografía,Fundación para la Innovación Agraria (FIA),Victoria,2016,1 Fotografía.,imagen/jpg,3264 x 2448 píxeles,"2,18 MB",OVINOS || IDENTIDAD TERRITORIAL || PRODUCCIÓN ARTESANAL || LANA || TEXTIL || PRODUCTOS || COMPETITIVIDAD,Fotografías,Consultorías,iag,COC-2016-0429,Victoria,Convocatoria Nacional 2016 Consultorías para la innovación,Procesos Innovadores,Región de La Araucanía,General para rubro Ovinos de lana [General para rubro Ovinos de lana],Consultoría COC-2016-0429,Sistemas productivos intensivos,"Esta fotografía está asociada a la Consultoría COC-2016-0429 “Mejorando la competitividad de la cadena de valor ovina a través de la innovación en la intervención y transformación del proceso productivo artesanal de la lana, asociada a la elaboración de textilería con identidad territorial”.",Región de La Araucanía,Malleco,Región de La Araucanía,Región de La Araucanía,Ovinos de lana,Otros productos (elaborados),Textiles,Calidad || Extensión y difusión tecnológica || Gestión || Artesanía / producto artesanal || Manejo productivo
127,COC-2016-0429_36.JPG,Fotografías,Fotografía,Fundación para la Innovación Agraria (FIA),Victoria,2016,1 Fotografía.,imagen/jpg,3264 x 2448 píxeles,"2,07 MB",OVINOS || IDENTIDAD TERRITORIAL || PRODUCCIÓN ARTESANAL || LANA || TEXTIL || PRODUCTOS || COMPETITIVIDAD,Fotografías,Consultorías,iag,COC-2016-0429,Victoria,Convocatoria Nacional 2016 Consultorías para la innovación,Procesos Innovadores,Región de La Araucanía,General para rubro Ovinos de lana [General para rubro Ovinos de lana],Consultoría COC-2016-0429,Sistemas productivos intensivos,"Esta fotografía está asociada a la Consultoría COC-2016-0429 “Mejorando la competitividad de la cadena de valor ovina a través de la innovación en la intervención y transformación del proceso productivo artesanal de la lana, asociada a la elaboración de textilería con identidad territorial”.",Región de La Araucanía,Malleco,Región de La Araucanía,Región de La Araucanía,Ovinos de lana,Otros productos (elaborados),Textiles,Calidad || Extensión y difusión tecnológica || Gestión || Artesanía / producto artesanal || Manejo productivo
128,COC-2016-0429_37.JPG,Fotografías,Fotografía,Fundación para la Innovación Agraria (FIA),Victoria,2016,1 Fotografía.,imagen/jpg,3264 x 2448 píxeles,"2,14 MB",OVINOS || IDENTIDAD TERRITORIAL || PRODUCCIÓN ARTESANAL || LANA || TEXTIL || PRODUCTOS || COMPETITIVIDAD,Fotografías,Consultorías,iag,COC-2016-0429,Victoria,Convocatoria Nacional 2016 Consultorías para la innovación,Procesos Innovadores,Región de La Araucanía,General para rubro Ovinos de lana [General para rubro Ovinos de lana],Consultoría COC-2016-0429,Sistemas productivos intensivos,"Esta fotografía está asociada a la Consultoría COC-2016-0429 “Mejorando la competitividad de la cadena de valor ovina a través de la innovación en la intervención y transformación del proceso productivo artesanal de la lana, asociada a la elaboración de textilería con identidad territorial”.",Región de La Araucanía,Malleco,Región de La Araucanía,Región de La Araucanía,Ovinos de lana,Otros productos (elaborados),Textiles,Calidad || Extensión y difusión tecnológica || Gestión || Artesanía / producto artesanal || Manejo productivo
129,COC-2016-0429_38.JPG,Fotografías,Fotografía,Fundación para la Innovación Agraria (FIA),Victoria,2016,1 Fotografía.,imagen/jpg,3264 x 2448 píxeles,"2,09 MB",OVINOS || IDENTIDAD TERRITORIAL || PRODUCCIÓN ARTESANAL || LANA || TEXTIL || PRODUCTOS || COMPETITIVIDAD,Fotografías,Consultorías,iag,COC-2016-0429,Victoria,Convocatoria Nacional 2016 Consultorías para la innovación,Procesos Innovadores,Región de La Araucanía,General para rubro Ovinos de lana [General para rubro Ovinos de lana],Consultoría COC-2016-0429,Sistemas productivos intensivos,"Esta fotografía está asociada a la Consultoría COC-2016-0429 “Mejorando la competitividad de la cadena de valor ovina a través de la innovación en la intervención y transformación del proceso productivo artesanal de la lana, asociada a la elaboración de textilería con identidad territorial”.",Región de La Araucanía,Malleco,Región de La Araucanía,Región de La Araucanía,Ovinos de lana,Otros productos (elaborados),Textiles,Calidad || Extensión y difusión tecnológica || Gestión || Artesanía / producto artesanal || Manejo productivo
130,COC-2016-0429_39.JPG,Fotografías,Fotografía,Fundación para la Innovación Agraria (FIA),Victoria,2016,1 Fotografía.,imagen/jpg,3264 x 2448 píxeles,"1,76 MB",OVINOS || IDENTIDAD TERRITORIAL || PRODUCCIÓN ARTESANAL || LANA || TEXTIL || PRODUCTOS || COMPETITIVIDAD,Fotografías,Consultorías,iag,COC-2016-0429,Victoria,Convocatoria Nacional 2016 Consultorías para la innovación,Procesos Innovadores,Región de La Araucanía,General para rubro Ovinos de lana [General para rubro Ovinos de lana],Consultoría COC-2016-0429,Sistemas productivos intensivos,"Esta fotografía está asociada a la Consultoría COC-2016-0429 “Mejorando la competitividad de la cadena de valor ovina a través de la innovación en la intervención y transformación del proceso productivo artesanal de la lana, asociada a la elaboración de textilería con identidad territorial”.",Región de La Araucanía,Malleco,Región de La Araucanía,Región de La Araucanía,Ovinos de lana,Otros productos (elaborados),Textiles,Calidad || Extensión y difusión tecnológica || Gestión || Artesanía / producto artesanal || Manejo productivo
131,COC-2016-0429_40.JPG,Fotografías,Fotografía,Fundación para la Innovación Agraria (FIA),Victoria,2016,1 Fotografía.,imagen/jpg,3264 x 2448 píxeles,"2,02 MB",OVINOS || IDENTIDAD TERRITORIAL || PRODUCCIÓN ARTESANAL || LANA || TEXTIL || PRODUCTOS || COMPETITIVIDAD,Fotografías,Consultorías,iag,COC-2016-0429,Victoria,Convocatoria Nacional 2016 Consultorías para la innovación,Procesos Innovadores,Región de La Araucanía,General para rubro Ovinos de lana [General para rubro Ovinos de lana],Consultoría COC-2016-0429,Sistemas productivos intensivos,"Esta fotografía está asociada a la Consultoría COC-2016-0429 “Mejorando la competitividad de la cadena de valor ovina a través de la innovación en la intervención y transformación del proceso productivo artesanal de la lana, asociada a la elaboración de textilería con identidad territorial”.",Región de La Araucanía,Malleco,Región de La Araucanía,Región de La Araucanía,Ovinos de lana,Otros productos (elaborados),Textiles,Calidad || Extensión y difusión tecnológica || Gestión || Artesanía / producto artesanal || Manejo productivo
132,COC-2016-0429_41.JPG,Fotografías,Fotografía,Fundación para la Innovación Agraria (FIA),Victoria,2016,1 Fotografía.,imagen/jpg,3264 x 2448 píxeles,"1,82 MB",OVINOS || IDENTIDAD TERRITORIAL || PRODUCCIÓN ARTESANAL || LANA || TEXTIL || PRODUCTOS || COMPETITIVIDAD,Fotografías,Consultorías,iag,COC-2016-0429,Victoria,Convocatoria Nacional 2016 Consultorías para la innovación,Procesos Innovadores,Región de La Araucanía,General para rubro Ovinos de lana [General para rubro Ovinos de lana],Consultoría COC-2016-0429,Sistemas productivos intensivos,"Esta fotografía está asociada a la Consultoría COC-2016-0429 “Mejorando la competitividad de la cadena de valor ovina a través de la innovación en la intervención y transformación del proceso productivo artesanal de la lana, asociada a la elaboración de textilería con identidad territorial”.",Región de La Araucanía,Malleco,Región de La Araucanía,Región de La Araucanía,Ovinos de lana,Otros productos (elaborados),Textiles,Calidad || Extensión y difusión tecnológica || Gestión || Artesanía / producto artesanal || Manejo productivo
133,COC-2016-0429_42.JPG,Fotografías,Fotografía,Fundación para la Innovación Agraria (FIA),Victoria,2016,1 Fotografía.,imagen/jpg,3264 x 2448 píxeles,"2,48 MB",OVINOS || IDENTIDAD TERRITORIAL || PRODUCCIÓN ARTESANAL || LANA || TEXTIL || PRODUCTOS || COMPETITIVIDAD,Fotografías,Consultorías,iag,COC-2016-0429,Victoria,Convocatoria Nacional 2016 Consultorías para la innovación,Procesos Innovadores,Región de La Araucanía,General para rubro Ovinos de lana [General para rubro Ovinos de lana],Consultoría COC-2016-0429,Sistemas productivos intensivos,"Esta fotografía está asociada a la Consultoría COC-2016-0429 “Mejorando la competitividad de la cadena de valor ovina a través de la innovación en la intervención y transformación del proceso productivo artesanal de la lana, asociada a la elaboración de textilería con identidad territorial”.",Región de La Araucanía,Malleco,Región de La Araucanía,Región de La Araucanía,Ovinos de lana,Otros productos (elaborados),Textiles,Calidad || Extensión y difusión tecnológica || Gestión || Artesanía / producto artesanal || Manejo productivo
134,COC-2016-0429_43.JPG,Fotografías,Fotografía,Fundación para la Innovación Agraria (FIA),Victoria,2016,1 Fotografía.,imagen/jpg,3264 x 2448 píxeles,"1,90 MB",OVINOS || IDENTIDAD TERRITORIAL || PRODUCCIÓN ARTESANAL || LANA || TEXTIL || PRODUCTOS || COMPETITIVIDAD,Fotografías,Consultorías,iag,COC-2016-0429,Victoria,Convocatoria Nacional 2016 Consultorías para la innovación,Procesos Innovadores,Región de La Araucanía,General para rubro Ovinos de lana [General para rubro Ovinos de lana],Consultoría COC-2016-0429,Sistemas productivos intensivos,"Esta fotografía está asociada a la Consultoría COC-2016-0429 “Mejorando la competitividad de la cadena de valor ovina a través de la innovación en la intervención y transformación del proceso productivo artesanal de la lana, asociada a la elaboración de textilería con identidad territorial”.",Región de La Araucanía,Malleco,Región de La Araucanía,Región de La Araucanía,Ovinos de lana,Otros productos (elaborados),Textiles,Calidad || Extensión y difusión tecnológica || Gestión || Artesanía / producto artesanal || Manejo productivo
135,COC-2016-0429_44.JPG,Fotografías,Fotografía,Fundación para la Innovación Agraria (FIA),Victoria,2016,1 Fotografía.,imagen/jpg,3264 x 2448 píxeles,"2,58 MB",OVINOS || IDENTIDAD TERRITORIAL || PRODUCCIÓN ARTESANAL || LANA || TEXTIL || PRODUCTOS || COMPETITIVIDAD,Fotografías,Consultorías,iag,COC-2016-0429,Victoria,Convocatoria Nacional 2016 Consultorías para la innovación,Procesos Innovadores,Región de La Araucanía,General para rubro Ovinos de lana [General para rubro Ovinos de lana],Consultoría COC-2016-0429,Sistemas productivos intensivos,"Esta fotografía está asociada a la Consultoría COC-2016-0429 “Mejorando la competitividad de la cadena de valor ovina a través de la innovación en la intervención y transformación del proceso productivo artesanal de la lana, asociada a la elaboración de textilería con identidad territorial”.",Región de La Araucanía,Malleco,Región de La Araucanía,Región de La Araucanía,Ovinos de lana,Otros productos (elaborados),Textiles,Calidad || Extensión y difusión tecnológica || Gestión || Artesanía / producto artesanal || Manejo productivo
136,COC-2016-0429_45.JPG,Fotografías,Fotografía,Fundación para la Innovación Agraria (FIA),Victoria,2016,1 Fotografía.,imagen/jpg,3264 x 2448 píxeles,"2,55 MB",OVINOS || IDENTIDAD TERRITORIAL || PRODUCCIÓN ARTESANAL || LANA || TEXTIL || PRODUCTOS || COMPETITIVIDAD,Fotografías,Consultorías,iag,COC-2016-0429,Victoria,Convocatoria Nacional 2016 Consultorías para la innovación,Procesos Innovadores,Región de La Araucanía,General para rubro Ovinos de lana [General para rubro Ovinos de lana],Consultoría COC-2016-0429,Sistemas productivos intensivos,"Esta fotografía está asociada a la Consultoría COC-2016-0429 “Mejorando la competitividad de la cadena de valor ovina a través de la innovación en la intervención y transformación del proceso productivo artesanal de la lana, asociada a la elaboración de textilería con identidad territorial”.",Región de La Araucanía,Malleco,Región de La Araucanía,Región de La Araucanía,Ovinos de lana,Otros productos (elaborados),Textiles,Calidad || Extensión y difusión tecnológica || Gestión || Artesanía / producto artesanal || Manejo productivo
137,COC-2016-0429_46.JPG,Fotografías,Fotografía,Fundación para la Innovación Agraria (FIA),Victoria,2016,1 Fotografía.,imagen/jpg,3264 x 2448 píxeles,"1,80 MB",OVINOS || IDENTIDAD TERRITORIAL || PRODUCCIÓN ARTESANAL || LANA || TEXTIL || PRODUCTOS || COMPETITIVIDAD,Fotografías,Consultorías,iag,COC-2016-0429,Victoria,Convocatoria Nacional 2016 Consultorías para la innovación,Procesos Innovadores,Región de La Araucanía,General para rubro Ovinos de lana [General para rubro Ovinos de lana],Consultoría COC-2016-0429,Sistemas productivos intensivos,"Esta fotografía está asociada a la Consultoría COC-2016-0429 “Mejorando la competitividad de la cadena de valor ovina a través de la innovación en la intervención y transformación del proceso productivo artesanal de la lana, asociada a la elaboración de textilería con identidad territorial”.",Región de La Araucanía,Malleco,Región de La Araucanía,Región de La Araucanía,Ovinos de lana,Otros productos (elaborados),Textiles,Calidad || Extensión y difusión tecnológica || Gestión || Artesanía / producto artesanal || Manejo productivo
138,COC-2016-0429_47.JPG,Fotografías,Fotografía,Fundación para la Innovación Agraria (FIA),Victoria,2016,1 Fotografía.,imagen/jpg,3264 x 2448 píxeles,"2,62 MB",OVINOS || IDENTIDAD TERRITORIAL || PRODUCCIÓN ARTESANAL || LANA || TEXTIL || PRODUCTOS || COMPETITIVIDAD,Fotografías,Consultorías,iag,COC-2016-0429,Victoria,Convocatoria Nacional 2016 Consultorías para la innovación,Procesos Innovadores,Región de La Araucanía,General para rubro Ovinos de lana [General para rubro Ovinos de lana],Consultoría COC-2016-0429,Sistemas productivos intensivos,"Esta fotografía está asociada a la Consultoría COC-2016-0429 “Mejorando la competitividad de la cadena de valor ovina a través de la innovación en la intervención y transformación del proceso productivo artesanal de la lana, asociada a la elaboración de textilería con identidad territorial”.",Región de La Araucanía,Malleco,Región de La Araucanía,Región de La Araucanía,Ovinos de lana,Otros productos (elaborados),Textiles,Calidad || Extensión y difusión tecnológica || Gestión || Artesanía / producto artesanal || Manejo productivo
139,COC-2016-0429_48.JPG,Fotografías,Fotografía,Fundación para la Innovación Agraria (FIA),Victoria,2016,1 Fotografía.,imagen/jpg,3264 x 2448 píxeles,"2,79 MB",OVINOS || IDENTIDAD TERRITORIAL || PRODUCCIÓN ARTESANAL || LANA || TEXTIL || PRODUCTOS || COMPETITIVIDAD,Fotografías,Consultorías,iag,COC-2016-0429,Victoria,Convocatoria Nacional 2016 Consultorías para la innovación,Procesos Innovadores,Región de La Araucanía,General para rubro Ovinos de lana [General para rubro Ovinos de lana],Consultoría COC-2016-0429,Sistemas productivos intensivos,"Esta fotografía está asociada a la Consultoría COC-2016-0429 “Mejorando la competitividad de la cadena de valor ovina a través de la innovación en la intervención y transformación del proceso productivo artesanal de la lana, asociada a la elaboración de textilería con identidad territorial”.",Región de La Araucanía,Malleco,Región de La Araucanía,Región de La Araucanía,Ovinos de lana,Otros productos (elaborados),Textiles,Calidad || Extensión y difusión tecnológica || Gestión || Artesanía / producto artesanal || Manejo productivo
140,COC-2016-0429_49.JPG,Fotografías,Fotografía,Fundación para la Innovación Agraria (FIA),Victoria,2016,1 Fotografía.,imagen/jpg,3264 x 2448 píxeles,"2,27 MB",OVINOS || IDENTIDAD TERRITORIAL || PRODUCCIÓN ARTESANAL || LANA || TEXTIL || PRODUCTOS || COMPETITIVIDAD,Fotografías,Consultorías,iag,COC-2016-0429,Victoria,Convocatoria Nacional 2016 Consultorías para la innovación,Procesos Innovadores,Región de La Araucanía,General para rubro Ovinos de lana [General para rubro Ovinos de lana],Consultoría COC-2016-0429,Sistemas productivos intensivos,"Esta fotografía está asociada a la Consultoría COC-2016-0429 “Mejorando la competitividad de la cadena de valor ovina a través de la innovación en la intervención y transformación del proceso productivo artesanal de la lana, asociada a la elaboración de textilería con identidad territorial”.",Región de La Araucanía,Malleco,Región de La Araucanía,Región de La Araucanía,Ovinos de lana,Otros productos (elaborados),Textiles,Calidad || Extensión y difusión tecnológica || Gestión || Artesanía / producto artesanal || Manejo productivo
141,COC-2016-0429_50.JPG,Fotografías,Fotografía,Fundación para la Innovación Agraria (FIA),Victoria,2016,1 Fotografía.,imagen/jpg,3264 x 2448 píxeles,"2,27 MB",OVINOS || IDENTIDAD TERRITORIAL || PRODUCCIÓN ARTESANAL || LANA || TEXTIL || PRODUCTOS || COMPETITIVIDAD,Fotografías,Consultorías,iag,COC-2016-0429,Victoria,Convocatoria Nacional 2016 Consultorías para la innovación,Procesos Innovadores,Región de La Araucanía,General para rubro Ovinos de lana [General para rubro Ovinos de lana],Consultoría COC-2016-0429,Sistemas productivos intensivos,"Esta fotografía está asociada a la Consultoría COC-2016-0429 “Mejorando la competitividad de la cadena de valor ovina a través de la innovación en la intervención y transformación del proceso productivo artesanal de la lana, asociada a la elaboración de textilería con identidad territorial”.",Región de La Araucanía,Malleco,Región de La Araucanía,Región de La Araucanía,Ovinos de lana,Otros productos (elaborados),Textiles,Calidad || Extensión y difusión tecnológica || Gestión || Artesanía / producto artesanal || Manejo productivo
142,COC-2016-0429_51.JPG,Fotografías,Fotografía,Fundación para la Innovación Agraria (FIA),Victoria,2016,1 Fotografía.,imagen/jpg,3264 x 2448 píxeles,"2,50 MB",OVINOS || IDENTIDAD TERRITORIAL || PRODUCCIÓN ARTESANAL || LANA || TEXTIL || PRODUCTOS || COMPETITIVIDAD,Fotografías,Consultorías,iag,COC-2016-0429,Victoria,Convocatoria Nacional 2016 Consultorías para la innovación,Procesos Innovadores,Región de La Araucanía,General para rubro Ovinos de lana [General para rubro Ovinos de lana],Consultoría COC-2016-0429,Sistemas productivos intensivos,"Esta fotografía está asociada a la Consultoría COC-2016-0429 “Mejorando la competitividad de la cadena de valor ovina a través de la innovación en la intervención y transformación del proceso productivo artesanal de la lana, asociada a la elaboración de textilería con identidad territorial”.",Región de La Araucanía,Malleco,Región de La Araucanía,Región de La Araucanía,Ovinos de lana,Otros productos (elaborados),Textiles,Calidad || Extensión y difusión tecnológica || Gestión || Artesanía / producto artesanal || Manejo productivo
143,COC-2016-0429_52.JPG,Fotografías,Fotografía,Fundación para la Innovación Agraria (FIA),Victoria,2016,1 Fotografía.,imagen/jpg,3264 x 2448 píxeles,"2,15 MB",OVINOS || IDENTIDAD TERRITORIAL || PRODUCCIÓN ARTESANAL || LANA || TEXTIL || PRODUCTOS || COMPETITIVIDAD,Fotografías,Consultorías,iag,COC-2016-0429,Victoria,Convocatoria Nacional 2016 Consultorías para la innovación,Procesos Innovadores,Región de La Araucanía,General para rubro Ovinos de lana [General para rubro Ovinos de lana],Consultoría COC-2016-0429,Sistemas productivos intensivos,"Esta fotografía está asociada a la Consultoría COC-2016-0429 “Mejorando la competitividad de la cadena de valor ovina a través de la innovación en la intervención y transformación del proceso productivo artesanal de la lana, asociada a la elaboración de textilería con identidad territorial”.",Región de La Araucanía,Malleco,Región de La Araucanía,Región de La Araucanía,Ovinos de lana,Otros productos (elaborados),Textiles,Calidad || Extensión y difusión tecnológica || Gestión || Artesanía / producto artesanal || Manejo productivo
144,COC-2016-0429_53.JPG,Fotografías,Fotografía,Fundación para la Innovación Agraria (FIA),Victoria,2016,1 Fotografía.,imagen/jpg,3264 x 2448 píxeles,"1,73 MB",OVINOS || IDENTIDAD TERRITORIAL || PRODUCCIÓN ARTESANAL || LANA || TEXTIL || PRODUCTOS || COMPETITIVIDAD,Fotografías,Consultorías,iag,COC-2016-0429,Victoria,Convocatoria Nacional 2016 Consultorías para la innovación,Procesos Innovadores,Región de La Araucanía,General para rubro Ovinos de lana [General para rubro Ovinos de lana],Consultoría COC-2016-0429,Sistemas productivos intensivos,"Esta fotografía está asociada a la Consultoría COC-2016-0429 “Mejorando la competitividad de la cadena de valor ovina a través de la innovación en la intervención y transformación del proceso productivo artesanal de la lana, asociada a la elaboración de textilería con identidad territorial”.",Región de La Araucanía,Malleco,Región de La Araucanía,Región de La Araucanía,Ovinos de lana,Otros productos (elaborados),Textiles,Calidad || Extensión y difusión tecnológica || Gestión || Artesanía / producto artesanal || Manejo productivo
145,COC-2016-0429_54.JPG,Fotografías,Fotografía,Fundación para la Innovación Agraria (FIA),Victoria,2016,1 Fotografía.,imagen/jpg,3264 x 2448 píxeles,"2,18 MB",OVINOS || IDENTIDAD TERRITORIAL || PRODUCCIÓN ARTESANAL || LANA || TEXTIL || PRODUCTOS || COMPETITIVIDAD,Fotografías,Consultorías,iag,COC-2016-0429,Victoria,Convocatoria Nacional 2016 Consultorías para la innovación,Procesos Innovadores,Región de La Araucanía,General para rubro Ovinos de lana [General para rubro Ovinos de lana],Consultoría COC-2016-0429,Sistemas productivos intensivos,"Esta fotografía está asociada a la Consultoría COC-2016-0429 “Mejorando la competitividad de la cadena de valor ovina a través de la innovación en la intervención y transformación del proceso productivo artesanal de la lana, asociada a la elaboración de textilería con identidad territorial”.",Región de La Araucanía,Malleco,Región de La Araucanía,Región de La Araucanía,Ovinos de lana,Otros productos (elaborados),Textiles,Calidad || Extensión y difusión tecnológica || Gestión || Artesanía / producto artesanal || Manejo productivo
146,COC-2016-0429_55.JPG,Fotografías,Fotografía,Fundación para la Innovación Agraria (FIA),Victoria,2016,1 Fotografía.,imagen/jpg,3264 x 2448 píxeles,"1,85 MB",OVINOS || IDENTIDAD TERRITORIAL || PRODUCCIÓN ARTESANAL || LANA || TEXTIL || PRODUCTOS || COMPETITIVIDAD,Fotografías,Consultorías,iag,COC-2016-0429,Victoria,Convocatoria Nacional 2016 Consultorías para la innovación,Procesos Innovadores,Región de La Araucanía,General para rubro Ovinos de lana [General para rubro Ovinos de lana],Consultoría COC-2016-0429,Sistemas productivos intensivos,"Esta fotografía está asociada a la Consultoría COC-2016-0429 “Mejorando la competitividad de la cadena de valor ovina a través de la innovación en la intervención y transformación del proceso productivo artesanal de la lana, asociada a la elaboración de textilería con identidad territorial”.",Región de La Araucanía,Malleco,Región de La Araucanía,Región de La Araucanía,Ovinos de lana,Otros productos (elaborados),Textiles,Calidad || Extensión y difusión tecnológica || Gestión || Artesanía / producto artesanal || Manejo productivo
147,COC-2016-0429_56.JPG,Fotografías,Fotografía,Fundación para la Innovación Agraria (FIA),Victoria,2016,1 Fotografía.,imagen/jpg,3264 x 2448 píxeles,"2,62 MB",OVINOS || IDENTIDAD TERRITORIAL || PRODUCCIÓN ARTESANAL || LANA || TEXTIL || PRODUCTOS || COMPETITIVIDAD,Fotografías,Consultorías,iag,COC-2016-0429,Victoria,Convocatoria Nacional 2016 Consultorías para la innovación,Procesos Innovadores,Región de La Araucanía,General para rubro Ovinos de lana [General para rubro Ovinos de lana],Consultoría COC-2016-0429,Sistemas productivos intensivos,"Esta fotografía está asociada a la Consultoría COC-2016-0429 “Mejorando la competitividad de la cadena de valor ovina a través de la innovación en la intervención y transformación del proceso productivo artesanal de la lana, asociada a la elaboración de textilería con identidad territorial”.",Región de La Araucanía,Malleco,Región de La Araucanía,Región de La Araucanía,Ovinos de lana,Otros productos (elaborados),Textiles,Calidad || Extensión y difusión tecnológica || Gestión || Artesanía / producto artesanal || Manejo productivo
148,COC-2016-0429_57.JPG,Fotografías,Fotografía,Fundación para la Innovación Agraria (FIA),Victoria,2016,1 Fotografía.,imagen/jpg,3264 x 2448 píxeles,"1,96 MB",OVINOS || IDENTIDAD TERRITORIAL || PRODUCCIÓN ARTESANAL || LANA || TEXTIL || PRODUCTOS || COMPETITIVIDAD,Fotografías,Consultorías,iag,COC-2016-0429,Victoria,Convocatoria Nacional 2016 Consultorías para la innovación,Procesos Innovadores,Región de La Araucanía,General para rubro Ovinos de lana [General para rubro Ovinos de lana],Consultoría COC-2016-0429,Sistemas productivos intensivos,"Esta fotografía está asociada a la Consultoría COC-2016-0429 “Mejorando la competitividad de la cadena de valor ovina a través de la innovación en la intervención y transformación del proceso productivo artesanal de la lana, asociada a la elaboración de textilería con identidad territorial”.",Región de La Araucanía,Malleco,Región de La Araucanía,Región de La Araucanía,Ovinos de lana,Otros productos (elaborados),Textiles,Calidad || Extensión y difusión tecnológica || Gestión || Artesanía / producto artesanal || Manejo productivo
149,COC-2016-0429_58.JPG,Fotografías,Fotografía,Fundación para la Innovación Agraria (FIA),Victoria,2016,1 Fotografía.,imagen/jpg,3264 x 2448 píxeles,"1,93 MB",OVINOS || IDENTIDAD TERRITORIAL || PRODUCCIÓN ARTESANAL || LANA || TEXTIL || PRODUCTOS || COMPETITIVIDAD,Fotografías,Consultorías,iag,COC-2016-0429,Victoria,Convocatoria Nacional 2016 Consultorías para la innovación,Procesos Innovadores,Región de La Araucanía,General para rubro Ovinos de lana [General para rubro Ovinos de lana],Consultoría COC-2016-0429,Sistemas productivos intensivos,"Esta fotografía está asociada a la Consultoría COC-2016-0429 “Mejorando la competitividad de la cadena de valor ovina a través de la innovación en la intervención y transformación del proceso productivo artesanal de la lana, asociada a la elaboración de textilería con identidad territorial”.",Región de La Araucanía,Malleco,Región de La Araucanía,Región de La Araucanía,Ovinos de lana,Otros productos (elaborados),Textiles,Calidad || Extensión y difusión tecnológica || Gestión || Artesanía / producto artesanal || Manejo productivo
150,COC-2016-0429_59.JPG,Fotografías,Fotografía,Fundación para la Innovación Agraria (FIA),Victoria,2016,1 Fotografía.,imagen/jpg,3264 x 2448 píxeles,"2,03 MB",OVINOS || IDENTIDAD TERRITORIAL || PRODUCCIÓN ARTESANAL || LANA || TEXTIL || PRODUCTOS || COMPETITIVIDAD,Fotografías,Consultorías,iag,COC-2016-0429,Victoria,Convocatoria Nacional 2016 Consultorías para la innovación,Procesos Innovadores,Región de La Araucanía,General para rubro Ovinos de lana [General para rubro Ovinos de lana],Consultoría COC-2016-0429,Sistemas productivos intensivos,"Esta fotografía está asociada a la Consultoría COC-2016-0429 “Mejorando la competitividad de la cadena de valor ovina a través de la innovación en la intervención y transformación del proceso productivo artesanal de la lana, asociada a la elaboración de textilería con identidad territorial”.",Región de La Araucanía,Malleco,Región de La Araucanía,Región de La Araucanía,Ovinos de lana,Otros productos (elaborados),Textiles,Calidad || Extensión y difusión tecnológica || Gestión || Artesanía / producto artesanal || Manejo productivo
151,COC-2016-0429_60.JPG,Fotografías,Fotografía,Fundación para la Innovación Agraria (FIA),Victoria,2016,1 Fotografía.,imagen/jpg,3264 x 2448 píxeles,"2,60 MB",OVINOS || IDENTIDAD TERRITORIAL || PRODUCCIÓN ARTESANAL || LANA || TEXTIL || PRODUCTOS || COMPETITIVIDAD,Fotografías,Consultorías,iag,COC-2016-0429,Victoria,Convocatoria Nacional 2016 Consultorías para la innovación,Procesos Innovadores,Región de La Araucanía,General para rubro Ovinos de lana [General para rubro Ovinos de lana],Consultoría COC-2016-0429,Sistemas productivos intensivos,"Esta fotografía está asociada a la Consultoría COC-2016-0429 “Mejorando la competitividad de la cadena de valor ovina a través de la innovación en la intervención y transformación del proceso productivo artesanal de la lana, asociada a la elaboración de textilería con identidad territorial”.",Región de La Araucanía,Malleco,Región de La Araucanía,Región de La Araucanía,Ovinos de lana,Otros productos (elaborados),Textiles,Calidad || Extensión y difusión tecnológica || Gestión || Artesanía / producto artesanal || Manejo productivo
152,COC-2016-0429_61.JPG,Fotografías,Fotografía,Fundación para la Innovación Agraria (FIA),Victoria,2016,1 Fotografía.,imagen/jpg,3264 x 2448 píxeles,"1,75 MB",OVINOS || IDENTIDAD TERRITORIAL || PRODUCCIÓN ARTESANAL || LANA || TEXTIL || PRODUCTOS || COMPETITIVIDAD,Fotografías,Consultorías,iag,COC-2016-0429,Victoria,Convocatoria Nacional 2016 Consultorías para la innovación,Procesos Innovadores,Región de La Araucanía,General para rubro Ovinos de lana [General para rubro Ovinos de lana],Consultoría COC-2016-0429,Sistemas productivos intensivos,"Esta fotografía está asociada a la Consultoría COC-2016-0429 “Mejorando la competitividad de la cadena de valor ovina a través de la innovación en la intervención y transformación del proceso productivo artesanal de la lana, asociada a la elaboración de textilería con identidad territorial”.",Región de La Araucanía,Malleco,Región de La Araucanía,Región de La Araucanía,Ovinos de lana,Otros productos (elaborados),Textiles,Calidad || Extensión y difusión tecnológica || Gestión || Artesanía / producto artesanal || Manejo productivo
153,COC-2016-0429_62.JPG,Fotografías,Fotografía,Fundación para la Innovación Agraria (FIA),Victoria,2016,1 Fotografía.,imagen/jpg,3264 x 2448 píxeles,"2,31 MB",OVINOS || IDENTIDAD TERRITORIAL || PRODUCCIÓN ARTESANAL || LANA || TEXTIL || PRODUCTOS || COMPETITIVIDAD,Fotografías,Consultorías,iag,COC-2016-0429,Victoria,Convocatoria Nacional 2016 Consultorías para la innovación,Procesos Innovadores,Región de La Araucanía,General para rubro Ovinos de lana [General para rubro Ovinos de lana],Consultoría COC-2016-0429,Sistemas productivos intensivos,"Esta fotografía está asociada a la Consultoría COC-2016-0429 “Mejorando la competitividad de la cadena de valor ovina a través de la innovación en la intervención y transformación del proceso productivo artesanal de la lana, asociada a la elaboración de textilería con identidad territorial”.",Región de La Araucanía,Malleco,Región de La Araucanía,Región de La Araucanía,Ovinos de lana,Otros productos (elaborados),Textiles,Calidad || Extensión y difusión tecnológica || Gestión || Artesanía / producto artesanal || Manejo productivo
154,COC-2016-0429_63.JPG,Fotografías,Fotografía,Fundación para la Innovación Agraria (FIA),Victoria,2016,1 Fotografía.,imagen/jpg,3264 x 2448 píxeles,"2,72 MB",OVINOS || IDENTIDAD TERRITORIAL || PRODUCCIÓN ARTESANAL || LANA || TEXTIL || PRODUCTOS || COMPETITIVIDAD,Fotografías,Consultorías,iag,COC-2016-0429,Victoria,Convocatoria Nacional 2016 Consultorías para la innovación,Procesos Innovadores,Región de La Araucanía,General para rubro Ovinos de lana [General para rubro Ovinos de lana],Consultoría COC-2016-0429,Sistemas productivos intensivos,"Esta fotografía está asociada a la Consultoría COC-2016-0429 “Mejorando la competitividad de la cadena de valor ovina a través de la innovación en la intervención y transformación del proceso productivo artesanal de la lana, asociada a la elaboración de textilería con identidad territorial”.",Región de La Araucanía,Malleco,Región de La Araucanía,Región de La Araucanía,Ovinos de lana,Otros productos (elaborados),Textiles,Calidad || Extensión y difusión tecnológica || Gestión || Artesanía / producto artesanal || Manejo productivo
155,COC-2016-0429_64.JPG,Fotografías,Fotografía,Fundación para la Innovación Agraria (FIA),Victoria,2016,1 Fotografía.,imagen/jpg,3264 x 2448 píxeles,"2,76 MB",OVINOS || IDENTIDAD TERRITORIAL || PRODUCCIÓN ARTESANAL || LANA || TEXTIL || PRODUCTOS || COMPETITIVIDAD,Fotografías,Consultorías,iag,COC-2016-0429,Victoria,Convocatoria Nacional 2016 Consultorías para la innovación,Procesos Innovadores,Región de La Araucanía,General para rubro Ovinos de lana [General para rubro Ovinos de lana],Consultoría COC-2016-0429,Sistemas productivos intensivos,"Esta fotografía está asociada a la Consultoría COC-2016-0429 “Mejorando la competitividad de la cadena de valor ovina a través de la innovación en la intervención y transformación del proceso productivo artesanal de la lana, asociada a la elaboración de textilería con identidad territorial”.",Región de La Araucanía,Malleco,Región de La Araucanía,Región de La Araucanía,Ovinos de lana,Otros productos (elaborados),Textiles,Calidad || Extensión y difusión tecnológica || Gestión || Artesanía / producto artesanal || Manejo productivo
156,COC-2016-0429_65.JPG,Fotografías,Fotografía,Fundación para la Innovación Agraria (FIA),Victoria,2016,1 Fotografía.,imagen/jpg,3264 x 2448 píxeles,"2,24 MB",OVINOS || IDENTIDAD TERRITORIAL || PRODUCCIÓN ARTESANAL || LANA || TEXTIL || PRODUCTOS || COMPETITIVIDAD,Fotografías,Consultorías,iag,COC-2016-0429,Victoria,Convocatoria Nacional 2016 Consultorías para la innovación,Procesos Innovadores,Región de La Araucanía,General para rubro Ovinos de lana [General para rubro Ovinos de lana],Consultoría COC-2016-0429,Sistemas productivos intensivos,"Esta fotografía está asociada a la Consultoría COC-2016-0429 “Mejorando la competitividad de la cadena de valor ovina a través de la innovación en la intervención y transformación del proceso productivo artesanal de la lana, asociada a la elaboración de textilería con identidad territorial”.",Región de La Araucanía,Malleco,Región de La Araucanía,Región de La Araucanía,Ovinos de lana,Otros productos (elaborados),Textiles,Calidad || Extensión y difusión tecnológica || Gestión || Artesanía / producto artesanal || Manejo productivo
157,COC-2016-0429_66.JPG,Fotografías,Fotografía,Fundación para la Innovación Agraria (FIA),Victoria,2016,1 Fotografía.,imagen/jpg,3264 x 2448 píxeles,"2,60 MB",OVINOS || IDENTIDAD TERRITORIAL || PRODUCCIÓN ARTESANAL || LANA || TEXTIL || PRODUCTOS || COMPETITIVIDAD,Fotografías,Consultorías,iag,COC-2016-0429,Victoria,Convocatoria Nacional 2016 Consultorías para la innovación,Procesos Innovadores,Región de La Araucanía,General para rubro Ovinos de lana [General para rubro Ovinos de lana],Consultoría COC-2016-0429,Sistemas productivos intensivos,"Esta fotografía está asociada a la Consultoría COC-2016-0429 “Mejorando la competitividad de la cadena de valor ovina a través de la innovación en la intervención y transformación del proceso productivo artesanal de la lana, asociada a la elaboración de textilería con identidad territorial”.",Región de La Araucanía,Malleco,Región de La Araucanía,Región de La Araucanía,Ovinos de lana,Otros productos (elaborados),Textiles,Calidad || Extensión y difusión tecnológica || Gestión || Artesanía / producto artesanal || Manejo productivo
158,COC-2016-0429_67.JPG,Fotografías,Fotografía,Fundación para la Innovación Agraria (FIA),Victoria,2016,1 Fotografía.,imagen/jpg,3264 x 2448 píxeles,"3,08 MB",OVINOS || IDENTIDAD TERRITORIAL || PRODUCCIÓN ARTESANAL || LANA || TEXTIL || PRODUCTOS || COMPETITIVIDAD,Fotografías,Consultorías,iag,COC-2016-0429,Victoria,Convocatoria Nacional 2016 Consultorías para la innovación,Procesos Innovadores,Región de La Araucanía,General para rubro Ovinos de lana [General para rubro Ovinos de lana],Consultoría COC-2016-0429,Sistemas productivos intensivos,"Esta fotografía está asociada a la Consultoría COC-2016-0429 “Mejorando la competitividad de la cadena de valor ovina a través de la innovación en la intervención y transformación del proceso productivo artesanal de la lana, asociada a la elaboración de textilería con identidad territorial”.",Región de La Araucanía,Malleco,Región de La Araucanía,Región de La Araucanía,Ovinos de lana,Otros productos (elaborados),Textiles,Calidad || Extensión y difusión tecnológica || Gestión || Artesanía / producto artesanal || Manejo productivo
159,COC-2016-0429_68.JPG,Fotografías,Fotografía,Fundación para la Innovación Agraria (FIA),Victoria,2016,1 Fotografía.,imagen/jpg,3264 x 2448 píxeles,"2,98 MB",OVINOS || IDENTIDAD TERRITORIAL || PRODUCCIÓN ARTESANAL || LANA || TEXTIL || PRODUCTOS || COMPETITIVIDAD,Fotografías,Consultorías,iag,COC-2016-0429,Victoria,Convocatoria Nacional 2016 Consultorías para la innovación,Procesos Innovadores,Región de La Araucanía,General para rubro Ovinos de lana [General para rubro Ovinos de lana],Consultoría COC-2016-0429,Sistemas productivos intensivos,"Esta fotografía está asociada a la Consultoría COC-2016-0429 “Mejorando la competitividad de la cadena de valor ovina a través de la innovación en la intervención y transformación del proceso productivo artesanal de la lana, asociada a la elaboración de textilería con identidad territorial”.",Región de La Araucanía,Malleco,Región de La Araucanía,Región de La Araucanía,Ovinos de lana,Otros productos (elaborados),Textiles,Calidad || Extensión y difusión tecnológica || Gestión || Artesanía / producto artesanal || Manejo productivo
160,COC-2016-0429_69.JPG,Fotografías,Fotografía,Fundación para la Innovación Agraria (FIA),Victoria,2016,1 Fotografía.,imagen/jpg,3264 x 2448 píxeles,"3,79 MB",OVINOS || IDENTIDAD TERRITORIAL || PRODUCCIÓN ARTESANAL || LANA || TEXTIL || PRODUCTOS || COMPETITIVIDAD,Fotografías,Consultorías,iag,COC-2016-0429,Victoria,Convocatoria Nacional 2016 Consultorías para la innovación,Procesos Innovadores,Región de La Araucanía,General para rubro Ovinos de lana [General para rubro Ovinos de lana],Consultoría COC-2016-0429,Sistemas productivos intensivos,"Esta fotografía está asociada a la Consultoría COC-2016-0429 “Mejorando la competitividad de la cadena de valor ovina a través de la innovación en la intervención y transformación del proceso productivo artesanal de la lana, asociada a la elaboración de textilería con identidad territorial”.",Región de La Araucanía,Malleco,Región de La Araucanía,Región de La Araucanía,Ovinos de lana,Otros productos (elaborados),Textiles,Calidad || Extensión y difusión tecnológica || Gestión || Artesanía / producto artesanal || Manejo productivo
161,COC-2016-0429_70.JPG,Fotografías,Fotografía,Fundación para la Innovación Agraria (FIA),Victoria,2016,1 Fotografía.,imagen/jpg,3264 x 2448 píxeles,"3,10 MB",OVINOS || IDENTIDAD TERRITORIAL || PRODUCCIÓN ARTESANAL || LANA || TEXTIL || PRODUCTOS || COMPETITIVIDAD,Fotografías,Consultorías,iag,COC-2016-0429,Victoria,Convocatoria Nacional 2016 Consultorías para la innovación,Procesos Innovadores,Región de La Araucanía,General para rubro Ovinos de lana [General para rubro Ovinos de lana],Consultoría COC-2016-0429,Sistemas productivos intensivos,"Esta fotografía está asociada a la Consultoría COC-2016-0429 “Mejorando la competitividad de la cadena de valor ovina a través de la innovación en la intervención y transformación del proceso productivo artesanal de la lana, asociada a la elaboración de textilería con identidad territorial”.",Región de La Araucanía,Malleco,Región de La Araucanía,Región de La Araucanía,Ovinos de lana,Otros productos (elaborados),Textiles,Calidad || Extensión y difusión tecnológica || Gestión || Artesanía / producto artesanal || Manejo productivo
162,COC-2016-0429_71.JPG,Fotografías,Fotografía,Fundación para la Innovación Agraria (FIA),Victoria,2016,1 Fotografía.,imagen/jpg,3264 x 2448 píxeles,"2,87 MB",OVINOS || IDENTIDAD TERRITORIAL || PRODUCCIÓN ARTESANAL || LANA || TEXTIL || PRODUCTOS || COMPETITIVIDAD,Fotografías,Consultorías,iag,COC-2016-0429,Victoria,Convocatoria Nacional 2016 Consultorías para la innovación,Procesos Innovadores,Región de La Araucanía,General para rubro Ovinos de lana [General para rubro Ovinos de lana],Consultoría COC-2016-0429,Sistemas productivos intensivos,"Esta fotografía está asociada a la Consultoría COC-2016-0429 “Mejorando la competitividad de la cadena de valor ovina a través de la innovación en la intervención y transformación del proceso productivo artesanal de la lana, asociada a la elaboración de textilería con identidad territorial”.",Región de La Araucanía,Malleco,Región de La Araucanía,Región de La Araucanía,Ovinos de lana,Otros productos (elaborados),Textiles,Calidad || Extensión y difusión tecnológica || Gestión || Artesanía / producto artesanal || Manejo productivo
163,COC-2016-0429_72.JPG,Fotografías,Fotografía,Fundación para la Innovación Agraria (FIA),Victoria,2016,1 Fotografía.,imagen/jpg,3264 x 2448 píxeles,"3,06 MB",OVINOS || IDENTIDAD TERRITORIAL || PRODUCCIÓN ARTESANAL || LANA || TEXTIL || PRODUCTOS || COMPETITIVIDAD,Fotografías,Consultorías,iag,COC-2016-0429,Victoria,Convocatoria Nacional 2016 Consultorías para la innovación,Procesos Innovadores,Región de La Araucanía,General para rubro Ovinos de lana [General para rubro Ovinos de lana],Consultoría COC-2016-0429,Sistemas productivos intensivos,"Esta fotografía está asociada a la Consultoría COC-2016-0429 “Mejorando la competitividad de la cadena de valor ovina a través de la innovación en la intervención y transformación del proceso productivo artesanal de la lana, asociada a la elaboración de textilería con identidad territorial”.",Región de La Araucanía,Malleco,Región de La Araucanía,Región de La Araucanía,Ovinos de lana,Otros productos (elaborados),Textiles,Calidad || Extensión y difusión tecnológica || Gestión || Artesanía / producto artesanal || Manejo productivo
164,COC-2016-0429_73.JPG,Fotografías,Fotografía,Fundación para la Innovación Agraria (FIA),Victoria,2016,1 Fotografía.,imagen/jpg,3264 x 2448 píxeles,"3,09 MB",OVINOS || IDENTIDAD TERRITORIAL || PRODUCCIÓN ARTESANAL || LANA || TEXTIL || PRODUCTOS || COMPETITIVIDAD,Fotografías,Consultorías,iag,COC-2016-0429,Victoria,Convocatoria Nacional 2016 Consultorías para la innovación,Procesos Innovadores,Región de La Araucanía,General para rubro Ovinos de lana [General para rubro Ovinos de lana],Consultoría COC-2016-0429,Sistemas productivos intensivos,"Esta fotografía está asociada a la Consultoría COC-2016-0429 “Mejorando la competitividad de la cadena de valor ovina a través de la innovación en la intervención y transformación del proceso productivo artesanal de la lana, asociada a la elaboración de textilería con identidad territorial”.",Región de La Araucanía,Malleco,Región de La Araucanía,Región de La Araucanía,Ovinos de lana,Otros productos (elaborados),Textiles,Calidad || Extensión y difusión tecnológica || Gestión || Artesanía / producto artesanal || Manejo productivo
165,COC-2016-0429_74.JPG,Fotografías,Fotografía,Fundación para la Innovación Agraria (FIA),Victoria,2016,1 Fotografía.,imagen/jpg,3264 x 2448 píxeles,"2,25 MB",OVINOS || IDENTIDAD TERRITORIAL || PRODUCCIÓN ARTESANAL || LANA || TEXTIL || PRODUCTOS || COMPETITIVIDAD,Fotografías,Consultorías,iag,COC-2016-0429,Victoria,Convocatoria Nacional 2016 Consultorías para la innovación,Procesos Innovadores,Región de La Araucanía,General para rubro Ovinos de lana [General para rubro Ovinos de lana],Consultoría COC-2016-0429,Sistemas productivos intensivos,"Esta fotografía está asociada a la Consultoría COC-2016-0429 “Mejorando la competitividad de la cadena de valor ovina a través de la innovación en la intervención y transformación del proceso productivo artesanal de la lana, asociada a la elaboración de textilería con identidad territorial”.",Región de La Araucanía,Malleco,Región de La Araucanía,Región de La Araucanía,Ovinos de lana,Otros productos (elaborados),Textiles,Calidad || Extensión y difusión tecnológica || Gestión || Artesanía / producto artesanal || Manejo productivo
166,COC-2016-0429_75.JPG,Fotografías,Fotografía,Fundación para la Innovación Agraria (FIA),Victoria,2016,1 Fotografía.,imagen/jpg,3264 x 2448 píxeles,"1,85 MB",OVINOS || IDENTIDAD TERRITORIAL || PRODUCCIÓN ARTESANAL || LANA || TEXTIL || PRODUCTOS || COMPETITIVIDAD,Fotografías,Consultorías,iag,COC-2016-0429,Victoria,Convocatoria Nacional 2016 Consultorías para la innovación,Procesos Innovadores,Región de La Araucanía,General para rubro Ovinos de lana [General para rubro Ovinos de lana],Consultoría COC-2016-0429,Sistemas productivos intensivos,"Esta fotografía está asociada a la Consultoría COC-2016-0429 “Mejorando la competitividad de la cadena de valor ovina a través de la innovación en la intervención y transformación del proceso productivo artesanal de la lana, asociada a la elaboración de textilería con identidad territorial”.",Región de La Araucanía,Malleco,Región de La Araucanía,Región de La Araucanía,Ovinos de lana,Otros productos (elaborados),Textiles,Calidad || Extensión y difusión tecnológica || Gestión || Artesanía / producto artesanal || Manejo productivo
167,COC-2016-0429_76.JPG,Fotografías,Fotografía,Fundación para la Innovación Agraria (FIA),Victoria,2016,1 Fotografía.,imagen/jpg,3264 x 2448 píxeles,"1,87 MB",OVINOS || IDENTIDAD TERRITORIAL || PRODUCCIÓN ARTESANAL || LANA || TEXTIL || PRODUCTOS || COMPETITIVIDAD,Fotografías,Consultorías,iag,COC-2016-0429,Victoria,Convocatoria Nacional 2016 Consultorías para la innovación,Procesos Innovadores,Región de La Araucanía,General para rubro Ovinos de lana [General para rubro Ovinos de lana],Consultoría COC-2016-0429,Sistemas productivos intensivos,"Esta fotografía está asociada a la Consultoría COC-2016-0429 “Mejorando la competitividad de la cadena de valor ovina a través de la innovación en la intervención y transformación del proceso productivo artesanal de la lana, asociada a la elaboración de textilería con identidad territorial”.",Región de La Araucanía,Malleco,Región de La Araucanía,Región de La Araucanía,Ovinos de lana,Otros productos (elaborados),Textiles,Calidad || Extensión y difusión tecnológica || Gestión || Artesanía / producto artesanal || Manejo productivo
168,COC-2016-0429_77.JPG,Fotografías,Fotografía,Fundación para la Innovación Agraria (FIA),Victoria,2016,1 Fotografía.,imagen/jpg,3264 x 2448 píxeles,"1,91 MB",OVINOS || IDENTIDAD TERRITORIAL || PRODUCCIÓN ARTESANAL || LANA || TEXTIL || PRODUCTOS || COMPETITIVIDAD,Fotografías,Consultorías,iag,COC-2016-0429,Victoria,Convocatoria Nacional 2016 Consultorías para la innovación,Procesos Innovadores,Región de La Araucanía,General para rubro Ovinos de lana [General para rubro Ovinos de lana],Consultoría COC-2016-0429,Sistemas productivos intensivos,"Esta fotografía está asociada a la Consultoría COC-2016-0429 “Mejorando la competitividad de la cadena de valor ovina a través de la innovación en la intervención y transformación del proceso productivo artesanal de la lana, asociada a la elaboración de textilería con identidad territorial”.",Región de La Araucanía,Malleco,Región de La Araucanía,Región de La Araucanía,Ovinos de lana,Otros productos (elaborados),Textiles,Calidad || Extensión y difusión tecnológica || Gestión || Artesanía / producto artesanal || Manejo productivo
169,COC-2016-0429_78.JPG,Fotografías,Fotografía,Fundación para la Innovación Agraria (FIA),Victoria,2016,1 Fotografía.,imagen/jpg,3264 x 2448 píxeles,"2,28 MB",OVINOS || IDENTIDAD TERRITORIAL || PRODUCCIÓN ARTESANAL || LANA || TEXTIL || PRODUCTOS || COMPETITIVIDAD,Fotografías,Consultorías,iag,COC-2016-0429,Victoria,Convocatoria Nacional 2016 Consultorías para la innovación,Procesos Innovadores,Región de La Araucanía,General para rubro Ovinos de lana [General para rubro Ovinos de lana],Consultoría COC-2016-0429,Sistemas productivos intensivos,"Esta fotografía está asociada a la Consultoría COC-2016-0429 “Mejorando la competitividad de la cadena de valor ovina a través de la innovación en la intervención y transformación del proceso productivo artesanal de la lana, asociada a la elaboración de textilería con identidad territorial”.",Región de La Araucanía,Malleco,Región de La Araucanía,Región de La Araucanía,Ovinos de lana,Otros productos (elaborados),Textiles,Calidad || Extensión y difusión tecnológica || Gestión || Artesanía / producto artesanal || Manejo productivo
170,COC-2016-0429_79.JPG,Fotografías,Fotografía,Fundación para la Innovación Agraria (FIA),Victoria,2016,1 Fotografía.,imagen/jpg,3264 x 2448 píxeles,"2,77 MB",OVINOS || IDENTIDAD TERRITORIAL || PRODUCCIÓN ARTESANAL || LANA || TEXTIL || PRODUCTOS || COMPETITIVIDAD,Fotografías,Consultorías,iag,COC-2016-0429,Victoria,Convocatoria Nacional 2016 Consultorías para la innovación,Procesos Innovadores,Región de La Araucanía,General para rubro Ovinos de lana [General para rubro Ovinos de lana],Consultoría COC-2016-0429,Sistemas productivos intensivos,"Esta fotografía está asociada a la Consultoría COC-2016-0429 “Mejorando la competitividad de la cadena de valor ovina a través de la innovación en la intervención y transformación del proceso productivo artesanal de la lana, asociada a la elaboración de textilería con identidad territorial”.",Región de La Araucanía,Malleco,Región de La Araucanía,Región de La Araucanía,Ovinos de lana,Otros productos (elaborados),Textiles,Calidad || Extensión y difusión tecnológica || Gestión || Artesanía / producto artesanal || Manejo productivo
171,COC-2016-0429_80.JPG,Fotografías,Fotografía,Fundación para la Innovación Agraria (FIA),Victoria,2016,1 Fotografía.,imagen/jpg,3264 x 2448 píxeles,"1,83 MB",OVINOS || IDENTIDAD TERRITORIAL || PRODUCCIÓN ARTESANAL || LANA || TEXTIL || PRODUCTOS || COMPETITIVIDAD,Fotografías,Consultorías,iag,COC-2016-0429,Victoria,Convocatoria Nacional 2016 Consultorías para la innovación,Procesos Innovadores,Región de La Araucanía,General para rubro Ovinos de lana [General para rubro Ovinos de lana],Consultoría COC-2016-0429,Sistemas productivos intensivos,"Esta fotografía está asociada a la Consultoría COC-2016-0429 “Mejorando la competitividad de la cadena de valor ovina a través de la innovación en la intervención y transformación del proceso productivo artesanal de la lana, asociada a la elaboración de textilería con identidad territorial”.",Región de La Araucanía,Malleco,Región de La Araucanía,Región de La Araucanía,Ovinos de lana,Otros productos (elaborados),Textiles,Calidad || Extensión y difusión tecnológica || Gestión || Artesanía / producto artesanal || Manejo productivo
172,COC-2016-0429_81.JPG,Fotografías,Fotografía,Fundación para la Innovación Agraria (FIA),Victoria,2016,1 Fotografía.,imagen/jpg,3264 x 2448 píxeles,"1,84 MB",OVINOS || IDENTIDAD TERRITORIAL || PRODUCCIÓN ARTESANAL || LANA || TEXTIL || PRODUCTOS || COMPETITIVIDAD,Fotografías,Consultorías,iag,COC-2016-0429,Victoria,Convocatoria Nacional 2016 Consultorías para la innovación,Procesos Innovadores,Región de La Araucanía,General para rubro Ovinos de lana [General para rubro Ovinos de lana],Consultoría COC-2016-0429,Sistemas productivos intensivos,"Esta fotografía está asociada a la Consultoría COC-2016-0429 “Mejorando la competitividad de la cadena de valor ovina a través de la innovación en la intervención y transformación del proceso productivo artesanal de la lana, asociada a la elaboración de textilería con identidad territorial”.",Región de La Araucanía,Malleco,Región de La Araucanía,Región de La Araucanía,Ovinos de lana,Otros productos (elaborados),Textiles,Calidad || Extensión y difusión tecnológica || Gestión || Artesanía / producto artesanal || Manejo productivo
173,COC-2016-0429_82.JPG,Fotografías,Fotografía,Fundación para la Innovación Agraria (FIA),Victoria,2016,1 Fotografía.,imagen/jpg,3264 x 2448 píxeles,"2,01 MB",OVINOS || IDENTIDAD TERRITORIAL || PRODUCCIÓN ARTESANAL || LANA || TEXTIL || PRODUCTOS || COMPETITIVIDAD,Fotografías,Consultorías,iag,COC-2016-0429,Victoria,Convocatoria Nacional 2016 Consultorías para la innovación,Procesos Innovadores,Región de La Araucanía,General para rubro Ovinos de lana [General para rubro Ovinos de lana],Consultoría COC-2016-0429,Sistemas productivos intensivos,"Esta fotografía está asociada a la Consultoría COC-2016-0429 “Mejorando la competitividad de la cadena de valor ovina a través de la innovación en la intervención y transformación del proceso productivo artesanal de la lana, asociada a la elaboración de textilería con identidad territorial”.",Región de La Araucanía,Malleco,Región de La Araucanía,Región de La Araucanía,Ovinos de lana,Otros productos (elaborados),Textiles,Calidad || Extensión y difusión tecnológica || Gestión || Artesanía / producto artesanal || Manejo productivo
174,COC-2016-0429_83.JPG,Fotografías,Fotografía,Fundación para la Innovación Agraria (FIA),Victoria,2016,1 Fotografía.,imagen/jpg,3264 x 2448 píxeles,"1,95 MB",OVINOS || IDENTIDAD TERRITORIAL || PRODUCCIÓN ARTESANAL || LANA || TEXTIL || PRODUCTOS || COMPETITIVIDAD,Fotografías,Consultorías,iag,COC-2016-0429,Victoria,Convocatoria Nacional 2016 Consultorías para la innovación,Procesos Innovadores,Región de La Araucanía,General para rubro Ovinos de lana [General para rubro Ovinos de lana],Consultoría COC-2016-0429,Sistemas productivos intensivos,"Esta fotografía está asociada a la Consultoría COC-2016-0429 “Mejorando la competitividad de la cadena de valor ovina a través de la innovación en la intervención y transformación del proceso productivo artesanal de la lana, asociada a la elaboración de textilería con identidad territorial”.",Región de La Araucanía,Malleco,Región de La Araucanía,Región de La Araucanía,Ovinos de lana,Otros productos (elaborados),Textiles,Calidad || Extensión y difusión tecnológica || Gestión || Artesanía / producto artesanal || Manejo productivo
175,COC-2016-0429_84.JPG,Fotografías,Fotografía,Fundación para la Innovación Agraria (FIA),Victoria,2016,1 Fotografía.,imagen/jpg,3264 x 2448 píxeles,"1,18 MB",OVINOS || IDENTIDAD TERRITORIAL || PRODUCCIÓN ARTESANAL || LANA || TEXTIL || PRODUCTOS || COMPETITIVIDAD,Fotografías,Consultorías,iag,COC-2016-0429,Victoria,Convocatoria Nacional 2016 Consultorías para la innovación,Procesos Innovadores,Región de La Araucanía,General para rubro Ovinos de lana [General para rubro Ovinos de lana],Consultoría COC-2016-0429,Sistemas productivos intensivos,"Esta fotografía está asociada a la Consultoría COC-2016-0429 “Mejorando la competitividad de la cadena de valor ovina a través de la innovación en la intervención y transformación del proceso productivo artesanal de la lana, asociada a la elaboración de textilería con identidad territorial”.",Región de La Araucanía,Malleco,Región de La Araucanía,Región de La Araucanía,Ovinos de lana,Otros productos (elaborados),Textiles,Calidad || Extensión y difusión tecnológica || Gestión || Artesanía / producto artesanal || Manejo productivo
176,COC-2016-0429_85.JPG,Fotografías,Fotografía,Fundación para la Innovación Agraria (FIA),Victoria,2016,1 Fotografía.,imagen/jpg,3264 x 2448 píxeles,"1,14 MB",OVINOS || IDENTIDAD TERRITORIAL || PRODUCCIÓN ARTESANAL || LANA || TEXTIL || PRODUCTOS || COMPETITIVIDAD,Fotografías,Consultorías,iag,COC-2016-0429,Victoria,Convocatoria Nacional 2016 Consultorías para la innovación,Procesos Innovadores,Región de La Araucanía,General para rubro Ovinos de lana [General para rubro Ovinos de lana],Consultoría COC-2016-0429,Sistemas productivos intensivos,"Esta fotografía está asociada a la Consultoría COC-2016-0429 “Mejorando la competitividad de la cadena de valor ovina a través de la innovación en la intervención y transformación del proceso productivo artesanal de la lana, asociada a la elaboración de textilería con identidad territorial”.",Región de La Araucanía,Malleco,Región de La Araucanía,Región de La Araucanía,Ovinos de lana,Otros productos (elaborados),Textiles,Calidad || Extensión y difusión tecnológica || Gestión || Artesanía / producto artesanal || Manejo productivo
177,COC-2016-0429_86.JPG,Fotografías,Fotografía,Fundación para la Innovación Agraria (FIA),Victoria,2016,1 Fotografía.,imagen/jpg,3264 x 2448 píxeles,"1,27 MB",OVINOS || IDENTIDAD TERRITORIAL || PRODUCCIÓN ARTESANAL || LANA || TEXTIL || PRODUCTOS || COMPETITIVIDAD,Fotografías,Consultorías,iag,COC-2016-0429,Victoria,Convocatoria Nacional 2016 Consultorías para la innovación,Procesos Innovadores,Región de La Araucanía,General para rubro Ovinos de lana [General para rubro Ovinos de lana],Consultoría COC-2016-0429,Sistemas productivos intensivos,"Esta fotografía está asociada a la Consultoría COC-2016-0429 “Mejorando la competitividad de la cadena de valor ovina a través de la innovación en la intervención y transformación del proceso productivo artesanal de la lana, asociada a la elaboración de textilería con identidad territorial”.",Región de La Araucanía,Malleco,Región de La Araucanía,Región de La Araucanía,Ovinos de lana,Otros productos (elaborados),Textiles,Calidad || Extensión y difusión tecnológica || Gestión || Artesanía / producto artesanal || Manejo productivo
178,COC-2016-0429_87.JPG,Fotografías,Fotografía,Fundación para la Innovación Agraria (FIA),Victoria,2016,1 Fotografía.,imagen/jpg,3264 x 2448 píxeles,"1,72 MB",OVINOS || IDENTIDAD TERRITORIAL || PRODUCCIÓN ARTESANAL || LANA || TEXTIL || PRODUCTOS || COMPETITIVIDAD,Fotografías,Consultorías,iag,COC-2016-0429,Victoria,Convocatoria Nacional 2016 Consultorías para la innovación,Procesos Innovadores,Región de La Araucanía,General para rubro Ovinos de lana [General para rubro Ovinos de lana],Consultoría COC-2016-0429,Sistemas productivos intensivos,"Esta fotografía está asociada a la Consultoría COC-2016-0429 “Mejorando la competitividad de la cadena de valor ovina a través de la innovación en la intervención y transformación del proceso productivo artesanal de la lana, asociada a la elaboración de textilería con identidad territorial”.",Región de La Araucanía,Malleco,Región de La Araucanía,Región de La Araucanía,Ovinos de lana,Otros productos (elaborados),Textiles,Calidad || Extensión y difusión tecnológica || Gestión || Artesanía / producto artesanal || Manejo productivo
179,COC-2016-0429_88.JPG,Fotografías,Fotografía,Fundación para la Innovación Agraria (FIA),Victoria,2016,1 Fotografía.,imagen/jpg,3264 x 2448 píxeles,"1,68 MB",OVINOS || IDENTIDAD TERRITORIAL || PRODUCCIÓN ARTESANAL || LANA || TEXTIL || PRODUCTOS || COMPETITIVIDAD,Fotografías,Consultorías,iag,COC-2016-0429,Victoria,Convocatoria Nacional 2016 Consultorías para la innovación,Procesos Innovadores,Región de La Araucanía,General para rubro Ovinos de lana [General para rubro Ovinos de lana],Consultoría COC-2016-0429,Sistemas productivos intensivos,"Esta fotografía está asociada a la Consultoría COC-2016-0429 “Mejorando la competitividad de la cadena de valor ovina a través de la innovación en la intervención y transformación del proceso productivo artesanal de la lana, asociada a la elaboración de textilería con identidad territorial”.",Región de La Araucanía,Malleco,Región de La Araucanía,Región de La Araucanía,Ovinos de lana,Otros productos (elaborados),Textiles,Calidad || Extensión y difusión tecnológica || Gestión || Artesanía / producto artesanal || Manejo productivo
180,COC-2016-0429_89.JPG,Fotografías,Fotografía,Fundación para la Innovación Agraria (FIA),Victoria,2016,1 Fotografía.,imagen/jpg,3264 x 2448 píxeles,"1,79 MB",OVINOS || IDENTIDAD TERRITORIAL || PRODUCCIÓN ARTESANAL || LANA || TEXTIL || PRODUCTOS || COMPETITIVIDAD,Fotografías,Consultorías,iag,COC-2016-0429,Victoria,Convocatoria Nacional 2016 Consultorías para la innovación,Procesos Innovadores,Región de La Araucanía,General para rubro Ovinos de lana [General para rubro Ovinos de lana],Consultoría COC-2016-0429,Sistemas productivos intensivos,"Esta fotografía está asociada a la Consultoría COC-2016-0429 “Mejorando la competitividad de la cadena de valor ovina a través de la innovación en la intervención y transformación del proceso productivo artesanal de la lana, asociada a la elaboración de textilería con identidad territorial”.",Región de La Araucanía,Malleco,Región de La Araucanía,Región de La Araucanía,Ovinos de lana,Otros productos (elaborados),Textiles,Calidad || Extensión y difusión tecnológica || Gestión || Artesanía / producto artesanal || Manejo productivo
181,COC-2016-0429_90.JPG,Fotografías,Fotografía,Fundación para la Innovación Agraria (FIA),Victoria,2016,1 Fotografía.,imagen/jpg,3264 x 2448 píxeles,"1,11 MB",OVINOS || IDENTIDAD TERRITORIAL || PRODUCCIÓN ARTESANAL || LANA || TEXTIL || PRODUCTOS || COMPETITIVIDAD,Fotografías,Consultorías,iag,COC-2016-0429,Victoria,Convocatoria Nacional 2016 Consultorías para la innovación,Procesos Innovadores,Región de La Araucanía,General para rubro Ovinos de lana [General para rubro Ovinos de lana],Consultoría COC-2016-0429,Sistemas productivos intensivos,"Esta fotografía está asociada a la Consultoría COC-2016-0429 “Mejorando la competitividad de la cadena de valor ovina a través de la innovación en la intervención y transformación del proceso productivo artesanal de la lana, asociada a la elaboración de textilería con identidad territorial”.",Región de La Araucanía,Malleco,Región de La Araucanía,Región de La Araucanía,Ovinos de lana,Otros productos (elaborados),Textiles,Calidad || Extensión y difusión tecnológica || Gestión || Artesanía / producto artesanal || Manejo productivo
182,COC-2016-0429_91.JPG,Fotografías,Fotografía,Fundación para la Innovación Agraria (FIA),Victoria,2016,1 Fotografía.,imagen/jpg,3264 x 2448 píxeles,"1,28 MB",OVINOS || IDENTIDAD TERRITORIAL || PRODUCCIÓN ARTESANAL || LANA || TEXTIL || PRODUCTOS || COMPETITIVIDAD,Fotografías,Consultorías,iag,COC-2016-0429,Victoria,Convocatoria Nacional 2016 Consultorías para la innovación,Procesos Innovadores,Región de La Araucanía,General para rubro Ovinos de lana [General para rubro Ovinos de lana],Consultoría COC-2016-0429,Sistemas productivos intensivos,"Esta fotografía está asociada a la Consultoría COC-2016-0429 “Mejorando la competitividad de la cadena de valor ovina a través de la innovación en la intervención y transformación del proceso productivo artesanal de la lana, asociada a la elaboración de textilería con identidad territorial”.",Región de La Araucanía,Malleco,Región de La Araucanía,Región de La Araucanía,Ovinos de lana,Otros productos (elaborados),Textiles,Calidad || Extensión y difusión tecnológica || Gestión || Artesanía / producto artesanal || Manejo productivo
183,COC-2016-0429_92.JPG,Fotografías,Fotografía,Fundación para la Innovación Agraria (FIA),Victoria,2016,1 Fotografía.,imagen/jpg,3264 x 2448 píxeles,"1,92 MB",OVINOS || IDENTIDAD TERRITORIAL || PRODUCCIÓN ARTESANAL || LANA || TEXTIL || PRODUCTOS || COMPETITIVIDAD,Fotografías,Consultorías,iag,COC-2016-0429,Victoria,Convocatoria Nacional 2016 Consultorías para la innovación,Procesos Innovadores,Región de La Araucanía,General para rubro Ovinos de lana [General para rubro Ovinos de lana],Consultoría COC-2016-0429,Sistemas productivos intensivos,"Esta fotografía está asociada a la Consultoría COC-2016-0429 “Mejorando la competitividad de la cadena de valor ovina a través de la innovación en la intervención y transformación del proceso productivo artesanal de la lana, asociada a la elaboración de textilería con identidad territorial”.",Región de La Araucanía,Malleco,Región de La Araucanía,Región de La Araucanía,Ovinos de lana,Otros productos (elaborados),Textiles,Calidad || Extensión y difusión tecnológica || Gestión || Artesanía / producto artesanal || Manejo productivo
184,COC-2016-0429_93.JPG,Fotografías,Fotografía,Fundación para la Innovación Agraria (FIA),Victoria,2016,1 Fotografía.,imagen/jpg,3264 x 2448 píxeles,"1,13 MB",OVINOS || IDENTIDAD TERRITORIAL || PRODUCCIÓN ARTESANAL || LANA || TEXTIL || PRODUCTOS || COMPETITIVIDAD,Fotografías,Consultorías,iag,COC-2016-0429,Victoria,Convocatoria Nacional 2016 Consultorías para la innovación,Procesos Innovadores,Región de La Araucanía,General para rubro Ovinos de lana [General para rubro Ovinos de lana],Consultoría COC-2016-0429,Sistemas productivos intensivos,"Esta fotografía está asociada a la Consultoría COC-2016-0429 “Mejorando la competitividad de la cadena de valor ovina a través de la innovación en la intervención y transformación del proceso productivo artesanal de la lana, asociada a la elaboración de textilería con identidad territorial”.",Región de La Araucanía,Malleco,Región de La Araucanía,Región de La Araucanía,Ovinos de lana,Otros productos (elaborados),Textiles,Calidad || Extensión y difusión tecnológica || Gestión || Artesanía / producto artesanal || Manejo productivo
185,COC-2016-0429_94.JPG,Fotografías,Fotografía,Fundación para la Innovación Agraria (FIA),Victoria,2016,1 Fotografía.,imagen/jpg,3264 x 2448 píxeles,"2,21 MB",OVINOS || IDENTIDAD TERRITORIAL || PRODUCCIÓN ARTESANAL || LANA || TEXTIL || PRODUCTOS || COMPETITIVIDAD,Fotografías,Consultorías,iag,COC-2016-0429,Victoria,Convocatoria Nacional 2016 Consultorías para la innovación,Procesos Innovadores,Región de La Araucanía,General para rubro Ovinos de lana [General para rubro Ovinos de lana],Consultoría COC-2016-0429,Sistemas productivos intensivos,"Esta fotografía está asociada a la Consultoría COC-2016-0429 “Mejorando la competitividad de la cadena de valor ovina a través de la innovación en la intervención y transformación del proceso productivo artesanal de la lana, asociada a la elaboración de textilería con identidad territorial”.",Región de La Araucanía,Malleco,Región de La Araucanía,Región de La Araucanía,Ovinos de lana,Otros productos (elaborados),Textiles,Calidad || Extensión y difusión tecnológica || Gestión || Artesanía / producto artesanal || Manejo productivo
186,COC-2016-0429_95.JPG,Fotografías,Fotografía,Fundación para la Innovación Agraria (FIA),Victoria,2016,1 Fotografía.,imagen/jpg,3264 x 2448 píxeles,"1,17 MB",OVINOS || IDENTIDAD TERRITORIAL || PRODUCCIÓN ARTESANAL || LANA || TEXTIL || PRODUCTOS || COMPETITIVIDAD,Fotografías,Consultorías,iag,COC-2016-0429,Victoria,Convocatoria Nacional 2016 Consultorías para la innovación,Procesos Innovadores,Región de La Araucanía,General para rubro Ovinos de lana [General para rubro Ovinos de lana],Consultoría COC-2016-0429,Sistemas productivos intensivos,"Esta fotografía está asociada a la Consultoría COC-2016-0429 “Mejorando la competitividad de la cadena de valor ovina a través de la innovación en la intervención y transformación del proceso productivo artesanal de la lana, asociada a la elaboración de textilería con identidad territorial”.",Región de La Araucanía,Malleco,Región de La Araucanía,Región de La Araucanía,Ovinos de lana,Otros productos (elaborados),Textiles,Calidad || Extensión y difusión tecnológica || Gestión || Artesanía / producto artesanal || Manejo productivo
187,COC-2016-0429_96.JPG,Fotografías,Fotografía,Fundación para la Innovación Agraria (FIA),Victoria,2016,1 Fotografía.,imagen/jpg,3264 x 2448 píxeles,"2,23 MB",OVINOS || IDENTIDAD TERRITORIAL || PRODUCCIÓN ARTESANAL || LANA || TEXTIL || PRODUCTOS || COMPETITIVIDAD,Fotografías,Consultorías,iag,COC-2016-0429,Victoria,Convocatoria Nacional 2016 Consultorías para la innovación,Procesos Innovadores,Región de La Araucanía,General para rubro Ovinos de lana [General para rubro Ovinos de lana],Consultoría COC-2016-0429,Sistemas productivos intensivos,"Esta fotografía está asociada a la Consultoría COC-2016-0429 “Mejorando la competitividad de la cadena de valor ovina a través de la innovación en la intervención y transformación del proceso productivo artesanal de la lana, asociada a la elaboración de textilería con identidad territorial”.",Región de La Araucanía,Malleco,Región de La Araucanía,Región de La Araucanía,Ovinos de lana,Otros productos (elaborados),Textiles,Calidad || Extensión y difusión tecnológica || Gestión || Artesanía / producto artesanal || Manejo productivo
188,COC-2016-0429_97.JPG,Fotografías,Fotografía,Fundación para la Innovación Agraria (FIA),Victoria,2016,1 Fotografía.,imagen/jpg,3264 x 2448 píxeles,"1,79 MB",OVINOS || IDENTIDAD TERRITORIAL || PRODUCCIÓN ARTESANAL || LANA || TEXTIL || PRODUCTOS || COMPETITIVIDAD,Fotografías,Consultorías,iag,COC-2016-0429,Victoria,Convocatoria Nacional 2016 Consultorías para la innovación,Procesos Innovadores,Región de La Araucanía,General para rubro Ovinos de lana [General para rubro Ovinos de lana],Consultoría COC-2016-0429,Sistemas productivos intensivos,"Esta fotografía está asociada a la Consultoría COC-2016-0429 “Mejorando la competitividad de la cadena de valor ovina a través de la innovación en la intervención y transformación del proceso productivo artesanal de la lana, asociada a la elaboración de textilería con identidad territorial”.",Región de La Araucanía,Malleco,Región de La Araucanía,Región de La Araucanía,Ovinos de lana,Otros productos (elaborados),Textiles,Calidad || Extensión y difusión tecnológica || Gestión || Artesanía / producto artesanal || Manejo productivo
189,COC-2016-0429_98.JPG,Fotografías,Fotografía,Fundación para la Innovación Agraria (FIA),Victoria,2016,1 Fotografía.,imagen/jpg,3264 x 2448 píxeles,"1,79 MB",OVINOS || IDENTIDAD TERRITORIAL || PRODUCCIÓN ARTESANAL || LANA || TEXTIL || PRODUCTOS || COMPETITIVIDAD,Fotografías,Consultorías,iag,COC-2016-0429,Victoria,Convocatoria Nacional 2016 Consultorías para la innovación,Procesos Innovadores,Región de La Araucanía,General para rubro Ovinos de lana [General para rubro Ovinos de lana],Consultoría COC-2016-0429,Sistemas productivos intensivos,"Esta fotografía está asociada a la Consultoría COC-2016-0429 “Mejorando la competitividad de la cadena de valor ovina a través de la innovación en la intervención y transformación del proceso productivo artesanal de la lana, asociada a la elaboración de textilería con identidad territorial”.",Región de La Araucanía,Malleco,Región de La Araucanía,Región de La Araucanía,Ovinos de lana,Otros productos (elaborados),Textiles,Calidad || Extensión y difusión tecnológica || Gestión || Artesanía / producto artesanal || Manejo productivo
190,COC-2016-0429_99.JPG,Fotografías,Fotografía,Fundación para la Innovación Agraria (FIA),Victoria,2016,1 Fotografía.,imagen/jpg,3264 x 2448 píxeles,"1,93 MB",OVINOS || IDENTIDAD TERRITORIAL || PRODUCCIÓN ARTESANAL || LANA || TEXTIL || PRODUCTOS || COMPETITIVIDAD,Fotografías,Consultorías,iag,COC-2016-0429,Victoria,Convocatoria Nacional 2016 Consultorías para la innovación,Procesos Innovadores,Región de La Araucanía,General para rubro Ovinos de lana [General para rubro Ovinos de lana],Consultoría COC-2016-0429,Sistemas productivos intensivos,"Esta fotografía está asociada a la Consultoría COC-2016-0429 “Mejorando la competitividad de la cadena de valor ovina a través de la innovación en la intervención y transformación del proceso productivo artesanal de la lana, asociada a la elaboración de textilería con identidad territorial”.",Región de La Araucanía,Malleco,Región de La Araucanía,Región de La Araucanía,Ovinos de lana,Otros productos (elaborados),Textiles,Calidad || Extensión y difusión tecnológica || Gestión || Artesanía / producto artesanal || Manejo productivo
